CustomLabel,Title,CurrentPrice,NewPrice
CDP-388FFD0,2025 Bowman - Bowman SCOUTS Top 100 Marcelo Mayer #BTP-4 (RC) Rookie,1.49,
CDP-B676C2C,2025 Bowman Chrome RECE HINDS #RR-8 (RC) Rockstar Rookies,2.49,
CDP-E37E4FD,2025 Bowman 1st Chrome JHONAYKER UGARTE #BCP-123 (RC) Royals Rookie,2.99,
CDP-067FF8D,2025 Bowman Chrome KUMAR ROCKER ROY-5 TEXAS RANGERS,2.49,
CDP-E74F701,2025 Topps Heritage Baseball #92 Bobby Witt Jr. 👑Kansas City Royals👑,1.99,
CDP-4895D6C,2025 Bowman CONNOR NORBY #46 (RC) Marlins Rookie,2.49,
CDP-B954CB1,2025 Topps Series 1 RONALD ACUÑA JR. #TG-16 Training Grounds Braves,1.49,
CDP-4C8AF73,2025 Topps 2024's GREATEST HITS #GH-27 Wyatt Langford Texas Rangers,1.99,
CDP-2EE740C,2025 Topps Series 1 MOOKIE BETTS 1990 Topps Baseball #T90-60 Dodgers,2.49,
CDP-E406302,2025 Bowman LUISANGEL ACUNA #83 (RC) Mets Rookie,2.99,
CDP-BCA0188,2025 Topps Heritage GAVIN SHEETS #464 SP High Number White Sox,2.99,
CDP-5A832E6,2025 Topps Heritage SHOTA IMANAGA #399 Cubs Trophy Topps All Star Rookie RC,2.49,
CDP-873C3B7,2025 Topps Hobby RIP NIGHT DYLAN CREWS #7 (RC) Nationals Rookie,2.99,
BB-1088,2025 Bowman DYLAN CREWS #42 (RC) Nationals Rookie,2.99,
CDP-0C468E9,2025 Bowman Chrome 1st JESUS LOPEZ #BCP-88 (RC) Texas Rangers Rookie,2.49,
CDP-0DF639F,2025 Bowman - ROKI SASAKI #12 (RC) Dodgers Rookie,2.49,
CDP-FA1C711,TREY BENSON 2024 Topps Chrome Youthquake Insert Rookie Card #Y23 Cardinals RC,2.99,
CDP-6EFF6D8,2025 Topps Heritage KRIS BRYANT #20 Chrome Rockies,2.99,
CDP-45443B4,2025 Topps Heritage Chrome Blue SPARKLE Refractor #450 Zac Gallen Diamondbacks,2.25,
CDP-E58437A,2024 Topps Update Series JACKSON HOLLIDAY Rookie Debut #US97 (RC),2.99,
CDP-16A2272,2025 Topps Series 1 - Stars of Mlb FERNANDO TATÍS JR. #SMLB-4,1.5,
CDP-B7ADC61,2025 Bowman - Chrome Prospects SEBASTIAN WALCOTT #BCP-133 (RC) Rookie,3.49,
CDP-E1FACCB,2025 Topps Hobby RIP NIGHT - Elly De La Cruz #11 Red,1.95,
CDP-83CFBA3,2025 Topps Series 1 ELLY DE LA CRUZ #SMLB-13 Stars Of MLB,2.49,
CDP-9239DEE,2024 Bowman - Prospects MAX CLARK #BD-104 (RC) Tigers Rookie,1.49,
CDP-976C2EF,2025 Topps Hobby RIP NIGHT - Jackson Holliday #6 Orioles,1.49,
CDP-9B6E407,2025 Topps Series 1 - BOBBY WITT JR. #GH-6 Royals Greatest Hits 2024,2.49,
CDP-48F38D8,2025 Topps Series 1 RICKEY HENDERSON #T90-46 A’s,2.49,
CDP-B828793,2025 Bowman LUISANGEL ACUNA METS GREATNESS LOADING #GL-11,2.99,
CDP-B171402,2025 Bowman Chrome 1st Reptilian Refractor ESTEBAN GONZALEZ #BCP-70 Guardians,3.49,
CDP-F8D7E89,2022 Topps Chrome FORMULA 1 - F1 Racers Lewis Hamilton #6 Checker Flag Refractor,4.99,
CDP-82761AF,2024 Bowman University Chrome - ERIC SINGLETON JR. #71 Fuchsia Georgia Tech,3.99,
CDP-F8B5729,2025 Topps Heritage - JOEY CANTILLO #104 Chrome Blue Sparkle (RC) Rookie,1.99,
BS-1003,2025 Bowman - Chrome Prospects JHONAYKER UGARTE #BCP-123 (RC) Royals Rookie,2.49,
BS-1004,2025 Bowman JAMES WOOD #29 (RC) Nationals Rookie,2.49,
BS-1005,2025 Bowman - Chrome Prospects COLE FONTENELLE #BCP-32 Reptilian Ref (RC) Rookie,2.49,
BS-1007,2025 Topps Series 1 - TARIK SKUBAL #71 Tigers,2.49,
BS-1009,2025 Bowman - GREATNESS LOADING KYLE TEEL #GL-15 (RC) White Sox Rookie,2.49,
CDP-E98C3F2,2025 Bowman - Chrome Prospects GEORGE KLASSEN #BCP-63 (RC) Rookie,2.49,
FB-1375,2024 Bowman University Chrome - JUSTUS ROSS-SIMMONS #109 Purple Mini-Diamond RC,4.99,
CDP-24FB8FE,2024 Bowman University Chrome - WILL PAULING #184 Pink Lava Ref (RC) Rookie,4.99,
CDP-677AB48,2025 Bowman - Chrome 1st COBB HIGHTOWER #BCP-104 (RC) Padres Rookie,4.49,
CDP-FC4A3E6,2024 Bowman Chrome U Football - CADE KLUBNIK Card 35 Clemson Basketball,2.99,
CDP-B5386C3,2025 Topps JACOB WILSON Rookie RC Card #314 Oakland Athletics A’s,3.99,
FB-1018-AB22BF6,2024 Topps SIGNATURE Class Malachi Corley Purple Auto RC /100 Jets Rookie,7.09,
FS-1025,2024 Topps Heritage JORDAN LAWLAR RC White Border Rookie #429 Diamondbacks,4.99,
FS-1021,2024 Bowman Draft Baseball CHRISTIAN MOORE 1st Prospect Chrome Refractor #BDC-13,10.0,
FS-1017,2021 Bowman Chrome Sapphire MICHAEL HARRIS II RC Refractor SP Braves Rookie,20.49,
FS-1016,2021 Bowman Draft Chrome SPENCER SCHWELLENBACH #BDC-44 1st Refractor Braves,7.5,
CDP-3718185,2021 Bowman - MIKE TROUT #17 Angels,3.49,
CDP-A174A6D,2019 Topps HOLIDAY #HW126 Fernando Tatis Jr. BASEBALL San Diego Padres,4.0,
CDP-7D12C5A,2014 Donruss DEREK JETER #318- New York Yankees,3.99,
CDP-2F6A0E0,DEREK JETER 2002 Donruss Fan Club New York Yankees #5,3.99,
CDP-91826DC,2024 Bowman Chrome U #125 • Malaki Starks • True Aqua Refractor /299 Georgia,3.49,
CDP-060AD55,2025 Bowman - Bowman SCOUTS Top 100 Chrome Christian Moore #BTP-46,1.49,
FB-1149,2024 Bowman Chrome University U 1st #91 James Pearce Jr. Tennessee Vols,1.99,
FB-1121,2024 Topps Chrome - ROOKIES JALEN MCMILLAN #242 (RC),2.99,
BB-1107,2024 Bowman Draft - LEO DE VRIES #BD-116 (RC) Padres Rookie,2.99,
FB-1111,2024 Topps Chrome - FUTURE Stars Ladd McConkey #FS-13 (RC) Rookie,1.25,
CDP-1B9CA9E,2024 Topps Finest - Debut MICHAEL PRATT #D-17 (RC) Tampa Bay Bucs Rookie,2.99,
CDP-706AA40,2024 Topps Finest - DYNAMOS BRENDEN RICE #DYN-18 Blue Refractor /150 (RC) Rookie,2.99,
BB-1095,2025 Bowman - Chrome Prospects YOPHERY RODRIGUEZ #BCP-36 (RC) Rookie,2.49,
BB-1094,2025 Bowman - SPENCER SCHWELLENBACH #78 (RC) Braves Base Rookie,2.49,
CDP-EDBDADE,2023 Bowman - Chrome Prospects JACKSON CHOURIO #BCP-76 (RC) Rookie,3.49,
CDP-E45E684,2025 Topps Series 2 - 1990 Topps Baseball PAUL GOLDSCHMIDT #90B2-46 Yankees,2.49,
CDP-D8DFFAE,VLADIMIR GUERRERO JR. OPS LEADERS 2025 Topps Series 2 #OPS-6 Toronto Blue Jays,2.49,
CDP-F714EBD,2025 Topps Series 2 SUMMER SUPERSTARS TREA TURNER #SS-32 Phillies,3.49,
BB-1057,JARED JONES 2025 Topps Series 2 Topps -#541 Future Stars Pirates,2.49,
BB-1060,2025 Topps SUMMER SUPERSTARS #SS21 Freddie Freeman Los Angeles Dodgers,1.99,
BB-1059,2025 Topps Series 2 J.T REALMUTO 1990 Topps Insert #90B2-15 Phillies,2.99,
BB-1091,2024 Bowman Draft Chrome MAX CLARK DETROIT TIGERS #BDC-104,2.99,
BB-1058,2025 Topps Series 2 DYNAMIC DUOS #DD-4 Aaron Judge/Anthony Volpe (Yankees),3.49,
CDP-9436E07,2024 Bowman U Chrome BRADY COOK SP Image Variations #SP-6 Missouri Tigers,6.09,
FB-1151,2024 Bowman University Chrome - #80 Jackson Arnold Pink Lava Oklahoma Sooners,1.99,
CDP-8D29EA3,2025 Topps Series 2 1990 Topps ALL Stars Chrome Silver Pack Trea Turner 90ASC-9,2.99,
BB-1049,2025 Topps Series 2 #SS-32 Trea Turner Summer Superstars,1.99,
BB-1051,2025 Topps Series 2 #524 Luisangel Acuna Mets,1.99,
BB-1050,2025 Topps Series 2 #367 Wilyer Abreu,1.99,
BB-1054,2025 Topps Series 2 #490 Jackson Jobe,1.99,
BB-1053,2025 Topps Series 2 #447 Griffin Conine Purple,3.59,
BB-1046,2025 Topps Series 2 Rainbow Foil BREWERS WILLIAM CONTRERAS #433,2.99,
SR-1052,MATTY WARHURST 2024-25 Topps Finest UEFA Club Competitions Auto RC #BA-MW /199,19.39,
SR-1054,2024/25 Topps Finest UEFA CC Xavi Simons purple Prism Refractor /299 RB Leipzig,6.49,
SR-1047,2024-25 Topps Finest UEFA COLE CAMPBELL blue Raywave Ref RC /150 Dortmund Rookie,7.59,
BB-1098,2025 Bowman JACKSON CHOURIO #11 Brewers,2.99,
BB-1109,2024 Topps Update #SMLB-67 Colton Cowser Stars of MLB Orioles,1.99,
BB-1097,2025 Bowman #BP-38 Luis Pena Prospects,1.99,
BB-1099,2024 Bowman Draft #BD-1 Travis Bazzana guardians,1.99,
BB-1100,2025 Topps Series 1 #220 Jackson Holliday Orioles,1.99,
CDP-CBECC3B,2024Topps Finest #96 Jalen McMillan Bucs,1.99,
BB-1086,2025 Topps Series 1 #7 Alec Bohm Gold/2025 Phillies,3.89,
BB-1104,2025 ELLY DE LA CRUZ - Topps Series One #150 - Future Stars Reds,2.99,
BB-1103,2025 Topps Baseball Series 1 WILLIE MAYS 1990 35th Anniversary #T90-96,2.99,
BB-1077,2025 Topps Series 1 #4 Christian Encarnacion-Strand Rainbow Foil Reds,1.49,
BB-1078,2024 Bowman Draft #BDN-4 Hagen Smith Bowman Draft Night White Sox,1.69,
BB-1071,2025 Topps #TG-4 Fernando Tatis Jr. Training Grounds Padres,1.49,
BB-1082,2025 Bowman #ROY-12 Trey Sweeney Rookie of the Year Favorites Tigers RC,1.49,
CDP-44A3302,2023 Bowman 1st Edition #BCP-25 Druw Jones Diamondbacks,2.49,
BB-1074,2025 Topps Series 1 SHOHEI OHTANI #1 Base Dodgers MVP,2.99,
BB-1072,2024 Bowman Draft #BDC-157 Tytus Cissell Chrome Blue Refractor Diamondback,3.75,
CDP-8E2E469,2024 Topps Update #US185 Jhonny Pereda / Emmanuel Ramirez RCOM Gold Rainbow Foil,1.49,
BB-1115,2022 Topps Chrome - CORBIN BURNES #167 Aqua Refractor /199,4.99,
BB-1116,2024 Topps Chrome RAY Wave RC Rookie #142 Heston Kjerstad Orioles,3.5,
FB-1226,2024 Bowman University Chrome JOSH HOOVER #108 TCU Horned Frogs,2.99,
FB-1222,2024 Bowman University Chrome TEZ JOHNSON #171 Oregon Ducks,2.99,
SR-1068,2024-25 Topps Finest Uefa Club Competitions - JOAO SIMOES #83 Ref (RC) Rookie,2.99,
SR-1057,2024-25 Topps Finest Uefa Club Competitions - ALVARO CARRERAS #85 (RC) Rookie,3.49,
SR-1056,2024/25 TOPPS FINEST UEFA UCC BASE ARCHIE GRAY RC TOTTENHAM #102 Rookie,3.49,
SR-1062,2024-25 Topps Finest Uefa Club Competitions - NICOLO SAVONA #129 (RC) Rookie,2.99,
SR-1059,2024-25 Topps Finest Uefa Club Competitions - MIKA BIERETH #113 (RC) Rookie,2.99,
SR-1060,2024-25 Topps Finest YORAM ZAGUE RC base Refractor #12 Rookie,3.99,
SR-1070,2024-25 Topps Finest Uefa Club Competitions - OMARI KELLYMAN #142 (RC) Rookie,2.99,
SR-1064,GEORGE ILENIKHENA 2024-25 Topps Finest UEFA Club Competitions RC Rookie,3.49,
SR-1072,2024-25 Topps Finest Uefa Club Competitions - BENJAMÍN DOMÍNGUEZ #84 (RC) Rookie,1.99,
SR-1063,2024-25 Topps Finest Uefa Club Competitions - VINICIUS TOBIAS #72 (RC) Rookie,3.49,
SR-1061,2024-2025 Topps Finest UEFA ENDRICK Prized Footballer RC Real Madrid #PF-16,8.95,
FB-1366,2024 Bowman University Chrome NATE JOHNSON #135 Vanderbilt Commodores,3.49,
CDP-72F8B18,2024 Bowman University Chrome SETH HENIGAN #162 Memphis Tigers,3.49,
FB-1367,2024 Bowman University Chrome LAWRENCE ARNOLD #120 Kansas Jayhawks Basketball,3.49,
FB-1361,2024 Bowman University Chrome KAIDON SALTER #111 Liberty Flames,3.49,
FB-1371,2024 Bowman University Chrome ABU SAMA III #7 Iowa State Cyclones,3.49,
FB-1364,2024 Bowman University Chrome WILL ROGERS #185 Washington Huskies,3.49,
FB-1369,2024 Bowman University Chrome DORIAN SINGER #68 Utah Utes,3.49,
CDP-34D6143,2024 Bowman University Chrome BRAYDEN SCHAGER #25 Hawaii Rainbow Warriors,3.49,
CDP-2117E8C,2024 Bowman University Chrome JORDAN HALL #104 Michigan State Spartans X-Fractor,4.49,
FB-1363,2024 Bowman University Chrome CADE KLUBNIK #CI-18 Clemson Tigers Basketball,3.49,
FB-1365,2024 Bowman University Chrome AUSTIN MACK #87 Alabama Crimson Tide,3.49,
fb-1360,2024 Bowman University Chrome FRANCISCO MAUIGOA #30 Miami Hurricanes,3.49,
CDP-94CB3D9,2024 Bowman University Chrome CARSON BECK #2 Georgia Bulldogs,3.49,
CDP-8154BE6,2024 Topps Chrome CADE STOVER #236 Houston Texans Basketball,3.49,
CDP-FF7FC19,2024 Bowman University Chrome CAMERON WARD #38 Miami Hurricanes,3.49,
FB-1337,2024 Bowman University Chrome JACOB MANU #81 Arizona Wildcats,3.49,
FB-1338,2024 Bowman University Chrome KJ JEFFERSON #116 UCF Knights,3.49,
FB-1336,2024 Bowman University Chrome KALEL MULLINGS #106 Michigan Wolverines,3.49,
FB-1341,2024 Bowman University Chrome NOAH FIFITA #140 Arizona Wildcats,3.49,
CDP-829C853,2024 Bowman University Chrome CADE KLUBNIK #35 Clemson Tigers Basketball,3.99,
CDP-88D0D7B,2024 Bowman University Chrome NIC SCOURTON #137 Texas A&M Aggies,3.49,
CDP-6F32C0E,2024 Bowman University Chrome ROD MOORE #31 Michigan Wolverines,3.49,
CDP-87D3955,2024 Bowman University Chrome TREY MOORE #178 Texas Longhorns,3.49,
CDP-DD149B0,2024 Bowman University Chrome WILL PAULING #184 Wisconsin Badgers,3.49,
CDP-7322DB5,2024 Bowman University Chrome CJ DANIELS #150 LSU Tigers,3.49,
CDP-B963779,2024 Bowman University Chrome NOAH FIFITA #55B-12 Arizona Wildcats,3.49,
CDP-8AA78EC,2024 Topps RESURGENCE - Conductors Michael Pratt #C-10 (RC) /249 Rookie,1.99,
CDP-7D65E00,2024 Topps RESURGENCE - Rookies Jalen McMillan #189 (RC),1.99,
CDP-E281865,2024 Bowman University Chrome - KRIS MITCHELL #117 (RC) Notre Dame Rookie,3.99,
i6fjl,2021-22 Bowman University J.J. McCarthy #79 Chrome Aqua Michigan Wolverines,2.99,
BB-1160-i89z9,2024 Topps Chrome Update COLTON COWSER #USC154 Aqua Refractors Orioles,21.49,
FB-1164-i89zc,2024 Topps Chrome HESTON KJERSTAD #142 Refractors Baltimore Orioles,3.99,
FB-1165-i89ze,2025 Bowman TRAVIS BAZZANA #BP-131 Prospects Cleveland Guardians,2.99,
BB-1167-i89zj,2024 Panini Prizm RHETT LOWDER #65 Green Ice Prizms Cincinnati Reds,4.99,
BB-1168-i89zl,2024 Topps Heritage CAL RALEIGH #217 Seattle Mariners,3.49,
BB-1169-i89zq,2024 Bowman Chrome JACKSON MERRILL #27 San Diego Padres,3.99,
BB-1170-i89zr,2021 Panini Prizm FREDDIE FREEMAN #112 Red/White/Blue Prizm Atlanta Braves,3.49,
BB-1175-i89zy,2024 Stadium Club Jackson Holliday #TRI-30 Triumvirates Baltimore Orioles,7.45,
BB-1177-i8a01,2024 Topps Chrome JACKSON CHOURIO #161 Milwaukee Brewers,4.49,
BB-1182-i8a08,2024 Topps Series 1 Stars of MLB Insert #SMLB-21 Shohei Ohtani Los Angeles,1.99,
BB-1187-i8a0a,2025 Bowman TRAVIS BAZZANA #VIP-8 Very Important Prospects Cleveland Guardians,2.99,
BB-1186-i8a0k,2025 Bowman COBY MAYO #ROY-2 Rookie of the Year Favorites Baltimore Orioles RC,2.99,
iamex,2024 Bowman University Chrome RUEBEN OWENS #76 Texas A&M Aggies,3.49,
iamhh,2024 Bowman University Chrome LESHON WILLIAMS #190 Iowa Hawkeyes,3.49,
iamhk,2024 Bowman University Chrome ANTARIO BROWN #13 Northern Illinois Huskies,3.49,
iamho,2024 Bowman University Chrome ISAIAH BOND #60 Texas Longhorns,3.49,
iamhs,2024 Bowman University Chrome DERRICK MOORE #59 Michigan Wolverines,3.49,
iamhx,2024 Bowman University Chrome ROMAN HEMBY #65 Maryland Terrapins,3.49,
CDP-79A34B4-i7p2s,2024 Topps RESURGENCE - C.J. Stroud #41,1.99,
ide1z,2024 Topps Update SHOTA IMANAGA #US281 Cubs,3.99,
ide20,2024 Topps Update Blaze ALEXANDER #US265 Diamondbacks,2.29,
ide22,2025 Topps RONALD ACUÑA JR. #TG-16 Training Grounds Pink Foil Braves,3.09,
ide25,2025 Topps DEREK JETER #CTH-17 Call to the Hall Yankees,3.49,
ide27,2024 Bowman Draft IVAN LUCIANO #BD-29 Diamondbacks,3.99,
ide29,2024 Bowman Draft JARED SERNA #BDC-161 Chrome Fuchsia Lunar Refractor Marlins,4.99,
ide2a,2025 Topps CADE POVICH #T90-69 1990 Topps Baseball 35th Anniversary Orioles,3.49,
ide2b,2025 Topps JO ADELL #211 Green Rainbow Foil Angels,4.49,
ide2c,2023 Topps BIG League Wrapper Redemption Ken Waldichuk #WR-64 Gold Foil A's,7.19,
ide2e,2022 Topps MIKE TROUT #27 Gold Los Angeles Angels #/2022,3.99,
ide2g,2024 Topps Update JACKSON HOLLIDAY #CSMLB-83 Stars of MLB Chrome Orioles,3.99,
ide2h,2024 Bowman Draft L.P. LANGEVIN #BD-183 Sky Blue Kansas City Royals #/499,4.49,
ide2i,2025 Topps DAVID FESTA #T90C-90 35th Anniversary Chrome Mojo Twins,3.49,
ide2j,2024 Topps Update KEN GRIFFEY JR. #89US-45 1989 Topps Baseball 35th Mariners,4.49,
ide2k,2025 Topps NACHO ALVAREZ JR. #T90C-28 35th Anniversary Chrome Mojo Braves,3.49,
ide2m,2025 Topps CHAYCE MCDERMOTT #90A-CMT,8.49,
ide2n,2025 Topps Heritage WYATT LANGFORD #29b Texas Rangers,3.99,
ide2p,2025 Topps Heritage KETEL MARTE #420 Arizona Diamondbacks,3.49,
ide2r,2025 Bowman JACKSON HOLLIDAY #77 Baltimore Orioles,3.49,
ide2v,2025 Bowman JACE JUNG #59 Detroit Tigers,3.49,
ide30,2025 Bowman DAVID FESTA #54 Minnesota Twins,3.49,
ide34,2025 Bowman HYESEONG KIM #91 Los Angeles Dodgers,3.49,
ide37,2025 Bowman LUIS PENA #BP-38 Prospects Milwaukee Brewers,3.49,
ide3l,2025 Bowman JUAN SOTO #22 New York Mets,3.49,
ide3f,2025 Bowman Aaron Judge #99 New York Yankees,2.29,
ide3n,2025 Bowman CORBIN CARROLL #96 Arizona Diamondbacks,3.49,
ide3p,2020 Bowman MIKE TROUT #1 Los Angeles Angels,3.99,
ide3q,2019 Bowman MIKE TROUT #1 Los Angeles Angels,3.99,
ide3r,2020 Topps Update MIKE TROUT #U-119 Los Angeles Angels,3.99,
ide3s,2024 Panini Prospect Edition GRIFF O’FERRALL #17 Domination Blue Orioles /99,3.99,
ide3t,2025 Bowman TARIK SKUBAL #20 Detroit Tigers,3.49,
ide3u,2025 Topps LOS ANGELES ANGELS #85 Blue Holo Foil Los Angeles Angels #/150,4.99,
ide3v,2025 Topps ELLY DE LA CRUZ #GH-28 2024 Greatest Hits Cincinnati Reds,3.49,
ide3w,2025 Topps BO JACKSON #T90-62 35th Royals,3.49,
ide3y,2024 Panini Prospect Edition Alex Clemmey #200 Purple Nationals Auto,3.99,
ide3z,2025 Topps PETE ALONSO #T90-30 New York Mets,3.49,
ide41,2024 Panini Prospect Edition IVAN LUCIANO #103 Arizona Diamondbacks,3.99,
ide42,2013 Topps ALLEN & Ginter Rod Carew #167 Angels,2.29,
ide43,2025 Topps SHOTA IMANAGA #SMLB-26 Stars of MLB Chicago Cubs,3.49,
ide44,2025 Topps FERNANDO TATIS JR. #SMLB-4 Stars of MLB San Diego Padres,3.49,
ide47,2021 Panini Diamond Kings MIKE TROUT #83 Los Angeles Angels Basketball,3.99,
ide48,2024 Bowman Draft GEORGE LOMBARD JR. #BD-118 New York Yankees,3.99,
ide49,2024 Bowman Draft KYLE TEEL #BDC-162 Chrome Boston Red Sox,3.99,
ide4b,2024 Bowman Draft AARON PARKER #BD-160 Toronto Blue Jays,3.99,
ide4c,2024 Topps ARCHIVES RANGER SUÁREZ #06OTG-16 Own the Game Phillies,3.99,
ide4d,2024 Panini Prospect Edition GEORGE LOMBARD JR. #36 New York Yankees,3.99,
ide4e,2025 Topps BRYCE HARPER #T90C-14 35th Anniversary Chrome Mojo Phillies,3.99,
ide4f,2025 Bowman DYLAN CREWS #ROY-1 Rookie of the Year Favorites Washington Nationals,3.49,
ide4i,2025 Bowman MOOKIE BETTS #16 Yellow Los Angeles Dodgers,3.49,
ide4l,2025 Topps CADE POVICH #25 Baltimore Orioles Basketball,3.49,
ide4m,2024 Topps ARCHIVES COLT KEITH #99NB-13 1999 Topps Baseball New Breed Tigers,3.99,
iep79,2024 Topps ARCHIVES BRYCE HARPER #95ATB-19 Traded & Rookies At the Break RC,3.99,
iep7g,2024 Panini Prospect Edition KAELEN CULPEPPER #9 Prepping For The Pros Twins,3.49,
iep7m,2024 Topps ARCHIVES TED WILLIAMS #202 Boston Red Sox,3.49,
iep7v,2024 Panini Prospect Edition KENDALL GEORGE #137 Los Angeles Dodgers,3.99,
iep7y,2024 Panini Prospect Edition ALONZO TREDWELL #12 Houston Astros,3.49,
iep82,2024 Panini Prospect Edition MITCH JEBB #89 Pittsburgh Pirates,3.99,
iep84,2024 Panini Prospect Edition JOE VETRANO #47 Los Angeles Dodgers,3.99,
iep88,2024 Panini Prospect Edition BLAKE BURKE #18 Milwaukee Brewers,4.49,
iep8d,2024 Panini Prospect Edition CADE DENTON #142 Colorado Rockies Basketball,3.49,
iep8k,2024 Panini Prospect Edition ANGEL MARTINEZ #32 Cleveland Guardians,3.49,
iep8x,2024 Panini Prospect Edition CHASE ALLSUP #75 Baltimore Orioles,2.99,
iep98,2024 Bowman Draft JACOB COZART #BDC-30 Chrome Cleveland Guardians,3.49,
iep9x,2024 Bowman Draft RYAN SLOAN #BDC-99 Chrome Seattle Mariners,3.49,
iepa7,2024 Bowman Draft JOSE PERDOMO #BDC-200 Chrome Refractor Atlanta Braves,3.49,
iepbi,2025 Topps Heritage TAJ BRADLEY #298 Chrome Light Blue Sparkle Refractor Rays,2.99,
ieped,2024 Bowman Draft CHANDLER WELCH #BD-103 Milwaukee Brewers,2.99,
iepek,2024 Bowman Draft PABLO GUERRERO #BD-178 Texas Rangers,2.99,
iephm,2025 Topps RILEY GREENE #T90-44 1990 Tigers,2.99,
iephn,2025 Topps FERNANDO TATIS JR. #GH-9 2024 Greatest Hits San Diego Padres,2.49,
iephp,2025 Topps FREDDIE FREEMAN #239 Los Angeles Dodgers,2.49,
iephs,2025 Topps MICHAEL BUSCH #263 Sandglitter Chicago Cubs,2.49,
igo8i,2025 Bowman JHONAYKER UGARTE #BCP-123 Chrome Prospects Kansas City Royals,2.99,
igo8e,2025 Bowman JESUS TILLERO #BCP-117 Chrome Prospects Los Angeles Dodgers,2.49,
igo8h,2025 Bowman ROKI SASAKI #ROY-10 Rookie of the Year Favorites Los Angeles Dodgers,3.49,
igo8c,2024 Bowman Draft TAI PEETE #BD-194 Sky Blue Seattle Mariners #/499,2.99,
igo8a,2025 Bowman KUMAR ROCKER #80 Texas Rangers,2.99,
igo89,2025 Bowman JAKOB WRIGHT #BCP-143 Chrome Prospects Los Angeles Dodgers,2.49,
igo88,2025 Topps Heritage JACKSON CHOURIO #106c Milwaukee Brewers,2.99,
igo85,2025 Topps CHRIS SALE #316 Confetti Atlanta Braves,2.49,
igo84,2023 Topps BIG League Gabriel Moreno #251 Arizona Diamondbacks,1.79,
igo83,2024 Bowman Draft ZYHIR HOPE #BD-139 Los Angeles Dodgers,3.49,
igo80,2025 Topps Hobby RIP NIGHT DAVID ORTIZ #5 Boston Red Sox,2.99,
igo7z,2023 Topps JAZZ CHISHOLM JR. #SMLBC-10 Stars of MLB Chrome Miami Marlins,3.49,
igo7y,2025 Topps Hobby RIP NIGHT JACKIE ROBINSON #8 Brooklyn Dodgers,2.99,
igo7x,2025 Topps Hobby RIP NIGHT RANDY JOHNSON #4 Arizona Diamondbacks,2.99,
igo7v,2025 Topps Hobby RIP NIGHT BROOKS LEE #14 Minnesota Twins,2.99,
igo8j,2025 Topps TREA TURNER #T90-43 1990 Topps Baseball 35th Anniversary Phillies,2.99,
igo8l,2025 Topps Heritage RYAN MOUNTCASTLE #27 Dark Blue Baltimore Orioles,2.99,
igo8r,"2025 Topps NL RBI (OHTANI / Willy Adames / Manny Machado) LL, SN2025 #86",2.99,
igo8o,2025 Topps ORELVIS MARTINEZ #18 Spring Training Toronto Blue Jays,2.99,
igo8w,2025 Topps JORGE ALCALA #336 Gold Minnesota Twins #/2025,4.99,
ijmrx,2024 Topps RESURGENCE ADONAI MITCHELL #139 Indianapolis Colts Basketball,3.99,
ijms8,2024 Topps RESURGENCE LAIATU LATU #141 Indianapolis Colts Basketball,3.49,
ijmti,2024 Bowman University Chrome DAVISON IGBINOSUN #54 Pink Lava Refractor Buckeyes,4.49,
ijmyh,2024 Bowman U Chrome RILEY LEONARD #154 Pink Lava Refractor Fighting Irish,3.99,
ip8gz,2022 Bowman University Chrome JAHMYR GIBBS #82 Alabama Crimson Tide,3.99,
ip8h2,2024 Bowman University Chrome BRANDON INNISS #23 Ohio State Buckeyes,3.99,
ip8h4,2024 Bowman University Chrome RILEY LEONARD #154 Pink Lava Fighting Irish,3.99,
ip8h6,2024 Bowman University Chrome GARRETT NUSSMEIER #A-6 Acropolis LSU Tigers,3.99,
ip8h7,2024 Bowman University Chrome WALKER WHITE #85 Auburn Tigers,3.99,
ip8h8,2024 Bowman University Chrome KEON KEELEY #113 X-Fractor Alabama Crimson Tide,3.99,
ip8h9,2024 Bowman University Chrome RICKY WHITE III #153 UNLV Rebels,3.99,
ip8ha,2024 Bowman University Chrome ISAIAH BOND #CI-2 Campus Icons Texas Longhorns,3.99,
ip8hb,2024 Bowman University Chrome NOAH FIFITA #CI-24 Campus Icons Arizona Wildcats,3.99,
FS-1020-2D00BA7,2025 Bowman Chrome Mega Box Mojo Refractor #13 Junior Caminero Tampa Bay Rays,1.79,
j7yhd,COLE PENNINGTON 2024 Bowman University Chrome #45 Marshall Thundering Herd,3.49,
j7yhg,AYO ADEYI 2024 Bowman University Chrome #18 James Madison Dukes,3.49,
j7yhh,ANTONIO WILLIAMS 2024 Bowman University Chrome #14 Clemson Tigers,3.49,
j7yht,KHALIL BARNES 2024 Bowman University Chrome #114 Clemson Tigers,3.49,
j7yi2,TJ FINLEY 2024 Bowman University Chrome #191 Western Kentucky Hilltoppers,3.49,
j7yi3,KADEN PRATHER 2024 Bowman University Chrome #110 Maryland Terrapins,3.49,
j7yid,JOSEPH MANJACK IV 2024 Bowman University Chrome #107 Houston Cougars,3.49,
j7yij,TREVOR ETIENNE 2024 Bowman University Chrome #177 Georgia Bulldogs,3.49,
j7yiq,DAYLEN EVERETTE 2024 Bowman University Chrome #55 Georgia Bulldogs,3.49,
j7yj9,JALON WALKER 2024 Bowman University Chrome #89 Georgia Bulldogs,3.49,
j7yja,WILL PAULING 2024 Bowman University Chrome #184 Wisconsin Badgers,3.49,
j7yjb,DYLAN SAMPSON 2024 Bowman University Chrome #69 Tennessee Volunteers,3.49,
j7yjg,DEONE WALKER 2024 Bowman University Chrome #57 Kentucky Wildcats,3.49,
j7yjc,DEONTAE LAWSON 2024 Bowman University Chrome #58 Alabama Crimson Tide,3.49,
j7yjh,QUINTON COOLEY 2024 Bowman University Chrome #147 Liberty Flames,3.49,
j7yjj,DANIEL HISHAW JR. 2024 Bowman University Chrome #52 Kansas Jayhawks Basketball,3.49,
j7yjq,MASON TAYLOR 2024 Bowman University Chrome #128 LSU Tigers,3.49,
j7yk0,DONOVAN EDWARDS 2024 Bowman University Chrome #66 Michigan Wolverines Basketball,3.49,
j7yk1,ETHAN GARBERS 2024 Bowman University Chrome #72 UCLA Bruins,3.49,
j7yk3,KYLE WILLIAMS 2024 Bowman University Chrome #118 WSU Cougars,3.49,
j7yka,SEAN ATKINS 2024 Bowman University Chrome #161 South Florida Bulls Basketball,3.49,
j7ykv,BRYSON BARNES 2024 Bowman University Chrome #29 Utah State Aggies,3.49,
j7ylb,RAHEIM SANDERS 2024 Bowman University Chrome #148 South Carolina Gamecocks,3.49,
j7yl6,JOEY AGUILAR 2024 Bowman University Chrome #103 Appalachian State Mountaineers,3.49,
j7ylw,MYKEL WILLIAMS 2024 Bowman University Chrome #134 Georgia Bulldogs,3.49,
j7ymi,JAMAL HAYNES 2024 Bowman University Chrome #90 Georgia Tech Yellow Jackets,3.49,
j7ymo,JACKSON ARNOLD 2024 Bowman University Chrome #80 Oklahoma Sooners,3.49,
j7ynl,ANTWAUN POWELL-RYLAND 2024 Bowman University Chrome #15 Virginia Tech Hokies,3.49,
j7yob,MONTRELL JOHNSON JR. 2024 Bowman University Chrome #133 Florida Gators,3.49,
j7yp4,GAVIN SAWCHUK 2024 Bowman University Chrome #RM-13 Ramblin’ Man Oklahoma Sooners,3.49,
j7ypi,PARKER JENKINS 2024 Bowman University Chrome #141 Houston Cougars,3.49,
j7yqi,ROCCO BECHT 2024 Bowman University Chrome #155 Iowa State Cyclones,3.49,
j7yre,ETHAN BURKE 2024 Bowman University Chrome #32 Texas Longhorns,3.49,
j7yrj,CJ BAXTER 2024 Bowman University Chrome #42 Texas Longhorns,3.49,
j7yrm,DJ GIDDENS 2024 Bowman University Chrome #33 Kansas State Wildcats,3.49,
j7ysd,CONNER HARRELL 2024 Bowman University Chrome #46 North Carolina Tar Heels,3.49,
j7ysr,ANDREW MUKUBA 2024 Bowman University Chrome #12 Texas Longhorns,3.49,
j7ysx,ABU SAMA III 2024 Bowman University Chrome #7 Iowa State Cyclones,3.49,
j7yt8,NICKOLAS MARTIN 2024 Bowman University Chrome #199 Oklahoma State Cowboys,3.49,
j7ytc,OLLIE GORDON II 2024 Bowman University Chrome #197 Oklahoma State Cowboys,3.49,
ja0wb,2024 Donruss COLT EMERSON #173 Orange Laser Seattle Mariners #/299,4.49,
j9xob,2024-25 Topps Chrome UEFA Club NICOLAS JACKSON #41 Magenta Lava #/75,5.99,
j9xof,2021-22 Topps Chrome UEFA Champions League SADIO MANÉ #110 Rose Gold #/125,2.49,
j9xoj,2023-24 Topps Chrome UEFA Club KARIM KONATE #30 Purple Ray Wave Refractor #/175,5.49,
j9xon,2024-25 Topps UEFA Club Competitions Vinícius Tobias #167 Shakhtar Donetsk,2.09,
jba2j,2025 Topps Chrome ADOLIS GARCÍA #293 Texas Rangers,1.49,
jba2l,2025 Topps Chrome COREY SEAGER #24 Texas Rangers,2.99,
jba2n,2025 Topps Chrome JACOB DEGROM #214 Texas Rangers,2.49,
jba2o,2025 Topps Chrome COREY SEAGER #F15-15 Fortune 15 Texas Rangers,2.99,
jba2q,2025 Topps Chrome COREY SEAGER #CAE-13 Chrome All-Etch Texas Rangers,3.99,
jba2r,2025 Topps Chrome WYATT LANGFORD #68 Texas Rangers,2.49,
jba2s,2025 Topps Chrome WYATT LANGFORD #68 Rainbow Foil Texas Rangers,3.99,
jbwvg,YAIKEL MIJARES 2024 Bowman Chrome #CPA-YMI Prospects Autos Guardians,6.09,
CDP-F1585A0,2025 MLB Topps Now #557 CHRSTIAN YELICH Milwaukee Brewers SHARP,8.69,
CDP-94F7DAB,2024 Topps Chrome - ALL-ETCH EDDIE GEORGE #CAE-EG,3.49,
CDP-72FF8EE,2024 Topps Finest - Common TODD HEAP #6 Baltimore,2.99,
CDP-7A251B2,2024 Topps Chrome - ALL-CHROME Team Emmitt Smith #ACT-3,1.99,
jjs80,JAMES PEARCE JR. 2024 Bowman U Chrome #91 Purple Refractor Volunteers #/399,7.09,
CDP-A9CAFEB,2024 Topps Chrome - SUNDAY SWAG MICHAEL IRVIN #SS-12,3.49,
CDP-44BBB92,2024 Topps Chrome - ROOKIES COLE BISHOP #263 Refractor (RC),3.49,
jmyx6,LEBRON JAMES 2004 Upper Deck Freshman Season #15 Cavs Basketball,7.19,
jmyxb,JULIO RODRIGUEZ 2023 Topps #SMLBC-16 Stars of MLB Chrome Seattle Mariners,3.99,
jpltu,AARON JUDGE 2022 Topps Heritage #44 New York Yankees,4.49,
jplun,FREDDIE FREEMAN 2024 Topps Allen & Ginter #62 Los Angeles Dodgers,3.99,
jplvb,SHOTA IMANAGA 2024 Topps Allen & Ginter #181 Chicago Cubs,3.99,
jplw2,JUNIOR CAMINERO 2024 Topps Chrome #213 Tampa Bay Rays,3.99,
jplwo,JUNIOR CAMINERO 2024 Topps #CSMLB-50 Stars of MLB Chrome Tampa Bay Rays,3.99,
jplwy,JUNIOR CAMINERO 2024 Donruss #18 Unleashed Tampa Bay Rays,3.99,
jplx9,JASSON DOMINGUEZ 2022 Bowman #BCP-98 Chrome Prospects Mojo Refractors Yankees,3.99,
jplxe,VLADIMIR GUERRERO JR. 2022 Panini Mosaic #HS-5 Hot Sauce Mosaic Blue Jays,3.99,
jplzf,JACKSON CHOURIO 2024 Topps Archives #99NB-12 1999 New Breed Brewers,3.99,
jplzk,JUNIOR CAMINERO 2024 Bowman #ROY-8 Rookie of the Year Favorites Tampa Bay Rays,3.99,
jplzo,JUNIOR CAMINERO 2024 Donruss #40 Tampa Bay Rays,3.99,
jplzq,JUNIOR CAMINERO 2024 Bowman #BAI-20 Bowman A.I. Tampa Bay Rays,3.99,
jplzs,JUNIOR CAMINERO 2023 Bowman Platinum #PE-2 Precious Elements Tampa Bay Rays,3.99,
jplzy,JUNIOR CAMINERO 2024 Topps #CTC-13 City to City Tampa Bay Rays,3.99,
jpm06,JUNIOR CAMINERO 2024 Topps Heritage #267 Tampa Bay Rays,3.99,
jpm0d,FREDDIE FREEMAN 2024 Topps Chrome #S-4 Strokes Los Angeles Dodgers,3.99,
jpm0g,JUAN SOTO 2024 Topps Update #T89CU-75 1989 35th Anniversary Chrome Yankees,4.49,
jpm0j,CHRISTIAN ENCARNACION-STRAND 2024 Topps Update #US201 Royal Blue Cincinnati Reds,3.99,
jpm0l,COLT KEITH 2024 Topps Allen & Ginter #279 Chrome Detroit Tigers,3.99,
jpm0q,IT TAKES TWO: MIDDLE-INFIELD MAESTROS 2025 Topps #295 Topps Foil Pattern Reds,7.69,
jpm0r,WYATT LANGFORD 2024 Topps Allen & Ginter #278 Chrome Texas Rangers,3.99,
jpm0t,JASSON DOMÍNGUEZ 2024 Topps Chrome #89 New York Yankees,3.99,
jpm10,MOOKIE BETTS 2021 Topps Update #TTA-7 Tek 70th Anniversary Box Topper Dodgers,5.49,
jpm13,DYLAN CREWS 2024 Topps Now #601 Washington Nationals,6.49,
jpsbu,JORDAN WESTBURG 2024 Topps Update #RRR-WEST Rising Rookies Relics Orioles RC,9.69,
jpsbv,JORDAN LAWLAR 2024 Topps Update #MLMU-JL Major League Materials Relics,4.99,
jpsbw,NOELVI MARTE 2024 Topps Update #MLMU-NM Major League Materials Relics Reds,8.19,
jpsc0,HESTON KJERSTAD 2024 Topps Update #RRR-HK Rising Rookies Relics Orioles RC,10.29,
jpsc1,NOLAN SCHANUEL 2024 Topps Update #RRR-NS Rising Rookies Relics Black #/199 RC,9.99,
jpsc3,ANTHONY RIZZO 2024 Topps Update #MLMU-AR Major League Materials Relics Yankees,4.49,
jpsca,HENRY DAVIS 2024 Topps Update #RRR-HD Rising Rookies Relics Pittsburgh Pirates,4.99,
jpscm,JORDAN WESTBURG 2024 Topps Update #MLMU-JW Major League Materials Relics Orioles,5.29,
jpscq,RILEY GREENE 2024 Topps Heritage #CCR-RG Clubhouse Collection Relics Tigers,6.49,
jpsct,JACKSON CHOURIO 2023 Bowman Inception #19 Milwaukee Brewers,6.49,
jpscw,MARCELO MAYER 2023 Bowman Inception #13 Boston Red Sox,5.49,
jpmgv,ANDREW VAUGHN 2022 Bowman #22 Chicago White Sox,3.99,
jpmgy,EURIBIEL ANGELES 2022 Bowman #BCP-32 Chrome Prospects San Diego Padres,3.99,
jpmgz,ROBERT HASSELL 2022 Bowman #BTP-37 Bowman Scouts' Top 100 San Diego Padres,3.99,
jpmh2,AARON JUDGE 2022 Bowman #2 New York Yankees,3.99,
jpmh4,SAL FRELICK 2022 Bowman #BCP-149 Chrome Prospects Milwaukee Brewers,3.99,
jpmh5,FRAN ALDUEY 2022 Bowman #BCP-39 Chrome Prospects Cleveland Guardians,3.99,
jpmh7,MIKE TROUT 2022 Bowman #32 Los Angeles Angels,3.99,
jpmh9,CHRISTIAN YELICH 2022 Bowman #94 Milwaukee Brewers,3.99,
jpmhb,LUIS GIL 2022 Bowman #ROYF-15 New York Yankees,3.99,
jpmhc,CURTIS MEAD 2022 Bowman #BCP-10 Chrome Prospects Tampa Bay Rays,3.99,
jpmhe,DL HALL 2022 Bowman #BTP-46 Bowman Scouts' Top 100 Baltimore Orioles,3.99,
jpmhh,PEDRO LEON 2022 Bowman #B3D-18 Bowman in 3D Houston Astros,3.99,
jpmhk,MARTIN GIMENEZ 2022 Bowman #BCP-97 Chrome Prospects Toronto Blue Jays,3.99,
jpmhm,ADRIAN MOREJON 2020 Bowman #BTP-54 Chrome Bowman Scouts Top 100 San Diego Padres,3.99,
jpmhn,FRANKLIN PEREZ 2020 Bowman #BCP-63 Chrome Prospects Detroit Tigers,3.99,
jpmhy,SHEA LANGELIERS 2020 Bowman #BCP-21 Chrome Prospects Atlanta Braves,3.99,
jpmib,MAX SCHERZER 2022 Bowman #91 New York Mets,2.09,
jpmii,JULIO RODRIGUEZ 2022 Bowman #HIFI-4 Hi-Fi Futures Mojo Refractors Mariners,3.99,
jpmik,JACKSON CHOURIO 2022 Bowman #BP-79 Prospects Milwaukee Brewers,3.99,
jpmil,KEVIN ALCANTARA 2022 Bowman #BP-31 Prospects Chicago Cubs,3.99,
jpmin,JOSE ALTUVE 2020 Bowman #88 Houston Astros,3.99,
jpmio,CLAYTON KERSHAW 2020 Bowman #90B-CK 1990 Bowman Los Angeles Dodgers,6.49,
jpmiq,FERNANDO TATIS JR. 2020 Bowman #47 San Diego Padres,3.99,
jpmis,ALEX KIRILLOFF 2020 Bowman #BCP-80 Chrome Prospects Blue Refractor Twins #/150,3.99,
jpmit,YORDAN ALVAREZ 2020 Bowman #25 Houston Astros,3.99,
jpmiy,XANDER BOGAERTS 2020 Bowman #95 Boston Red Sox,3.99,
jpmj0,ADLEY RUTSCHMAN 2020 Bowman #BP-50 Prospects Baltimore Orioles,3.99,
jpmj2,VLADIMIR GUERRERO JR. 2020 Bowman #50 Toronto Blue Jays,3.99,
jpmj3,RONALD ACUÑA JR. 2020 Bowman #27 Atlanta Braves,3.99,
jpmj4,ARISTIDES AQUINO 2020 Bowman #79 Cincinnati Reds,3.99,
jpmj5,MOOKIE BETTS 2022 Bowman #25 Los Angeles Dodgers,3.99,
jpmj6,XANDER BOGAERTS 2022 Bowman #15 Boston Red Sox,3.99,
jpmj7,PETE ALONSO 2022 Bowman #87 New York Mets,3.99,
jpmj8,JHONKENSY NOEL 2022 Bowman #BCP-2 Chrome Prospects Cleveland Guardians,3.99,
jpmj9,BRANDON VALENZUELA 2022 Bowman #BP-28 Prospects Sky Blue San Diego Padres #/499,3.99,
jpmjb,KEVIN ALCANTARA 2022 Bowman #VV-11 Virtuosic Vibrations Chicago Cubs,3.99,
jpmja,ELIJAH TATIS 2022 Bowman #BCP-23 Chrome Prospects Chicago White Sox,3.99,
jpmjc,JUAN SOTO 2022 Donruss #20 Holo Orange Washington Nationals,5.99,
jq0my,FERNANDO TATIS JR. 2024 Bowman Chrome #92 Yellow Refractors Padres #/75,19.59,
jq0o4,COLTON COWSER 2024 Bowman Chrome Sapphire Edition #33 Baltimore Orioles,3.19,
jq0oa,NOLAN ARENADO 2018 Topps Chrome #163 Refractor Colorado Rockies,3.99,
jq0ob,JARREN DURAN 2022 Bowman Platinum #27 Boston Red Sox,3.99,
jq0oc,JHONKENSY NOEL 2022 Bowman Heritage #BHPC-31 Chrome Prospects,3.99,
jq0oe,BLAKE DUNN 2024 Bowman Chrome Sapphire Edition #BCP-187 Prospects,3.99,
jq0of,DAIRON BLANCO 2024 Topps Chrome Update Sapphire Edition #USCS324,4.49,
jq0og,ALEX BREGMAN 2024 Topps Chrome #53 Houston Astros,3.99,
jq0oh,PETER ALONSO 2019 Bowman #BCP-127 Chrome Prospects New York Mets,3.99,
jq0oi,JACKSON JOBE 2021 Bowman's Best #44 Detroit Tigers,3.99,
jq0ok,HUNTER GREENE 2022 Bowman #BTP-47 Bowman Scouts' Top 100 Cincinnati Reds,3.99,
jq0on,JOSH JUNG 2024 Bowman Chrome Sapphire Edition #99 Texas Rangers,3.99,
jq0om,PETER ALONSO 2019 Bowman #RFTS-11 Ready for the Show New York Mets,3.99,
jq0op,JAZZ CHISHOLM JR. 2021 Bowman's Best #26 Miami Marlins Basketball,3.99,
jq0oq,JAZZ CHISHOLM 2018 Bowman Draft #BDC-16 Chrome Arizona Diamondbacks Basketball,3.99,
jq0or,MARCELO MAYER 2022 Bowman Draft 1st Edition #BD-123 Boston Red Sox,3.99,
jq0os,JACKSON JOBE 2022 Bowman Draft 1st Edition #BD-99 Detroit Tigers,3.99,
jq0ot,2024 Bowman Chrome - MY 1st Bowman Jacob Wilson #M1B-40 (RC) Rookie,5.49,
jq0ou,CORBIN BURNES 2019 Topps Allen & Ginter #206 Milwaukee Brewers,3.99,
jq0ov,ALBERT PUJOLS 2015 Topps Update #RS-21 Rookie Sensations St. Louis Cardinals RC,3.99,
jq0ox,BRYCE HARPER 2018 Bowman's Best #PP-BH Power Producers Washington Nationals,3.99,
jq0oy,BRYCE HARPER 2018 Bowman's Best #5 Washington Nationals,3.99,
jq0oz,XANDER BOGAERTS 2022 Topps Chrome Sapphire Edition #8 Boston Red Sox,3.99,
jq0p0,JORDAN LAWLAR 2023 Bowman 1st Edition #BPPF-92 Arizona Diamondbacks,3.99,
jq0p1,JACKSON MERRILL 2023 Bowman Draft #BD-157 San Diego Padres,3.99,
TY-3002-jpmsc,NOLAN ARENADO 2024 Topps Allen & Ginter #CS-45 Cycle Succession Cardinals,6.79,
TY-3006-jpmw6,JACKSON MERRILL 2024 Topps Update #ASG-49 2024 All-Star Game San Diego Padres,3.99,
TY-3007-jpmwg,2024 Topps Heritage (JAMES MCARTHUR /MCMILLON /CRUZ /BOWLAN) #615 Rangers,2.09,
TY-3008-jpmwh,JAZZ CHISHOLM 2020 Bowman #BCP-72 Chrome Prospects Miami Marlins Basketball,3.99,
TY-3009-jpmwi,CAL MITCHELL 2020 Bowman #BCP-43 Chrome Prospects Pittsburgh Pirates,3.99,
TY-3010-jpmwl,WILLY ADAMES 2020 Bowman #81 Tampa Bay Rays,3.99,
TY-3011-jpmwn,KRIS BRYANT 2020 Bowman #22 Chicago Cubs,3.99,
TY-3012-jpmwo,KETEL MARTE 2020 Bowman #3 Arizona Diamondbacks,3.99,
TY-3014-jpmwr,CHRISTIAN YELICH 2020 Bowman #100 Milwaukee Brewers,3.99,
TY-3015-jpmwv,CURTIS MEAD 2024 Topps #89B-85 1989 Topps Baseball 35th Anniversary Blue Raysys,3.99,
TY-3016-jpmwx,EVAN CARTER 2024 Topps Update #89US-49 35th Anniversary Rangers,3.99,
jqi78,BRYAN REYNOLDS 2024 Topps Chrome Black #13 Green Refractors Pirates #/99,13.09,
jqi7a,GUNNAR HENDERSON 2024 Topps Update #LHC-5 Let Him Cook Baltimore Orioles,3.99,
jqi7d,RONALD ACUÑA JR. 2024 Topps Update #LHC-4 Let Him Cook Atlanta Braves,3.99,
jqi7e,BRYCE HARPER 2024 Topps Update #LHC-9 Let Him Cook Philadelphia Phillies,3.99,
jqi7g,JULIO RODRÍGUEZ 2024 Topps Update #LHC-11 Let Him Cook Seattle Mariners,3.99,
jqi7j,VLADIMIR GUERRERO JR. 2024 Topps Update #LHC-22 Let Him Cook Toronto Blue Jays,3.99,
jqi7k,JUAN SOTO 2024 Topps Update #LHC-24 Let Him Cook New York Yankees,3.99,
jqi7n,DYLAN CREWS 2025 Topps #SMLB-30 Stars of MLB Washington Nationals,2.99,
jqi7q,ZACH NETO 2024 Topps Chrome #123 Magenta Speckle Refractors Angels #/350,7.79,
jqi7t,JACKSON CHOURIO 2024 Topps Chrome Cosmic #179 Milwaukee Brewers,5.99,
jqi7u,JASSON DOMÍNGUEZ 2024 Topps Chrome Cosmic #89 New York Yankees,3.99,
jqi7x,JACKSON HOLLIDAY 2024 Bowman #BCP-47 Chrome Prospects Mojo Refractors Orioles,3.99,
jqi80,JORDAN WESTBURG 2024 Bowman #42 Fuchsia Baltimore Orioles #/299,3.29,
jqi82,CURTIS MEAD 2024 Bowman #28 Neon Green Tampa Bay Rays #/399,4.49,
jqi83,MICHAEL HARRIS II 2023 Topps #226 Silver Pattern Foilboard Atlanta Braves,3.99,
jqi8c,MICHAEL HARRIS II 2023 Topps Chrome #79 Atlanta Braves,3.99,
jqi8v,WYATT LANGFORD 2024 Bowman #BCP-64 Chrome Prospects Texas Rangers,3.99,
jqi8w,YU DARVISH 2024 Topps Chrome #237 Blue Sonar Refractors San Diego Padres #/125,5.99,
jqi8z,CHRISTIAN ENCARNACION-STRAND 2024 Topps Update #US201 Purple Cincinnati Reds,3.99,
jqi91,ALEX VERDUGO 2024 Topps Chrome #11 Green Refractors New York Yankees #/99,4.99,
jqi94,JUAN SOTO 2024 Topps Update #BG-9 Topps Black Gold New York Yankees,3.99,
jqi9a,HESTON KJERSTAD 2024 Bowman Sterling #BSR-5 Baltimore Orioles,3.99,
jqi9c,JACKSON HOLLIDAY 2024 Topps Pro Debut #PD-27 Norfolk Tides,3.99,
jqi9f,FELNIN CELESTEN 2024 Topps Pro Debut #PD-99 Sparkle Foil ACL Mariners #/175,8.99,
jqia6,CEDDANNE RAFAELA 2024 Topps Chrome #118 Raywave Refractors Boston Red Sox,6.49,
jqiac,GABRIEL MORENO 2024 Topps Chrome #21 Aqua Lava Refractors Diamondbacks #/199,4.99,
jqiae,HENRY DAVIS 2024 Topps #295 Aqua Pittsburgh Pirates,4.99,
jqiaf,RONALD ACUÑA JR. 2024 Topps Update #BG-3 Topps Black Gold Atlanta Braves,3.99,
jqiag,MOOKIE BETTS 2024 Topps Update #LHC-17 Let Him Cook Los Angeles Dodgers,3.99,
jqiah,JORDAN BECK 2024 Topps Update #T89CU-65 35th Anniversary Chrome Rockies,3.99,
jqig8,2023 Bowman Chrome AARON JUDGE #63 New York Yankees,3.99,
jqigb,2023 Bowman AARON JUDGE #59 New York Yankees,3.99,
jqigd,2023 Topps Heritage AARON JUDGE #NT-2 Now & Then New York Yankees,4.49,
jqige,2021 Topps Chrome FERNANDO TATIS JR. #B-10 Beisbol San Diego Padres,3.99,
jqigh,CADE MARLOWE 2024 Topps Chrome #266 Purple Sonar Ref Mariners #/275 Basketball,5.49,
jqigk,2024 Bowman CEDDANNE RAFAELA #84 Chrome Mojo Refractors Boston Red Sox,3.99,
jqign,2024 Topps FREDDIE FREEMAN #SB-12 Superstar Blueprint Los Angeles Dodgers,3.99,
jqigq,2024 Topps Update JULIO RODRÍGUEZ #BG-8 Topps Black Gold Seattle Mariners,2.09,
jqigs,SAMAD TAYLOR 2024 Topps Chrome #243 Blue Raywave Royals #/150,7.69,
jqigt,2023 Panini Prizm JACKSON CHOURIO #FT1 Future Tools Milwaukee Brewers,3.99,
jqigw,2023 Panini Prizm JACKSON CHOURIO #105 Milwaukee Brewers,3.99,
jrnq5,PASCANEL FERRERAS 2024 Bowman Chrome #BCP-240 Speckle Refractors Astros #/299,16.89,
jrnq8,MIGUEL PALMA 2024 Bowman Chrome #BCP-166 Speckle Refractors Astros #/299,8.29,
jrnqb,THAYRON LIRANZO 2024 Bowman Chrome #BCP-182 Speckle Refractors Dodgers #/299,22.39,
jrnqh,LUIS GUANIPA 2024 Bowman Chrome #BCP-233 Refractors Braves #/499,3.99,
jrnqf,SAL FRELICK 2024 Bowman #39 Neon Green Milwaukee Brewers #/399,5.49,
jrnqi,J.P. CRAWFORD 2024 Topps Chrome #14 Purple Speckle Refractors Mariners #/299,5.99,
jrnqk,SEIYA SUZUKI 2024 Topps Chrome #13 Aqua Raywave Refractors Chicago Cubs #/199,6.89,
jrnql,DAVID BEDNAR 2024 Topps Chrome #60 Purple Sonar Refractors Pirates #/275,4.49,
jrnqp,CARSON SPIERS 2024 Topps Chrome #167 Purple Speckle Refractors Reds #/299,8.99,
jrnqr,EDUARDO BELTRE 2024 Bowman Chrome #BCP-170 Reptilian Blue Refractors Twins #/150,26.59,
jrnqs,2024 Bowman SPENCER NIVENS #BP-37 Prospects Sky Blue Kansas City Royals #/499,4.99,
jrnqt,NAOYUKI UWASAWA 2024 Bowman Chrome #BCP-171 Refractors Red Sox #/499,4.49,
jrnqu,BROCK WILKEN 2024 Bowman Chrome #BCP-215 Refractors Brewers #/499,5.99,
jrnqv,RHYLAN THOMAS 2024 Bowman Chrome #BCP-217 Refractors Mets #/499,3.89,
jrnqz,ANDRES VALOR 2024 Bowman Chrome #BCP-196 Refractors Miami Marlins #/499,5.49,
jrnr0,ELIAS MEDINA 2024 Bowman Chrome #BCP-183 Refractors Los Angeles Dodgers #/499,5.99,
jrnr1,ALIKA WILLIAMS 2024 Topps Chrome #34 Green Refractors Pittsburgh Pirates #/99,3.99,
jrnr2,NICK GONZALES 2024 Topps Chrome #72 Purple Speckle Refractors Pirates #/299,17.89,
jrnr3,RYAN PEPIOT 2024 Topps Chrome #128 Purple Sonar Refractors Tampa Bay Rays #/275,3.99,
jrnr6,JAKE BURGER 2024 Topps Chrome #108 Magenta Speckle RefractorsMarlins #/350,5.49,
jrnr7,MASYN WINN 2024 Bowman Chrome #61 Aqua Mojo Refractors St. Louis Cardinals #/299,8.99,
js35s,ZACK GELOF 2024 Topps Holiday #RC-ZG Relics Oakland Athletics Rookie,4.99,
js35v,YIDDI CAPPE 2023 Bowman Inception #7 Miami Marlins,3.49,
js35x,JACOB BERRY 2023 Bowman Inception #81 Miami Marlins,3.49,
js35y,JETT WILLIAMS 2023 Bowman Inception #62 New York Mets,3.49,
js35z,GABRIEL GONZALEZ 2023 Bowman Inception #32 Seattle Mariners,3.99,
js361,CRISTIAN SANTANA 2023 Bowman Inception #34 Detroit Tigers,3.99,
js854,2024 Donruss ETHAN SALAS #6 Retro 1984 Materials Blue Ice San Diego Padres,5.49,
js85b,HENDRY CHIVILLI 2023 Bowman Inception #14 Fuchsia Foil Minnesota Twins #/75,6.09,
js859,CAMILO DIAZ 2023 Bowman Inception #44 Blue Foil Houston Astros #/99,5.99,
js85c,KEVIN PARADA 2023 Bowman Inception #30 Gold Foil Electricity New York Mets #/50,6.49,
js85e,2023 Bowman Inception DRUW JONES #10 Arizona Diamondbacks,3.99,
js85f,WELBYN FRANCISCA 2023 Bowman Inception #35 Gold Foil Cleveland Guardians #/50,9.19,
js85k,SPENCER JONES 2023 Bowman Inception #59 New York Yankees,7.39,
jw1cq,JOE MUSGROVE 2024 Topps Chrome #192 Purple Sonar Refractors Padres #/275,4.49,
jw1cv,KRIS BRYANT 2024 Topps Chrome #179 Purple Sonar Refractors Rockies #/275,5.49,
jw1cx,TREA TURNER 2024 Topps Chrome #169 Purple Speckle Refractors Phillies #/299,10.99,
jw1d1,MICKEY MONIAK 2024 Topps Chrome #51 Purple Speckle Refractors Angels #/299,4.99,
jw1d4,DAVID HAMILTON 2024 Topps Chrome #49 Purple Speckle Refractors Red Sox #/299,7.09,
jw1db,EDOUARD JULIEN 2024 Topps Chrome #152 Purple Refractors Minnesota Twins #/250,3.99,
jw1di,EURY PÉREZ 2024 Topps Chrome #6 Blue Wave Refractors Miami Marlins #/75,8.09,
jw1dj,LAWRENCE BUTLER 2024 Topps Chrome #5 Purple Sonar Refractors Athletics #/275,21.49,
jw1dk,CORBIN BURNES 2024 Topps Chrome #3 Blue Raywave Refractors Orioles #/150,4.49,
jw1dl,EMILIANO TEODO 2024 Bowman Chrome #BCP-180 Prospects Blue Refractors #/150,7.49,
jw1dm,MARIO BAEZ 2024 Bowman Chrome #BCP-153 Prospects Fuchsia Shimmer Refractor #/199,6.49,
jw1do,VLADIMIR ASENCIO 2024 Bowman Chrome #BCP-227 Prospects Speckle Refractor #/299,8.39,
jw1dq,NAOYUKI UWASAWA 2024 Bowman Chrome #BCP-171 Prospects Refractors Red Sox #/499,4.49,
jw1du,LUIS GUANIPA 2024 Bowman Chrome #BCP-233 Prospects Aqua Refractors Braves #/125,5.49,
jw1dw,OSLEIVIS BASABE 2024 Bowman Chrome #76 Aqua Raywave Refractors Rays #/199,5.49,
jw1dx,JENSY RIVAS 2024 Bowman Chrome #BCP-251 Prospects Refractors New York Mets #/499,2.69,
jw1dz,ANDRES VALOR 2024 Bowman Chrome #BCP-196 Prospects Refractors Marlins #/499,6.49,
jw1e0,EDUARDO HERRERA 2024 Bowman Chrome #BCP-228 Prospects Speckle White Sox #/299,5.49,
jw1e1,JETER MARTINEZ 2024 Bowman Chrome #BCP-219 Prospects Speckle Mariners #/299,8.19,
jw1e2,LUIS BAEZ 2024 Bowman Chrome #BCP-248 Prospects Speckle Refractors Astros #/299,3.99,
jw1e3,WANER LUCIANO 2024 Bowman Chrome #BCP-208 Prospects Speckle Astros #/299,5.49,
jw1e4,JURDRICK PROFAR 2024 Bowman Chrome #BCP-218 Prospects Refractors White Sox #/499,5.49,
jw1dd,YOENDRYS GÓMEZ 2024 Topps Chrome #160 Aqua Raywave Refractors Yankees #/199,3.49,
jw1dc,BRYAN REYNOLDS 2024 Topps Chrome #146 Aqua Raywave Refractors Pirates #/199,3.99,
jw1dp,BROCK WILKEN 2024 Bowman Chrome #BCP-215 Prospects Refractors Brewers #/499,7.09,
jw1d5,ONEIL CRUZ 2024 Topps Chrome #98 Purple Sonar Refractors Pirates #/275,5.99,
jw1dt,DAIBER DE LOS SANTOS 2024 Bowman Chrome #BCP-185 Prospects Aqua Mojo #/299,5.19,
jw1d8,MAC HORVATH 2024 Bowman #BP-6 Prospects Purple Baltimore Orioles #/250,3.49,
jw1da,ZACH REMILLARD 2024 Topps Chrome #155 Purple Speckle Refractors White Sox #/299,4.49,
jw1co,MARIO BAEZ 2024 Bowman Chrome #BCP-153 Prospects Speckle Refractors Braves #/299,4.49,
jw1ct,IAN HAPP 2024 Topps Chrome #184 Purple Sonar Refractors Chicago Cubs #/275,5.49,
jw1d2,QUINN PRIESTER 2024 Topps Chrome #55 Aqua Raywave Refractors Pirates #/199,5.49,
jw1cu,COCO MONTES 2024 Topps Chrome #182 Purple Sonar RefractorsRockies #/275,3.49,
jw1d6,ANTHONY HUEZO 2024 Bowman #BP-108 Prospects Purple Houston Astros #/250,5.49,
jw1dr,EDUARDO BELTRE 2024 Bowman Chrome #BCP-170 Prospects Fuchsia Shimmer Twins #/199,22.39,
jx2pw,CHRISTOPHER MOREL 2024 Topps Update #MLMU-CM Major League Materials Black #/199,4.49,
jx2py,GIANCARLO STANTON 2024 Topps #MLM-GST Major League Material Relics Yankees,4.89,
jxg0l,JAMIE MORRIS 1989 Pro Set #438 Washington Redskins - VINTAGE,2.99,
jxh11,NIC ANDERSON 2024 Bowman University Chrome #136 Pink Lava Refractor Sooners,3.49,
jxh12,JACOB MANU 2024 Bowman University Chrome #81 Arizona Wildcats,3.49,
jxh14,NIC SCOURTON 2024 Bowman University Chrome #137 Texas A&M Aggies,3.49,
jxhz9,BABE RUTH 2024 Topps Allen & Ginter #198 Boston Red Sox,3.49,
jxhza,JORDAN LAWLAR 2024 Topps Allen & Ginter #99 Arizona Diamondbacks,3.49,
jxhzb,MICKEY MANTLE 2024 Topps Allen & Ginter #142 New York Yankees,3.49,
jxhzc,AUSTIN WELLS 2024 Topps Allen & Ginter #53 New York Yankees,3.49,
jxhzd,CORBIN BURNES 2019 Topps #94 Milwaukee Brewers,3.49,
jxhzi,BRYCE HARPER 2020 Topps Future Stars Club - 09 September #1 Phillies,4.49,
jxhzj,BRYCE HARPER 2018 Topps Update #83-45 1983 Topps Washington Nationals,4.49,
jxhzl,BRYCE HARPER 2020 Topps Future Stars Club - 04 April #1 Philadelphia Phillies,5.49,
jxhzm,DEREK JETER 2020 Topps Future Stars Club - 10 October #2 New York Yankees,4.49,
jxhzn,BRYCE HARPER 2020 Topps Future Stars Club - 06 June #1 Philadelphia Phillies,4.49,
jxhzp,DETROIT TIGERS 2022 Topps Chrome Sapphire Edition #640 Detroit Tigers,3.99,
jxhzr,FREDDIE FREEMAN 2018 Bowman's Best #53 Refractor Atlanta Braves,3.49,
jxhzs,BRYCE HARPER 2018 Bowman's Best #5 Refractor Washington Nationals,4.49,
jxhzu,ARCHIE BRADLEY 2022 Topps Chrome Sapphire Edition #10 Philadelphia Phillies,3.99,
jxhzv,JOSE ABREU 2022 Topps Chrome Sapphire Edition #84 Chicago White Sox,3.99,
jxhzw,JHONKENSY NOEL 2022 Bowman #BP-2 Prospects Cleveland Guardians,4.49,
jxhzz,WYATT LANGFORD 2024 Topps Allen & Ginter #278 Texas Rangers,3.49,
jxi00,RONALD ACUÑA JR. 2020 Topps Archives #241 Atlanta Braves,3.49,
jxi02,ALBERT PUJOLS 2013 Bowman #50 Gold Los Angeles Angels,3.49,
jxi03,MOOKIE BETTS 2021 Topps #T52-6 1952 Topps Redux Los Angeles Dodgers,3.99,
jxi04,ALBERT PUJOLS 2021 Topps #178 Rainbow Foil Los Angeles Angels,3.99,
jxi05,DEREK JETER 1996 Circa #65 New York Yankees,3.99,
jxi07,BLAKE SNELL 2022 Topps Chrome #196 Black & White Mini Diamond Refractor Padres,3.49,
jxi06,DEREK JETER 2020 Topps Chrome Update #U-67 New York Yankees,4.49,
jxi08,FREDDIE FREEMAN 2022 Topps Chrome #14 Refractor Atlanta Braves,3.49,
jxi09,YORDAN ALVAREZ 2022 Topps Chrome #180 Refractor Houston Astros,3.49,
VAS-MS000118-k02wa,KURT WARNER 2023 Topps Composite #151a Finest Blue Checkerboard Refractor #/99,4.49,
TY-KC000002-k3b4v,NOLAN RYAN 2018 Topps Archives #268 Texas Rangers,3.99,
TY-KC000003-k3b4w,TOM GLAVINE 1989 Fleer #591 Atlanta Braves,2.99,
TY-KC000006-k3b4z,BEN JOYCE 2022 Bowman Draft 1st Edition #BD-109 Los Angeles Angels,3.99,
TY-KC000008-k3b51,NATE LOWE 2019 Topps Holiday #HW3 Tampa Bay Rays,2.99,
TY-KC000010-k3b53,JAKE BAUERS 2019 Topps Update #US256 Cleveland Indians,3.99,
TY-KC000011-k3b54,AUSTIN WELLS 2024 Bowman Chrome #15 New York Yankees,3.99,
TY-KC000012-k3b55,CAM COLLIER 2023 Bowman 1st Edition #BPPF-125 Cincinnati Reds,3.99,
TY-KC000013-k3b56,JOSUE DE PAULA 2023 Bowman 1st Edition #BPPF-111 Los Angeles Dodgers,3.99,
TY-KC000014-k3b57,JEFF MCNEIL 2019 Topps Holiday #HW86 Metallic New York Mets,3.99,
TY-KC000018-k3b5b,WILL SMITH 2019 Topps Holiday #HW99 Los Angeles Dodgers,3.99,
TY-KC000019-k3b5c,WILL SMITH 2019 Topps Update #US199 Los Angeles Dodgers,6.49,
TY-KC000020-k3b5d,LUIS ARRAEZ 2019 Topps Update #US247 Minnesota Twins,3.99,
TY-KC000022-k3b5f,YUSEI KIKUCHI 2019 Topps Holiday #HW19 Seattle Mariners,3.99,
TY-KC000025-k3b5i,KODY CLEMENS 2018 Bowman Draft #BDC-121 Chrome Detroit Tigers,3.99,
TY-KC000026-k3b5j,2018 Bowman Draft PARKER MEADOWS #BDC-28 Chrome Detroit Tigers,3.49,
TY-KC000027-k3b5k,CHRIS OLIVER 2014 Bowman Draft #CDP106 Chrome Blue Refractors Phillies #/399,3.99,
TY-KC000028-k3b5l,LANE THOMAS 2014 Bowman Draft #CDP124 Chrome Blue Refractors Blue Jays #/399,9.19,
TY-KC000029-k3b5m,WILLY ADAMES 2018 Panini Chronicles #183 Optic Rated Rookies Prizm Rays RC,3.99,
TY-KC000030-k3b5n,BRADY SINGER 2018 Bowman Draft #BD-135 Kansas City Royals,3.49,
TY-KC000031-k3b5o,GREG MADDUX 2021 Topps #86BC-25 1986 Topps Baseball 35th Anniversary Braves,5.99,
TY-KC000032-k3b5p,CHIPPER JONES 2021 Topps #86BC-64 1986 Topps Baseball 35th Anniversary Braves,4.49,
TY-KC000033-k3b5q,HANK AARON 2021 Topps #86BC-7 1986 Topps Baseball 35th Anniversary Braves,5.99,
TY-KC000034-k3b5r,GEORGE BRETT 2021 Topps #86BC-48 1986 Topps Baseball 35th Anniversary Royals,5.99,
TY-KC000035-k3b5s,WILLY ADAMES 2018 Topps Archives #95 Tampa Bay Rays,3.49,
TY-KC000036-k3b5t,WILLY ADAMES 2018 Bowman's Best #55 Tampa Bay Rays,3.49,
TY-KC000037-k3b5u,MICHAEL FELIZ 2014 Bowman Draft #CTP-76 Chrome Blue Refractors Astros #/399,4.49,
TY-KC000038-k3b5v,KYLE TUCKER 2018 Bowman Chrome #AFL-KT 2017 AFL Fall Stars Houston Astros,3.49,
TY-KC000039-k3b5w,SANDY ALCANTARA 2018 Topps Chrome #128 Refractor Miami Marlins,3.99,
TY-KC000041-k3b5y,JORGE SOLER 2020 Bowman's Best #68 Atomic Refractor Kansas City Royals,3.49,
TY-KC000042-k3b5z,TRISTON CASAS 2018 Bowman Draft #98B-TC Boston Red Sox,3.49,
TY-KC000043-k3b60,NOLAN GORMAN / Triston Casas 2018 Bowman Draft #RV-GC Recommended Viewing,3.49,
TY-KC000044-k3b61,MICK ABEL 2021 Bowman #BCP-42 Chrome Prospects Philadelphia Phillies,3.49,
TY-KC000045-k3b62,MARCUS STROMAN 2012 Bowman #BDPP35 Chrome Draft Picks Blue Jays,4.49,
TY-KC000046-k3b63,WILLIAM CONTRERAS 2021 Panini Diamond Kings #34 Atlanta Braves Basketball,3.49,
TY-KC000048-k3b65,AKIL BADDOO 2022 Topps Chrome Sapphire Edition #402 Detroit Tigers,3.49,
TY-KC000049-k3b66,SHANE MCCLANAHAN 2022 Topps Chrome Sapphire Edition #244 Tampa Bay Rays,3.49,
TY-KC000050-k3b67,JORGE ALFARO 2022 Topps Chrome Sapphire Edition #36 Miami Marlins,3.49,
TY-KC000051-k3b68,STEPHEN STRASBURG 2022 Topps Chrome Sapphire Edition #492 Washington Nationals,3.49,
VAS-MS000215-k6b9o,2024 Panini Prizm Draft PICKS BRADY COOK #187 Red Ice Missouri Tigers,3.49,
VAS-MS000216-k6b9p,2023 Bowman University Chrome SHEDEUR SANDERS #55BF-28 Buffaloes,8.19,
WHT-MS000010-k8v08,2024 Topps Chrome MLS DAVID VILLA #100 New York City FC Spain,3.99,
WHT-MS000009-k8v06,2024 Topps Chrome MLS DIDIER DROGBA #64T-17 Topps 1964 Football Montreal Impact,3.99,
TY-KC000043-k9bk8,2024 Topps TONY GWYNN #89ASR-TG 35th Anniversary All-Stars Relics Padres,10.99,
TY-KC000042-k9bk7,2023 Panini Chronicles ALEX RAMIREZ #GSS-AR Gold Standard Swatches New York Mets,3.49,
TY-KC000046-k9bkb,2023 Leaf TRINITY MATT SHAW #RR-35 Rookie Relics Chicago Cubs RC,7.09,
TY-KC000048-k9bkd,2024 Donruss TAI PEETE #PJK-TP Prospect Jersey Kings Orange Ice Seattle Mariners,4.49,
TY-KC000170-k75dx,2024 Topps Chrome KETEL MARTE #35 Purple Speckle Refractors Diamondbacks #/299,4.49,
TY-KC000171-k75dy,2024 Topps Chrome MAX SCHERZER #37 Purple Refractors Texas Rangers #/250,3.99,
TY-KC000172-k75dz,2024 Topps Chrome PAUL BLACKBURN #43 Aqua Refractors Oakland Athletics #/199,3.49,
TY-KC000173-k75e0,2024 Topps Chrome YUKI MATSUI #116 Purple Sonar Refractors Padres #/275,5.49,
TY-KC000176-k75e3,2024 Topps Chrome GERRIT COLE #164 Aqua Lava Refractors New York Yankees #/199,5.49,
TY-KC000177-k75e4,2024 Topps Chrome JONNY DELUCA #163 Aqua Raywave Refractors Tampa Bay Rays #/199,4.49,
TY-KC000169-k75dw,1986 Donruss FRED MCGRIFF #28 Toronto Blue Jays,6.99,
TY-KC000050-k9ccv,2021 Topps Update RAFAEL DEVERS #MLM-RD Major League Material Red Sox,3.99,
TY-KC000049-k9ccu,2023 Topps BYRON BUXTON #FD-BBX Father's Day Commemorative Team Patches Twins,4.49,
TY-KC000181-k75e9,2024 Topps Chrome TAJ BRADLEY #83 Blue Refractors Tampa Bay Rays #/150,4.49,
TY-KC000191-k75ek,2024 Topps Update JACKIE ROBINSON #AC-7 All Class Brooklyn Dodgers,3.99,
TY-KC000193-k75em,2024 Topps Update JULIO RODRÍGUEZ #AC-19 All Class Seattle Mariners,1.99,
TY-KC000195-k75eo,2023 Topps Chrome Update RILEY GREENE #FSU-16 Future Stars Detroit Tigers,3.99,
TY-KC000196-k75ep,2024 Topps Chrome JACKSON HOLLIDAY #SITP-8 Summertime in the Park Orioles,5.49,
TY-KC000194-k75en,2024 Topps Update MIKE TROUT #AC-12 All Class Los Angeles Angels,3.49,
TY-KC000197-k75eq,1991 Topps CHIPPER JONES #333 Atlanta Braves,5.99,
TY-KS000254-kalty,2014 Bowman Draft ERICK FEDDE #DP14 Silver Ice Washington Nationals,3.99,
TY-KS000252-kaltw,2020 Bowman JARREN DURAN #BP-144 Prospects Boston Red Sox,3.49,
TY-KS000296-kamru,2023 Bowman JACKSON CHOURIO #BCP-76 Chrome Prospects Milwaukee Brewers,3.49,
TY-KS000295-kamrt,2018 Bowman Draft JAZZ CHISHOLM #BDC-16 Chrome Refractors Arizona Diamondbacks,3.49,
TY-KS000253-kaltx,2024 Topps Update JORDAN WESTBURG #US125 Rainbow Foil Baltimore Orioles,3.49,
TY-KS000294-kamrs,2018 Bowman Draft DYLAN CEASE #BDC-59 Chrome Refractors Chicago White Sox,3.49,
VAS-MS000344-kala7,2025 Panini CRUSADE PAUL SKENES #18 Call to Arms Pittsburgh Pirates,4.79,
TY-KS000263-kalu7,2022 Topps Chrome MAX MUNCY #42 Los Angeles Dodgers,1.99,
TY-KS000299-kamrx,2021 Bowman's Best MARCELO MAYER #93 Boston Red Sox,12.99,
TY-KS000300-kamry,2019 Bowman KYLE TUCKER #ROYF-1 Rookie of the Year Favorites Houston Astros RC,5.49,
TY-KS000256-kalu0,2021 Topps GREG MADDUX #86BC-25 35th Anniversary Chrome Braves,4.49,
TY-KS000257-kalu1,2023 Bowman Chrome CORBIN CARROLL #5 Arizona Diamondbacks,5.99,
TY-KS000302-kams0,2022 Topps Heritage JARREN DURAN #NAP-23 New Age Performers Boston Red Sox,3.49,
TY-KS000258-kalu2,2022 Topps ALLEN & Ginter Chrome B-Real #242,2.29,
TY-KS000259-kalu3,2022 Topps ALLEN & Ginter Benny Horowitz #206,1.99,
TY-KS000304-kams2,2014 Bowman GIANCARLO STANTON #19 Hometown Miami Marlins,3.99,
TY-KS000260-kalu4,2022 Topps ALLEN & Ginter Chrome Field Yates #283,2.59,
TY-KS000305-kams3,2014 Bowman BRANDON MOSS #142 Orange Oakland Athletics #/250,3.49,
TY-KS000261-kalu5,2022 Topps ALLEN & Ginter Chrome Blake Jamieson #201,1.99,
TY-KS000306-kams4,2024 Topps Update DUO GRANDAL/SKENES #US160 Pirates,2.99,
TY-KS000262-kalu6,2022 Topps ALLEN & Ginter Chrome Sam Mewis #233,1.99,
VAS-MS000303-kairv,NOLAN ARENADO 2015 Panini Prizm #125 Colorado Rockies,3.49,
VAS-MS000302-kairu,CARLOS RODON 2019 Panini Prizm #155 Chicago White Sox,3.49,
VAS-MS000306-kbmeb,2024 Topps Chrome Sapphire Edition DARIUS ROBINSON #289 Arizona Cardinals,6.49,
VAS-MS000338-kdvwu,2023 Topps BRYCE HARPER #SMLB-14 Stars of MLB Philadelphia Phillies,3.49,
VAS-MS000340-kdvww,2021 Finest JACOB DEGROM #53 New York Mets,3.49,
VAS-MS000339-kdvwv,2025 Topps ELLY DE LA CRUZ #SMLB-13 Stars of MLB Cincinnati Reds,2.99,
VAS-MS000344-kdvx0,2023 Topps OZZIE ALBIES #81 Atlanta Braves,3.49,
VAS-MS000346-kdvx2,2024 Bowman CAM COLLIER #BP-13 Prospects Cincinnati Reds,3.49,
VAS-MS000343-kdvwz,2023 Topps Update VLADIMIR GUERRERO JR. #ASG-10 Blue Jays,3.49,
VAS-MS000342-kdvwy,2023 Topps FREDDIE FREEMAN #200 Los Angeles Dodgers,3.99,
VAS-MS000345-kdvx1,2024 Bowman KRIS BRYANT #50 Colorado Rockies,3.49,
VAS-MS000349-kdvx5,2021 Panini Prizm YORDAN ALVAREZ #LI10 Lumber Inc. Houston Astros,3.49,
VAS-MS000347-kdvx3,2017 Topps ALLEN & Ginter Nomar Mazara #91 Texas Rangers,1.99,
VAS-MS000350-kdvx6,2022 Panini Select BRANDON MARSH #SS2 Select Stars Los Angeles Angels,3.49,
VAS-MS000341-kdvwx,2021 Finest JOEY VOTTO #21 Cincinnati Reds,3.49,
VAS-MS000351-kdvx7,2022 Panini CAPSTONE JAZZ CHISHOLM #NA-7 New Age Miami Marlins Basketball,3.49,
VAS-MS000354-kdvxa,2023 Bowman JAMES WOOD #BCP-129 Chrome Prospects Washington Nationals,3.49,
VAS-MS000348-kdvx4,2024 Bowman MOOKIE BETTS #40 Los Angeles Dodgers,3.49,
VAS-MS000353-kdvx9,2024 Bowman RILEY GREENE #16 Detroit Tigers,3.49,
VAS-MS000358-kdvxe,2025 Topps Heritage PETE ALONSO #374 New York Mets,2.99,
VAS-MS000355-kdvxb,2024 Bowman JACE JUNG #BCP-5 Chrome Prospects Detroit Tigers,3.49,
VAS-MS000356-kdvxc,2024 Bowman DRUW JONES #BP-60 Prospects Arizona Diamondbacks,3.49,
VAS-MS000352-kdvx8,2024 Bowman MICHAEL HARRIS II #41 Atlanta Braves,3.49,
VAS-MS000360-kdvxg,2022 Topps TATIS JR./CRONENWORTH #TT-2 6-4 Stars (Turnin' Two) Padres,2.09,
VAS-MS000359-kdvxf,2025 Bowman KYLE TEEL #BCP-118 Chrome Prospects Chicago White Sox,2.99,
VAS-MS000363-kdvxj,2021 Finest CHRIS SALE #61 Boston Red Sox,3.49,
VAS-MS000362-kdvxi,2007 Bowman Draft PICKS & Prospects Justin Upton #BDP3 Arizona Diamondbacks,1.99,
VAS-MS000361-kdvxh,2007 Bowman Draft JUSTIN UPTON #BDPP110 Chrome Prospects Refractors Diamondbacks,3.49,
VAS-MS000366-kdvxm,2023 Panini Chronicles JACKSON MERRILL #23 San Diego Padres,3.49,
VAS-MS000365-kdvxl,2023 Topps YORDAN ALVAREZ #181 Houston Astros,3.49,
VAS-MS000364-kdvxk,2021 Finest PETE ALONSO #29 New York Mets,3.49,
VAS-MS000367-kdvxn,2024 Bowman CORBIN CARROLL #25 Arizona Diamondbacks,3.49,
VAS-MS000373-kdzox,2022-23 Topps Chrome Bundesliga FARIDE ALIDOU #37 Eintracht Frankfurt,3.49,
VAS-MS000372-kdzow,2023-24 Topps Chrome UEFA CATARINA MACARIO #31 Purple Pulsar Chelsea F.C. #/299,6.49,
VAS-MS000374-kdzoy,2023-24 Topps Chrome UEFA Club GUSTAV ISAKSEN #200 Aqua Lava Refractor,3.49,
VAS-MS000375-kdzoz,2024-25 Topps Chrome UEFA Club Competitions MYLES LEWIS-SKELLY #154 Arsenal FC,3.49,
VAS-MS000381-kdzp6,2023-24 Topps UEFA Club KANG-IN LEE #96 Chinese New Year Paris #/150 PSG,19.09,
VAS-MS000436-kee2p,2024 Topps SIGNATURE Class Anthony Richardson #22 Indianapolis Colts Basketball,1.99,
VAS-MS000466-kehby,2024 Panini Prizm Draft PICKS ANGEL REESE #24 New Recruits LSU Tigers,4.49,
VAS-MS000471-kehc7,1993-94 Upper Deck MICHAEL JORDAN #201 Chicago Bulls Basketball,3.99,
VAS-MS000475-kehcq,2022-23 Bowman University Best GRADEY DICK #72 Ref Kansas Jayhawks Basketball,3.99,
VAS-MS000476-kehdc,2023-24 Bowman University Chrome DALTON KNECHT #48 Tennessee Volunteers,3.49,
VAS-MS000479-kehdg,2024 Panini Prizm Draft PICKS ALEXANDRE SARR #52b Tampa Yankees,4.49,
VAS-MS000491-kehdv,2023-24 Topps Chrome RAYAN RUPERT #CRA-RR Certified Rookie (AU) Trail Blazers RC,4.49,
CDP-BA6D548,1990 Leaf BO JACKSON KANSAS CITY ROYALS #125,3.49,
CDP-BFCFFD0,1992 Donruss Triple PLAY - #164 Bo Jackson Chicago White Sox,3.49,
CDP-9FF27E8,1991 Donruss #632 Bo Jackson Kansas City Royals Baseball,1.49,
CDP-1724F74,1990 Upper Deck - BO JACKSON #105 Royals,2.49,
CDP-9A582DA,1993 Leaf - BO JACKSON #316 White Sox,2.99,
CDP-09B8A2A,1995 Score #342 Bo Jackson - Anaheim Angels,2.59,
CDP-788683C,1994 Topps Stadium Club - BO JACKSON #547 Angels,5.49,
CDP-FD0041E,1990 Fleer #110 Bo Jackson Kansas City Royals,1.49,
CDP-DD5A0EC,1995 Stadium Club Card BO JACKSON #2 California Angels,2.99,
CDP-C8BBB5B,1993 Topps - BO JACKSON #400 White Sox,2.99,
CDP-1450007,91 Upper Deck BO JACKSON Baseball Cards #744,3.49,
CDP-0C44522,1995 Upper Deck - BO JACKSON #20 Angels,3.99,
CDP-B8D2BCF,1989 DONRUSS #208 BO JACKSON ROYALS,2.99,
VAS-MS000515-kjcpo,2024 Topps ANTHONY VOLPE #180 New York Yankees,2.99,
VAS-MS000516-kjcpp,2025 Bowman OZZIE ALBIES #71 Atlanta Braves,2.49,
VAS-MS000517-kjcpq,2025 Topps ALL Star Game José Ramírez #71 Cleveland Guardians,2.95,
VAS-MS000518-kjcpr,2025 Bowman BOBBY WITT JR. #7 Kansas City Royals,2.49,
VAS-MS000519-kjcps,2025 Bowman JACKSON CHOURIO #11 Milwaukee Brewers,2.49,
VAS-MS000520-kjcpt,2008 Topps MANNY RAMIREZ #26 Boston Red Sox,3.49,
VAS-MS000521-kjcpu,2024 Topps FERNANDO TATIS JR. #89B-10 1989 35th Anniversary (Series One) Padres,2.99,
VAS-MS000522-kjcpv,2024 Bowman SEBASTIAN WALCOTT #BCP-81 Chrome Prospects Texas Rangers,4.49,
VAS-MS000523-kjcpw,"2022 Topps OPENING Day Triple Play Acuna Jr., Albies, Freeman #TPC-2C,B,As",2.99,
VAS-MS000524-kjcpx,2024 Topps KYLE SCHWARBER #136 Silver Crackle Foil Philadelphia Phillies,4.49,
VAS-MS000525-kjcpy,2023 Topps 1st Edition LOS ANGELES DODGERS #219 Los Angeles Dodgers,2.99,
VAS-MS000526-kjcpz,2023 Topps 1st Edition JUDGEMENT Day #245 Yankees,1.25,
VAS-MS000527-kjcq0,2023 Panini Chronicles BOBBY WITT JR. #18 Royals,2.99,
VAS-MS000528-kjcq1,2023 Topps KRIS BRYANT #SMLB-58 Stars of MLB Rockies,2.99,
CDP-DE7E160,1988 Donruss - BO JACKSON #220 Royals,3.49,
BS-3000-kkh6r,2024 Topps Heritage EVAN LONGORIA #CCR-EL Clubhouse Collection Relics,2.99,
BS-3001-kkh6s,2024 Topps Triple THREADS SPENCER STRIDER #88 Atlanta Braves,3.99,
BAS-2025-kshqh,2024 Topps ADLEY RUTSCHMAN #SS-ARU Silver Slugger Award Winner Patches O's,6.49,
BAS-2026-kshqk,2024 Topps CODY BELLINGER #SS-CB Silver Slugger Award Winner Patches /299 Cubs,8.09,
STAR-0001-kskie,2023 Topps Chrome Star WARS LEIA ORGANA #M-16 Monikers,3.49,
STAR-0003-kskig,2025 Topps Chrome Star WARS NEEL #137,2.99,
STAR-0005-kskii,2023 Topps Chrome Star WARS KLAUD #75,3.49,
STAR-0004-kskih,2023 Topps Chrome Star WARS JANNAH #78,3.49,
STAR-0002-kskif,2023 Topps Chrome Star WARS PRINCESS LEIA ORGANA #17,3.49,
STAR-0006-kskij,2023 Topps Chrome Star WARS GREEZ DRITUS #29,3.49,
STAR-0007-kskik,2023 Topps Chrome Star WARS KAZUDA XIONO #36,3.49,
STAR-0008-kskil,2023 Topps Chrome Star WARS TECH #83,2.99,
STAR-0009-kskim,2023 Topps Chrome Star WARS SUPREME LEADER SNOKE #57,3.49,
STAR-0010-kskin,2023 Topps Chrome Star WARS NEEKU VOZO #37,3.49,
STAR-0015-kskis,2023 Topps Chrome Star WARS D-O #79,2.99,
STAR-0011-kskio,2025 Topps Chrome Star WARS MOTHER TALZIN #136,2.99,
STAR-0012-kskip,2025 Topps Chrome Star WARS FILLIK #44,2.99,
STAR-0016-kskiu,2025 Topps Chrome Star WARS KAWLAN ROKEN #70,2.99,
STAR-0013-kskiq,2023 Topps Chrome Star WARS PADMÉ AMIDALA #49,1.99,
STAR-0019-kskiw,2025 Topps Chrome Star WARS MASTER CODEBREAKER #88,2.99,
STAR-0014-kskir,2025 Topps Chrome Star WARS CAPTAIN SILVO #21,2.99,
STAR-0020-kskix,2023 Topps Chrome Star WARS AHSOKA TANO #96,3.49,
STAR-0018-kskiv,2025 Topps Chrome Star WARS BB-9E #105,1.99,
STAR-0023-kskj0,2023 Topps Chrome Star WARS FENNEC SHAND #90,3.49,
STAR-0021-kskiy,2023 Topps Chrome Star WARS SALACIOUS B. Crumb #46,3.49,
STAR-0022-kskiz,2023 Topps Chrome Star WARS YODA #51,2.99,
BB003001-ksnrt,2024-25 Bowman University Chrome DYLAN HARPER #22 Rutgers Scarlet Knights,3.49,
BB003022-ksnsm,2024 Panini Prizm Draft PICKS ALEXANDRE SARR #52 Prizms Red Ice Boston Red Sox,3.49,
BB003032-ksnsx,2024-25 Topps Chrome DERECK LIVELY II #114 Topps Green Ref Mavericks Basketball,3.49,
BB003045-ksnta,2024-25 Topps Chrome YVES MISSI #156 New Orleans Pelicans Basketball,3.49,
BB003047-ksntc,2024-25 Topps Chrome CAM SPENCER #130 Memphis Grizzlies Basketball,3.49,
BB003048-ksntd,2024-25 Topps Chrome JALEN BRIDGES #146 Phoenix Suns Basketball,3.49,
BB003070-ku8k1,2023-24 Topps Chrome CARMELO ANTHONY #27 Denver Nuggets Basketball,3.49,
BAS-2027-ku9e6,2024 Topps ANTHONY VOLPE #180 Team Color Border Variation Yankees SSP,65.0,
BB-3081-kv7k5,2022-23 Topps NBL ARIEL HUKPORTI #41 Gold Melbourne United #/50,29.0,
FB-003083-kv8sc,2024 Topps SIGNATURE Class Adrian Peterson #31 Minnesota Vikings Basketball,1.49,
BB-3082-kvaoj,2022-23 Topps Chrome NBL RASHARD KELLY #FC-15 Flight Club Tasmania JackJumpers,4.49,
BB-3083-kvaok,2022-23 Topps Chrome NBL MILTON DOYLE #90 Tasmania JackJumpers,3.49,
BB-3084-kvaol,2022-23 Topps NBL CAM GLIDDON #57 New Zealand Breakers,3.49,
BB-3085-kvaom,2022-23 Topps NBL MATT KENYON #92 Tasmania JackJumpers,3.49,
BB-3086-kvaon,2022-23 Topps Chrome NBL KYLE ZUNIC #65 Perth Wildcats,3.49,
BB-3087-kvaoo,2022-23 Topps Chrome NBL JOSH MAGETTE #94 Tasmania JackJumpers,3.49,
BB-3088-kvaop,2022-23 Topps Chrome NBL MITCH MCCARRON #8 Refractor Adelaide 36ers,3.49,
BB-3089-kvaoq,2022-23 Topps Chrome NBL TOM ABERCROMBIE #52 New Zealand Breakers,3.49,
BB-3090-kvaor,2022-23 Topps Chrome NBL WANI SWAKA LO BULUK #40 Illawarra Hawks Basketball,3.49,
BB-3091-kvaos,2022-23 Topps Chrome NBL WILLIAM HICKEY #34 Illawarra Hawks Basketball,3.49,
BB-3092-kvaot,2022-23 Topps Chrome NBL SAM FROLING #32 Illawarra Hawks Basketball,3.49,
BB-3093-kvaou,2022-23 Topps Chrome NBL RYAN BROEKHOFF #72-16 1972 Topps Basketball S.E.,3.49,
BB-3095-kvaow,2022-23 Topps Chrome NBL DANIEL FOTU #54 New Zealand Breakers,3.49,
BB-3096-kvaox,2022-23 Topps Chrome NBL SHAUN BRUCE #81 Sydney Kings Basketball,3.49,
BB-3097-kvaoy,2022-23 Topps Chrome NBL JUSTIN ROBINSON #39 Illawarra Hawks Basketball,3.49,
BB-3098-kvaoz,2022-23 Topps Chrome NBL JESSE WAGSTAFF #68 Perth Wildcats,3.49,
BB-3099-kvap0,2022-23 Topps Chrome NBL CLINT STEINDL #98 Tasmania JackJumpers,2.49,
BB-3092-kvap2,2022-23 Topps Chrome NBL BIWALI BAYLES #80 Sydney Kings Basketball,3.49,
BB-3094-kvap4,2022-23 Topps Chrome NBL TODD BLANCHFIELD #60 Perth Wildcats,3.49,
BB-3096-kvap6,2022-23 Topps Chrome NBL WILL MAGNAY #95 Tasmania JackJumpers,3.49,
BB-3097-kvap7,2022-23 Topps Chrome NBL TIM SOARES #89 Sydney Kings Basketball,3.49,
BB-3098-kvap8,2022-23 Topps NBL SHEA ILI #45 Melbourne United,2.99,
BB-3099-kvap9,2022-23 Topps Chrome NBL BUL KUOL #26 Cairns Taipans,3.49,
BB-3100-kvaz6,2022-23 Topps Chrome NBL TOM ABERCROMBIE #TCA-TA Topps Chrome Authentics,11.19,
BAS-003158-l11cj,2025 Topps NL LEADERS RBI (OHTANI/ADAMES/MACHADO) #86 Confetti,2.5,
BAS-003159-l11cm,2025 Bowman ROKI SASAKI #12 Los Angeles Dodgers,2.99,
CDP-79D19F9,2025-26 Topps Basketball LAMELO BALL #TC-LB Aqua Mojo /199 Hornets,40.79,
BB-003205-l9rbc,2025-26 Topps JASE RICHARDSON #TC-JR 1980-81 Topps Chrome Basketball Magic,5.99,
BB-003206-l9rbd,2025-26 Topps NOA ESSENGUE #TC-NE 1980-81 Topps Chrome Basketball Chicago Bulls,3.99,
BB-003208-l9rbf,2025-26 Topps DONOVAN MITCHELL #TC-DM 1980-81 Topps Chrome Basketball Cavaliers,2.99,
BB-003209-l9rbg,2025-26 Topps SCOTTIE BARNES #SA-28 Stars of the NBA /99 Raptors,25.0,
BB-003210-l9rbh,2025-26 Topps LIAM MCNEELEY #TC-LM 1980-81 Topps Chrome Basketball Hornets,4.99,
BB-003213-l9rbk,2025-26 Topps GARY TRENT JR. #59 Foil Pattern Milwaukee Bucks Basketball,3.99,
BB-003214-l9rbl,2025-26 Topps OSO IGHODARO #ME-OI Marks of Excellence Phoenix Suns Auto,20.0,
BB-003215-l9rbm,2025-26 Topps CODY WILLIAMS #130 Holo Foil Utah Jazz Basketball,4.99,
BB-003218-l9rbp,2025-26 Topps JEREMIAH FEARS #NS-7 New School New Orleans Pelicans Basketball,5.99,
BB-003220-l9rbr,2025-26 Topps GIANNIS ANTETOKOUNMPO #MVP-3 MVP Vault Milwaukee Bucks Basketball,4.99,
BB-003221-l9rbs,2025-26 Topps ADOU THIERO 1980-81 RC Rookie #80BK-79 Lakers Silver Foil,4.99,
BB-003222-l9rbt,2025-26 Topps THOMAS SORBER (RC) #NL-15 No Limit Oklahoma City Thunder /250,14.0,
BB-003226-l9xa2,2025-26 Topps ALIJAH MARTIN #240 Toronto Raptors Basketball,2.99,
BB-003227-l9xa3,2025-26 Topps JOAN BERINGER #217 Minnesota Timberwolves Basketball,2.99,
BB-003228-l9xa4,2025-26 Topps WILL RILEY #221 Washington Wizards Basketball,2.99,
BB-003229-l9xa5,2025-26 Topps TRE JOHNSON III #206 Washington Wizards Basketball,5.99,
BB-003230-l9xa6,2025-26 Topps ZACCHARIE RISACHER #62 Atlanta Hawks Basketball,2.49,
BB-003232-l9xa8,2025-26 Topps BEN SARAF #226 Brooklyn Nets Basketball,3.99,
BB-003237-l9xad,2025-26 Topps MAXIME RAYNAUD #243 Sacramento Kings Basketball,2.99,
BB-003238-l9xae,2025-26 Topps STEPHON CASTLE #197 San Antonio Spurs Basketball,2.99,
BB-003241-l9xah,2025-26 Topps CARTER BRYANT #214 San Antonio Spurs Basketball,2.99,
BB-003243-l9xaj,2025-26 Topps LIAM MCNEELEY #229 Charlotte Hornets Basketball,2.99,
BB-003247-l9xan,2025-26 Topps COLLIN MURRAY-BOYLES #209 Toronto Raptors Basketball,2.99,
BB-003249-l9xap,2025-26 Topps JAYLEN WELLS #183 Memphis Grizzlies Basketball,2.99,
BB-003250-l9xaq,2025-26 Topps JEREMIAH FEARS #207 New Orleans Pelicans Basketball,2.99,
BB-003254-l9xau,2025-26 Topps CHAZ LANIER #238 Detroit Pistons Basketball,2.99,
BB-003258-l9xay,2025-26 Topps THOMAS SORBER #215 Oklahoma City Thunder Basketball,2.99,
BB-003260-l9xb0,2025-26 Topps BROOKS BARNHIZER #245 Oklahoma City Thunder Basketball,2.99,
BB-003263-l9xb3,2025-26 Topps JOHNI BROOME #235 Philadelphia 76ers Basketball,2.99,
BB-003265-l9xb5,2025-26 Topps NOAH PENDA #232 Orlando Magic Basketball,2.99,
BB-003269-l9xb9,2025-26 Topps ACE BAILEY #205 Utah Jazz Basketball,3.99,
BB-003271-l9xbb,2025-26 Topps EGOR DËMIN #208 Brooklyn Nets Basketball,1.99,
BB-003276-l9xbh,2025-26 Topps ADOU THIERO #236 Los Angeles Lakers Basketball,2.99,
BB-003277-l9xbi,2025-26 Topps JASE RICHARDSON #225 Orlando Magic Basketball,2.99,
BB-003278-l9xbj,2025-26 Topps KOBY BREA #242 Phoenix Suns Basketball,2.99,
BB-003279-l9xbk,2025-26 Topps DANNY WOLF #227 Brooklyn Nets Basketball,2.99,
BB-003280-l9xbl,2025-26 Topps NOLAN TRAORE #219 Brooklyn Nets Basketball,2.99,
BB-003281-l9xbm,2025-26 Topps YANG HANSEN #216 Portland Trail Blazers Basketball,2.99,
BB-003282-l9xbn,2025-26 Topps KAM JONES #239 Indiana Pacers Basketball,2.99,
BB-003283-l9xbo,2025-26 Topps TYRESE PROCTOR #250 Cleveland Cavaliers Basketball,2.99,
BB-003284-l9xbp,2025-26 Topps ALEX SARR #96 Washington Wizards Basketball,2.99,
BB-003285-l9xbq,2025-26 Topps NOA ESSENGUE #212 Chicago Bulls Basketball,2.99,
BB-003286-l9xbr,2025-26 Topps HUGO GONZÁLEZ #228 Boston Celtics Basketball,1.99,
BB-003287-l9xbs,2025-26 Topps DRAKE POWELL #222 Brooklyn Nets Basketball,2.99,
BB-003252-l9xas-257753F,VJ EDGECOMBE 2025-26 Topps Rookie Card #203 Topps Flagship RC 76ers RC,4.99,
BB-003306-lb9y8,2024 Topps CAL RALEIGH #122 Rainbow Foil Seattle Mariners,4.49,
BB-003328-lchf6,2024-25 Bowman University Chrome KHAMAN MALUACH #46 Black Wave Refractor,3.99,
BB-003327-lchf5,2022-23 Bowman University Chrome GRADEY DICK #41 Kansas Jayhawks Basketball,3.49,
BB-003361-lchgq,2023-24 Topps Chrome MARCUS SMART #119 Memphis Grizzlies Basketball,3.49,
SR-003303-ld0zq,2024-25 Topps Chrome UEFA Club Competitions Vinícius Tobias #167 Donetsk,1.99,
SR-003305-ld0zt,2021-22 Topps Chrome UEFA JORDAN HENDERSON #16 Pink Refractor Liverpool #/175,5.49,
SR-003306-ld0zu,2024-25 Topps UEFA NICOLAS JACKSON #41 Pink Inferno Chelsea FC #/75,4.49,
SR-003312-ld102,2020-21 Topps Chrome UEFA BRANDON SOPPY #27 Purple Mini-Diamond Ref Stade /250,6.49,
SR-003318-ld10a,2023-24 Topps Chrome UEFA Club Competitions GUSTAV ISAKSEN #200 Lazio,3.49,
SR-003320-ld10d,2025 Upper Deck GOODWIN Champions Lamine Yamal #98 Rainbow Barcelona Soccer,3.99,
SR-003324-ld10h,2023-24 Topps Chrome UEFA WCL CATARINA MACARIO #31 Purple Pulsar Chelsea /299,4.49,
CDP-660E912,2024 Topps Update #ASG-18 Shohei Ohtani 2024 All-Star Game Los Angeles Dodgers,2.99,
BASV-001002-lmh7v,1974 Topps BILL SHARP #519 Chicago White Sox,1.0,
BASV-001003-lmh7w,1973 Topps MIKE ANDREWS #42 Chicago White Sox,2.49,
BASV-001004-lmh7z,1974 Topps LLOYD ALLEN #539 Texas Rangers,1.0,
BASV-001005-lmh80,1974 Topps DENIS MENKE #134 Cincinnati Reds,2.49,
BASV-001006-lmh82,1976 Topps PEDRO BORBON #77 Cincinnati Reds,2.49,
BASV-001007-lmh84,1974 Topps SANDY ALOMAR #347 California Angels,2.49,
BASV-001008-lmh85,1974 Topps ROD GILBREATH #93 Atlanta Braves,2.49,
BASV-001009-lmh86,1973 Topps KEN SANDERS #246 Philadelphia Phillies,2.49,
BASV-001010-lmh88,1973 Topps DOUG RADER #76 Houston Astros,2.49,
BASV-001012-lmh8d,1974 Topps CESAR TOVAR #538 Philadelphia Phillies,2.49,
BASV-001011-lmh8b,1973 Topps MIKE CALDWELL #182 San Diego Padres,2.49,
BASV-001013-lmh8f,1974 Topps BART JOHNSON #147 Chicago White Sox,2.49,
BASV-001015-lmh8l,1974 Topps RON SCHUELER #544T Traded Philadelphia Phillies,2.49,
BASV-001014-lmh8j,1974 Topps RICH HAND #571 California Angels,2.49,
BASV-001016-lmh8n,1974 Topps CLEVELAND INDIANS #541 Cleveland Indians,2.49,
BASV-001017-lmh8p,1974 Topps GEORGE HENDRICK #303 Cleveland Indians,1.99,
BASV-001019-lmh8t,1974 Topps JIM WOHLFORD #407 Kansas City Royals,2.49,
BASV-001020-lmh8u,1974 Topps LUKE WALKER #612T Traded Detroit Tigers,2.49,
BASV-001021-lmh8v,1974 Topps ED BRINKMAN #138 Detroit Tigers,2.49,
BASV-001022-lmh8w,1973 Topps AURELIO RODRIGUEZ #218 Detroit Tigers,2.49,
BASV-001024-lmh8y,1974 Topps PEDRO GARCIA #142 Milwaukee Brewers,2.49,
BASV-001025-lmh8z,1974 Topps MICKEY LOLICH #9 Detroit Tigers,2.49,
BASV-001026-lmh90,1974 Topps BILL CAMPBELL #26 Minnesota Twins,2.49,
BASV-001027-lmh92,1970 Topps WILLIE SMITH #318 Chicago Cubs,2.49,
BASV-001028-lmh94,1970 Topps DICK DRAGO #37 Kansas City Royals,2.49,
BASV-001029-lmh96,1974 Topps BOBBY HEISE #51 Milwaukee Brewers,2.49,
BASV-001031-lmh9f,1974 Topps JOHN MAYBERRY #150 Kansas City Royals,2.49,
BASV-001032-lmh9g,1973 Topps ROGER NELSON #251 Kansas City Royals,2.49,
BASV-001033-lmh9h,1973 Topps RICHIE SCHEINBLUM #78 Kansas City Royals,2.49,
BASV-001035-lmh9j,1974 Topps GENE GARBER #431 Kansas City Royals,2.49,
BASV-001038-lmh9m,1974 Topps LINDY MCDANIEL #182T Traded Kansas City Royals,2.49,
BASV-001039-lmh9n,1973 Topps DON BUFORD #183 Baltimore Orioles,2.49,
BASV-001040-lmh9o,1974 Topps FRANK DUFFY #81 Cleveland Indians,1.99,
BASV-001041-lmh9p,1974 Topps WILLIE CRAWFORD #480 Los Angeles Dodgers,2.49,
BASV-001042-lmh9q,1970 Topps HARRY WALKER #32 Houston Astros,2.49,
BASV-001043-lmh9s,1970 Topps JOE LAHOUD #78 Boston Red Sox,2.49,
BASV-001044-lmh9t,1970 Topps LARRY BROWN #391 Cleveland Indians,1.99,
BASV-001046-lmh9v,1976 Topps ED GOODSON #386 Los Angeles Dodgers,2.49,
BASV-001045-lmh9u,1970 Topps BILL ROBINSON #23 New York Yankees,2.49,
BASV-001047-lmh9w,1973 Topps KEN MCMULLEN #196 Los Angeles Dodgers,2.49,
BASV-001048-lmh9x,1974 Topps Red SOX JOHNSON/POPOWSKI/STANGE/ZIMMER,1.0,
BASV-001049-lmh9y,1974 Topps ROSS GRIMSLEY #59T Traded Baltimore Orioles,2.49,
BASV-001050-lmh9z,1974 Topps BOB GALLAGHER #21 Houston Astros,2.49,
BASV-001051-lmha0,1973 Topps World Series Game No. 3: REDS WIN SQUEAKER #205 Cincinnati Reds,2.49,
BASV-001052-lmha1,1973 Topps WOODIE FRYMAN #146 Detroit Tigers,2.49,
BASV-001053-lmha2,1974 Topps DOCK ELLIS #145 Pittsburgh Pirates,2.49,
BASV-001054-lmha3,1974 Topps DOUG RAU #64 Los Angeles Dodgers,1.99,
BASV-001055-lmha4,1973 Topps MIKE JORGENSEN #281 Montreal Expos,1.99,
BASV-001056-lmha5,1974 Topps RON WOODS #377 Montreal Expos,1.99,
BASV-001057-lmha6,1973 Topps PAT KELLY #261 Chicago White Sox,2.49,
BASV-001058-lmha7,1973 Topps JOHNNY JETER #423 Chicago White Sox,2.49,
BASV-001059-lmha9,1973 Topps WHITE SOX (TANNER/LONNETT/MAHONEY/MONCHAK/SAIN) #356 White Sox,1.99,
BASV-001060-lmhaa,1973 Topps CY ACOSTA #379 Chicago White Sox USA,2.49,
BASV-001061-lmhab,1973 Topps BOB MILLER #277 Pittsburgh Pirates,2.49,
BASV-001062-lmhac,1974 Topps BOB MOOSE #382 Pittsburgh Pirates,2.49,
BASV-001066-lmhag,1973 Topps RUDY MAY #102 California Angels,1.99,
BASV-001065-lmhaf,1974 Topps RON FAIRLY #146 Montreal Expos,1.99,
BASV-001067-lmhah,1973 Topps CALIFORNIA ANGELS #243 California Angels,2.49,
BASV-001068-lmhai,1973 Topps JIM NETTLES #358 Minnesota Twins,2.49,
BASV-001069-lmhaj,1974 Topps JOHN ELLIS #128 Cleveland Indians,1.99,
BASV-001070-lmhak,1974 Topps TOM RAGLAND #441 Cleveland Indians,1.99,
BASV-001071-lmhal,1973 Topps GEORGE HENDRICK #13 Oakland Athletics,2.49,
BASV-001072-lmham,1974 Topps DENNY DOYLE #552 California Angels,2.49,
BASV-001073-lmhao,1974 Topps LEE MAY #500 Houston Astros,1.99,
BASV-001074-lmhar,1974 Topps ELLIE RODRIGUEZ #405 California Angels,2.49,
BASV-001075-lmhat,1974 Topps RICHIE SCHEINBLUM #323 California Angels,2.49,
BASV-001076-lmhaw,1973 Topps BILLY GRABARKEWITZ #301 California Angels,2.49,
BASV-001077-lmhay,1973 Topps LEO CARDENAS #522 California Angels,2.49,
BASV-001078-lmhb1,1973 Topps BOB OLIVER #289 California Angels,2.49,
BASV-001079-lmhb3,1974 Topps MERV RETTENMUND #585T Traded Cincinnati Reds,2.49,
BASV-001124-lq5qf-97DD386,2025 Topps HOLIDAY YORDAN ALVAREZ #H44 Houston Astros,2.99,
BASV-001102-lq4qg-1FAB9D2,2024-25 Topps Chrome JAMES HARDEN #198 Los Angeles Clippers Basketball,18.0,
BASV-001103-lq4qi-2DD62F1,2024-25 Topps Chrome DENNIS RODMAN #95 Chicago Bulls Basketball,2.99,
BASV-001133-lq5qo-1A174AB,2025 Topps HOLIDAY MARCUS SEMIEN #H9 Silver Glitter Holiday Texas Rangers,2.99,
BASV-001110-lq4r2-02A01B7,2024-25 Topps Chrome DONOVAN MITCHELL #FS-1 Film Study Blue Basketball Refractor,3.49,
BASV-001134-lq5qp-F0B0232,2025 Topps HOLIDAY ZACH NETO #H149 Los Angeles Angels,2.99,
BASV-001125-lq5qg-C9D8434,2025 Topps HOLIDAY ZACK WHEELER #H179 Philadelphia Phillies,2.99,
BASV-001130-lq5ql,2025 Topps HOLIDAY TYLER SODERSTROM #H32 Silver Glitter Holiday Athletics,2.99,
BASV-001131-lq5qm,2025 Topps HOLIDAY BROOKS LEE #H13 Minnesota Twins,2.99,
BASV-001135-lq5qq,2025 Topps HOLIDAY JASSON DOMÍNGUEZ #H10 Silver Glitter Holiday Yankees,2.99,
BASV-001120-lq4rj,2023-24 Topps MIDNIGHT NOAH CLOWNEY #66 Brooklyn Nets Basketball,3.49,
BAS-002002-ma043,2024 Topps Update SHOTA IMANAGA #BG-18 Topps Black Gold Chicago Cubs,3.49,
BAS-002029-ma07d,2024 Bowman JASSON DOMÍNGUEZ #BAI-8 Bowman A.I. New York Yankees,1.99,
BAS-002036-ma08l,2024 Topps Update JASSON DOMÍNGUEZ #US175 Aqua New York Yankees,4.29,
BAS-002026-ma070,2020 Bowman 1st Edition JASSON DOMINGUEZ #BFE-8 New York Yankees,5.99,
BAS-002031-ma07n,2024 Topps Heritage JASSON DOMÍNGUEZ #399 New York Yankees,1.99,
BAS-002030-ma07i,2023 Topps AARON JUDGE #SMLB-13 Stars of MLB New York Yankees,3.49,
BAS-002037-ma08r,2024 Stadium Club JASSON DOMÍNGUEZ #SF-21 Special Forces New York Yankees,1.99,
BAS-002013-ma051,2023 Topps AARON JUDGE #62 Silver Pattern Foilboard New York Yankees,6.49,
BAS-002015-ma05b,2024 Topps JASSON DOMÍNGUEZ #SMLB-35 Stars of MLB New York Yankees,1.99,
BAS-002005-ma04a,2018 Topps ARCHIVES NOLAN RYAN #268 Texas Rangers,3.49,
BAS-002011-ma04u,2024 Bowman Draft LEO DE VRIES #BD-116 San Diego Padres,3.49,
BAS-002020-ma063,2025 Topps Heritage JUNIOR CAMINERO #280 Tampa Bay Rays,2.99,
BAS-002006-ma04c,2018 Topps ARCHIVES SNAPSHOTS NOLAN RYAN #AS-NR California Angels,5.99,
BAS-002007-ma04d,2024 Topps ALLEN & Ginter Babe Ruth #198 Boston Red Sox,1.99,
BAS-002004-ma048,2024 Topps Update CLAYTON KERSHAW #AC-18 All Class Los Angeles Dodgers,3.49,
BAS-002018-ma05u,2024 Topps Chrome WYATT LANGFORD #122 Texas Rangers,3.49,
BAS-002032-ma07t,2024 Topps Chrome JASSON DOMÍNGUEZ #89 Refractors New York Yankees,2.39,
BAS-002023-ma06m,2025 Topps JACKSON HOLLIDAY #220 Baltimore Orioles,1.99,
BAS-002021-ma06b,1986 Fleer ROGER CLEMENS #345 Boston Red Sox,3.49,
BAS-002038-ma1ic,2024 Bowman WYATT LANGFORD #PP-3 Prospect Power-Up Mojo Refractors Texas Rangers,3.49,
BAS-002024-ma06r,2023 Topps JULIO RODRIGUEZ #SMLBC-16 Stars of MLB Chrome Seattle Mariners,3.49,
BAS-002022-ma06h,1985 Fleer DON MATTINGLY #133 New York Yankees,3.49,
BAS-002019-ma05y,2025 Topps DYLAN CREWS #74 Washington Nationals,1.99,
BAS-002014-ma056,2025 Topps Chrome COREY SEAGER #PP-8 Power Players Texas Rangers,2.99,
BAS-002028-ma079,2024 Topps Chrome JASSON DOMINGUEZ #S-21 Strokes New York Yankees,3.49,
BAS-002012-ma04y,2025 Topps Heritage JACKSON CHOURIO #76R-6 1976 Redefined Holographic Brewers,3.49,
BAS-002034-ma089,2024 Topps Update JASSON DOMÍNGUEZ #89US-10 1989 Topps Baseball 35th Yankees,5.03,
BAS-002033-ma07y,2024 Topps Chrome JASSON DOMÍNGUEZ #89CB-12 1989 Topps Baseball 35th Yankees,1.9,
SR-002026-mgjha,2018-19 Topps MATCH ATTAX UEFA Champions League Filipe Luís #22 Atletico Madrid,3.49,
SR-002024-mgjh8,2011 Upper Deck MLS OMAR GONZALEZ #86 Los Angeles Galaxy,1.99,
SR-002025-mgjh9,2018-19 Topps MATCH ATTAX UEFA Champions League Blaise Matuidi #388 Juventus,3.49,
SR-002043-mgjhs,2011 Upper Deck MLS BRIAN CHING #67 Houston Dynamo,1.99,
SR-002036-mgjhk,2018-19 Topps MATCH UEFA Champions League Tottenham Hotspur #181,1.99,
SR-002028-mgjhc,2018-19 Topps MATCH ATTAX UEFA Champions League Virgil Van Dijk #203 Liverpool,2.99,
SR-002058-mgji7,2018-19 Topps MATCH ATTAX UEFA Champions League Samir Handanovic #254,3.49,
SR-002056-mgji5,2018-19 Topps MATCH ATTAX UEFA Champions League Gianluigi Buffon #424 Juventus,1.99,
SR-002052-mgji1,2024-25 Topps Chrome Bundesliga ENZO MILLOT #92 VfB Stuttgart Chelsea,2.99,
SR-002053-mgji2,2024-25 Topps Chrome Bundesliga MAXIMILIAN WITTEK #12 VfL Bochum 1848,2.99,
SR-002049-mgjhy,2018-19 Topps MATCH ATTAX UEFA Champions League Gabriel Jesus #160,3.49,
SR-002060-mgji9,2018-19 Topps MATCH ATTAX UEFA Champions League Jan Vertonghen #186,2.49,
SR-002042-mgjhr,2011 Upper Deck MLS DANIEL HERNANDEZ #53 FC Dallas,1.99,
SR-002050-mgjhz,2018-19 Topps MATCH ATTAX UEFA Champions League Kenny Tete #313,1.99,
SR-002029-mgjhd,2018-19 Topps MATCH ATTAX UEFA Champions League Ronaël Pierre-Gabriel #296,2.49,
SR-002031-mgjhf,2018-19 Topps MATCH ATTAX UEFA Champions League Óliver Torres #353 Porto,3.49,
SR-002047-mgjhw,2011 Upper Deck MLS WILL HESMER #38 Columbus Crew,1.99,
SR-002044-mgjht,2018-19 Topps MATCH ATTAX UEFA Champions League Philippe Coutinho #13,9.11,
SR-002034-mgjhi,2018-19 Topps ATTAX UEFA Champions League Abdou Diallo #131 Borussia Dortmund,3.49,
SR-002051-mgji0,2018-19 Topps MATCH ATTAX UEFA Champions League Gareth Bale #50 Real Madrid CF,3.99,
SR-002023-mgjh7,2011 Upper Deck MLS BIRAHIM DIOP #72 Sporting Kansas City,1.99,
SR-002048-mgjhx,2011 Upper Deck MLS ERIC ALEXANDER #54 FC Dallas,1.99,
SR-002030-mgjhe,2018-19 Topps MATCH ATTAX UEFA Champions League Arthur #11 FC Barcelona,2.49,
SR-002027-mgjhb,2018-19 Topps MATCH ATTAX UEFA Champions League Thomas #31 Atletico Madrid,2.49,
SR-002032-mgjhg,2018-19 Topps MATCH ATTAX UEFA Champions League Harry Winks #191,3.49,
SR-002037-mgjhl,2018-19 Topps ATTAX UEFA Champions League Maximilian Philipp #142,3.49,
SR-002059-mgji8,2018-19 Topps MATCH ATTAX UEFA Champions League Alessandro Schöpf #99,3.49,
SR-002045-mgjhu,2018-19 Topps MATCH ATTAX UEFA Champions League Ander Herrera #172,3.49,
SR-002054-mgji3,2024-25 Topps Chrome Bundesliga MARCO GRÜLL #20 SV Werder Bremen,1.25,
SR-002075-mgya9,2025 Upper Deck GOODWIN Champions Lamine Yamal #19 Soccer Barcelona,4.99,
BAS-002100-mh1qi,2024 Topps Chrome Update BRYAN RAMOS #RA-BRR Autographs Chicago White Sox Auto,4.99,
SR-002095-mgzqz,SM - Guardians Rising Vanillish #34/145,1.99,
BAS-002073-myh68,2025 Topps AARON JUDGE #GH-1 2024 Greatest Hits New York Yankees,2.99,
BAS-002078-myh6d,2025 Bowman PAUL SKENES #30 Pittsburgh Pirates,2.49,
BAS-002080-myh6f,2024 Topps Heritage JULIO RODRÍGUEZ #286 Seattle Mariners,3.89,
BAS-002084-myh6j,2025 Topps PAUL SKENES #SMLB-27 Stars of MLB Pittsburgh Pirates,2.49,
BAS-002086-myh6l,2025 Topps Chrome CHRISTIAN YELICH #89 Sepia Refractors Milwaukee Brewers,2.49,
BAS-002090-myh6p,2025 Bowman NICK KURTZ #BP-114 Prospects Athletics,2.99,
BAS-002089-myh6o,2025 Bowman JULIO RODRÍGUEZ #79 Seattle Mariners,1.5,
BAS-002092-myh6r,2024 Bowman AARON JUDGE #7 New York Yankees,2.99,
BAS-002093-myh6s,2023 Topps Heritage AARON JUDGE #152 New York Yankees,3.99,
BAS-002095-myh6u,2024 Topps Heritage CEDDANNE RAFAELA #420 Boston Red Sox,2.99,
BAS-002094-myh6t,2024 Topps ALLEN & Ginter Anthony Volpe #11 New York Yankees,1.0,
BAS-002096-myh6v,2024 Topps ALLEN & Ginter Larry Walker #326 Colorado Rockies,1.25,
BAS-002097-myh6w,2025 Topps CHRISTIAN YELICH #SMLB-24 Stars of MLB Milwaukee Brewers,1.99,
BAS-002099-myh6y,2025 Topps JULIO RODRIGUEZ #SMLB-5 Stars of MLB Seattle Mariners,1.99,
BAS-002100-myh6z,2025 Donruss PAUL SKENES #29 Pittsburgh Pirates,2.49,
BAS-002102-myh71,2025 Topps TREA TURNER #450 Philadelphia Phillies,1.99,
BAS-002104-myh73,2024 Topps ALLEN & Ginter X Aaron Judge #86 New York Yankees,8.5,
BAS-002105-myh74,2023 Topps AARON JUDGE #22GH-25 2022 Greatest Hits New York Yankees,2.99,
CDP-407700C,GIANNIS ANTETOKOUNMPO 2025-26 Topps Basketball Blackout Parallel,5.99,
CDP-1255737,2025-26 Topps - 8-BIT BALLERS LARRY BIRD #8B-25,2.49,
CDP-01D8A7F,2025-26 Topps ASA NEWELL 1980-81 RC Pink Rookie #80BK-69 Hawks Basketball,2.49,
CDP-F22CC5A,VJ EDGECOMB GENERATION Now Rookie 2025/26 Topps NBA Basketball Card #GN-3 76ers,3.49,
CDP-97ADEBB,2025-26 Topps #8B-3 Devin Booker 8-Bit Ballers Holo Foil Suns Basketball,1.99,
CDP-E8EF27B,2025-26 Topps ANTHONY EDWARDS LIMITED STOCK Legends #LST-40 Target Exclusive,5.99,
CDP-4D53CCC,2025-26 Topps Basketball Black FRIDAY JAYSON TATUM LIMITED STOCK Legends #LST-31,5.99,
CDP-A30AA34,2025-26 Topps GIANNIS ANTETOKOUNMPO POWER PLAYERS #PP-1 Bucks Basketball,3.49,
CDP-7A50B13,2025 Topps Basketball JALEN BRUNSON #LST-42 Knicks Limited Stock Legends,4.39,
CDP-7A8E170,2025-26 Topps Basketball TRE JOHNSON III SCAN and Slam #SS-31 RC Rookie,3.49,
FB-1496-i7vbl,2024 Bowman University Chrome MALAKI STARKS #125 Purple Shimmer Refractor,4.49,
BAS-002110-mzou8,2025-26 Topps JAMIR WATKINS #80BK-86 1980-81 Topps Basketball Washington Wizards,2.49,
BAS-002109-mzou7,2025-26 Topps NIQUE CLIFFORD #GN-24 Generation Now Holo Foil Sacramento Kings,2.49,
BAS-002115-mzoud,2025-26 Topps BIG APPLE W: Knicks Teammates Shine #274 Blackout New York Knicks,2.99,
BB-2506-mzou6,2025-26 Topps KEL'EL WARE #74 Blackout Miami Heat Basketball,3.99,
BAS-002112-mzoua,2025-26 Topps MAX CHRISTIE #174 Blackout Dallas Mavericks Basketball,2.49,
BAS-002116-mzoue,2025-26 Topps JEREMIAH FEARS #80BK-98 1980-81 Topps Basketball Pelicans,2.99,
BAS-002114-mzouc,2025-26 Topps CHET HOLMGREN #118 Holo Foil Oklahoma City Thunder Basketball,2.49,
BAS-002152-nc7nf,2024 Topps Update DYLAN CEASE #US115 Rainbow Foil San Diego Padres,3.49,
BAS-002153-nc7ng,2024 Topps Chrome Update SHOTA IMANAGA #ASGC-27 2024 All Star Game Chrome Cubs,2.49,
BAS-002154-nc7nh,2024 Topps Update BRYAN RAMOS #US51 Holiday Chicago White Sox,3.49,
BAS-002155-nc7ni,2024 Topps Update CORBIN BURNES #ASG-19 2024 All-Star Game Baltimore Orioles,3.49,
BAS-002158-nc7nm,2024 Topps Update JACKSON MERRILL #US210 San Diego Padres,3.49,
BAS-002159-nc7nn,2024 Topps Update JACKSON CHOURIO #US240 Milwaukee Brewers,3.49,
BAS-002160-nc7no,2024 Topps Update JACKSON MERRILL #US169 San Diego Padres,3.49,
BAS-002161-nc7np,2025 Topps JULIO RODRÍGUEZ #266 Rainbow Foil Seattle Mariners,2.29,
BAS-002163-nc7nr,2025 Topps BALTIMORE ORIOLES JACKSON HOLLIDAY #BAL-1 Baltimore Orioles,1.99,
BAS-002164-nc7ns,2024 Topps AUSTIN WELLS #624 Yellow New York Yankees,4.49,
BAS-002165-nc7nt,2024 Topps Chrome CEDDANNE RAFAELA #118 Boston Red Sox,3.99,
BAS-002166-nc7nu,2024 Topps Update SHOTA IMANAGA #US281 Chicago Cubs,2.49,
BAS-002171-nc7o1,2024 Topps Update AUSTIN MARTIN #T89CU-3 35th Anniversary Chrome Minnesota Twins,2.99,
BAS-002170-nc7ny,2024 Topps Update JORDAN BECK #T89CU-65 35th Anniversary Chrome Rockies,3.49,
BAS-002172-nc7o3,2024 Topps Update JUSTIN FOSCUE #T89CU-95 35th Anniversary Chrome Texas Rangers,3.49,
BAS-002173-nc7o5,2024 Topps Update JONATAN CLASE #T89CU-87 35th Anniversary Chrome Mariners,3.49,
BAS-002174-nc7o6,2024 Topps Update JACKSON CHOURIO #CSMLB-84 Stars of MLB Chrome Brewers,3.49,
BAS-002175-nc7o7,2024 Topps Update JACKSON HOLLIDAY #US50 Rainbow Foil Baltimore Orioles,3.99,
BAS-002176-nc7o8,2024 Topps Update NAOYUKI UWASAWA #US268 Boston Red Sox,2.99,
BAS-002178-nc7ob,2025 Topps ADRIÁN BELTRÉ #FP-8 First Pitch (Series One) Texas Rangers,0.99,
BAS-002179-nc7oc,2024 Topps J.D. MARTINEZ #492 Rainbow Foil Los Angeles Dodgers,3.49,
BAS-002180-nc7od,2024 Topps DUO An Immediate Hit: (Grandal/Skenes) #US160 Pirates,1.25,
BAS-002182-nc7of,2024 Topps THROWBACK THURSDAY NOLAN SCHANUEL #108 Los Angeles Angels,2.99,
BAS-002183-nc7og,2023 Topps Update FRANCISCO ALVAREZ #US255 Rainbow Foil New York Mets,3.49,
BAS-002186-nc7oj,2025 Topps C.J. STROUD #FP-10 First Pitch (Series One) Houston Astros,2.99,
BAS-002213-necna,2024 Topps Heritage DAVID BAÑUELOS #715 Chrome Purple Refractor Orioles,2.0,
BAS-002212-necn9,2024 Topps Chrome COSMIC COREY SEAGER #LIO-6 Launched into Orbit Texas Rangers,3.49,
BAS-002187-necey,2024 Topps Update YARIEL RODRIGUEZ #T89CU-76 35th Anniversary Chrome Blue Jays,3.49,
BAS-002188-necez,2024 Topps Update JORDAN LAWLAR #US41 Rainbow Foil Arizona Diamondbacks,3.49,
BAS-002189-necf0,2024 Topps Update LANDON KNACK #T89CU-36 35th Anniversary Chrome Dodgers,2.99,
BAS-002214-necnb,2022 Panini MOSAIC SPENCER TORKELSON #266 Pink Camo Mosaic Detroit Tigers,2.49,
BAS-002215-necnc,2024 Topps Chrome Logofractor Edition ESTEURY RUIZ #241 Oakland Athletics,3.49,
BAS-002190-necf1,2024 Topps Update JARED JONES #US49 Pittsburgh Pirates,2.99,
BAS-002191-necf2,2024 Bowman CEDDANNE RAFAELA #ROY-5 Rookie of the Year Favorites Boston Red Sox,3.49,
BAS-002192-necf3,2024 Stadium Club SHOTA IMANAGA #240 Pink Foil Chicago Cubs,3.49,
BAS-002216-necnd,2018 Bowman Chrome RYAN MOUNTCASTLE #BCP167 Prospects Baltimore Orioles,6.0,
BAS-002217-necne,2024 Topps Chrome Black NOLAN SCHANUEL #75 Los Angeles Angels,3.49,
BAS-002193-necf4,2011 Topps Update BLAKE TEKOTTE #US240 San Diego Padres,3.49,
BAS-002219-necng,2024 Topps Update CURTIS MEAD #CSMLB-72 Stars of MLB Chrome Tampa Bay Rays,2.99,
BAS-002194-necf5,2024 Topps Update MAX MEYER #US236 Rainbow Foil Miami Marlins,1.0,
BAS-002195-necf6,2024 Topps Update EMMET SHEEHAN #US141 Rainbow Foil Los Angeles Dodgers,3.49,
BAS-002196-necf7,2024 Topps Chrome AUSTIN RILEY #84 Refractors Atlanta Braves,3.49,
BAS-002220-necnh,2024 Topps Update PARKER MEADOWS #89US-4 35th Anniversary Detroit Tigers,3.49,
BAS-002221-necni,2024 Topps Update NOLAN RYAN #89US-42 35th Anniversary California Angels,5.49,
BAS-002197-necf8,2024 Topps Update COLT KEITH #US73 Aqua Detroit Tigers,4.49,
BAS-002222-necnj,2024 Topps Update KEN GRIFFEY JR. #89US-45 35th Anniversary Seattle Mariners,5.49,
BAS-002198-necf9,2024 Topps Update RAFAEL DEVERS #ASG-36 2024 All-Star Game Boston Red Sox,2.99,
BAS-002224-necnl,"2024 Topps Update CHANDLER SEAGLE / Mason McCoy RCOM, RC #US227 San Diego Padres",3.49,
BAS-002223-necnk,2024 Bowman CEDDANNE RAFAELA #ROY-5 ROY Favorites Mojo Refractors Red Sox,3.49,
BAS-002199-necfa,2024 Topps DADDY YANKEE #FP-4 First Pitch Miami Marlins,3.49,
BAS-002201-necfc,2024 Topps Update DAVIS SCHNEIDER #CSMLB-71 Stars of MLB Chrome Blue Jays,2.99,
BAS-002202-necfd,2024 Topps CEDDANNE RAFAELA #CTC-27 City to City Boston Red Sox,3.49,
BAS-002203-necfe,2023 Topps Chrome VINNIE PASQUANTINO #119 Kansas City Royals,3.49,
BAS-002205-necfg,2024 Topps Chrome COSMIC LAWRENCE BUTLER #22 Refractors Oakland Athletics,6.79,
BAS-002207-necfi,2024 Topps SHOTA IMANAGA #442 Chicago Cubs,3.49,
BAS-002206-necfh,2024 Topps Chrome Logofractor Edition LUIS CASTILLO #129 Seattle Mariners,3.49,
BAS-002209-necfk,2021 Topps Update SATCHEL PAIGE #PDC-63 Topps Platinum Players Die Cuts Browns,3.49,
BAS-002211-necfm,2025 Topps NL LEADERS AVG (ARRAEZ/OHTANI/OZUNA) LL #347 Rainbow Foil,3.99,
BAS-002067-mygpn,2024 Stadium Club VLADIMIR GUERRERO JR. #290 Chrome Green Refractors Blue Jays,17.09,
BAS-002227-ng97a,2025 Topps AARON JUDGE #SMLB-2 Stars of MLB New York Yankees,2.49,
BAS-002228-ng97b,2025 Topps Heritage WYATT LANGFORD #29 Texas Rangers,6.0,
BAS-002230-ng97d,2024 Bowman WYATT LANGFORD #BCP-64 Chrome Prospects Mojo Refractors Rangers,3.99,
BAS-002231-ng97e,2025 Topps Chrome WYATT LANGFORD #68 Prism Refractors Texas Rangers,2.49,
BAS-002232-ng97f,2025 Topps National League LEADERS RBI (OHTANI/ADAMES/ MACHADO),1.25,
BAS-002233-ng97g,2024 Topps Chrome Update ANDREW ABBOTT #USC34 Negative Refractors Reds,3.99,
BAS-002236-ng97j,2024 Bowman Chrome JUNIOR CAMINERO #56 Tampa Bay Rays,3.49,
BAS-002238-ng97l,2024 Topps Heritage JUNIOR CAMINERO #267 Tampa Bay Rays,2.49,
BAS-002240-ng97n,2024 Topps Update WYATT LANGFORD #US151 Rainbow Foil Texas Rangers,3.99,
BAS-002244-ng97u,2024 Bowman Draft JOSWA LUGO #BDC-93 Chrome Refractor Los Angeles Angels,4.49,
BAS-002245-ng97x,2025 Bowman ESTEBAN GONZALEZ #BCP-70 Reptilian Refractor Guardians,2.49,
BAS-002248-ng986,2024 Bowman Draft TYTUS CISSELL #BDC-157 Chrome Sky Blue Refractor Dbacks,3.49,
BAS-002249-ng987,2024 Topps Heritage JORDAN LAWLAR #429 White Border Arizona Diamondbacks,4.49,
BAS-002251-ng989,2024 Topps Chrome JASSON DOMÍNGUEZ #89 Sepia Refractors New York Yankees,5.39,
BAS-002256-ng98e,2024 Topps Now TARIK SKUBAL #773 Detroit Tigers,5.79,
BAS-002255-ng98d,2024 Stadium Club ANTHONY VENEZIANO #SCBA-AV Autographs Kansas City Royals Auto,3.99,
BAS-002258-ng98g,2024 Topps Now LUIS ARRAEZ #775 San Diego Padres,18.0,
BAS-002259-ng98h,1987 Fleer Update GREG MADDUX #U-68 Chicago Cubs,4.99,
BAS-002260-ng98i,2024 Topps ARCHIVES RYNE SANDBERG #41 Chicago Cubs,3.99,
BAS-002264-ng98m,2022 Panini Prizm VLADIMIR GUERRERO JR. #IL-7 Illumination Green Prizm Blue Jays,4.49,
BAS-002266-ng98o,2024 Bowman Draft JARED SERNA #BDC-161 Chrome Fuchsia Lunar Marlins /199,4.49,
BAS-002267-ng98p,2022 Topps Chrome CORBIN BURNES #167 Aqua Wave Refractor Milwaukee Brewers #/199,3.49,
BAS-002273-ng98v,2023 Topps BIG League Wrapper Ken Waldichuk #WR-64 Gold Foil Oakland A's /50,4.5,
FB-002271-nhab1,2024 Panini Prizm Draft PICKS MALIK NABERS #F-MN Fearless Red Ice LSU Tigers,3.49,
BAS-002277-nieuu,2024 Topps Update NOLAN SCHANUEL #RRR-NS Rising Rookies Relics Angels RC,3.99,
BAS-002282-nieuz,2023 Panini JACE JUNG #CM-JJ Colossal Materials Detroit Tigers #/49,9.69,
BAS-002284-niev1,2024 Topps Update CHRISTOPHER MOREL #MLMU-CM Materials Relics Black Cubs /199,3.49,
BAS-002285-niev2,2024 Topps GIANCARLO STANTON #MLM-GST Major League Material Relics Yankees,4.49,
BAS-002288-niev5,2025 Topps JEREMY PEÑA #MLM-JP Major League Material Relics Blue Astros /150,3.99,
BAS-002290-nphpm,2025 Topps HOLIDAY TARIK SKUBAL #H74 Detroit Tigers,2.49,
BAS-002291-nphpp,2025 Topps HOLIDAY HYESEONG KIM #H174 Light Blue & White Glitter Holiday Dodgers,2.99,
BAS-002292-nphps,2024 Bowman DRUW JONES #GOTD-15 Gladiators of the Diamond Arizona Diamondbacks,5.99,
BAS-002293-nphpw,2022 Bowman AARON JUDGE #2 New York Yankees,5.49,
BAS-002299-nphqm,2021 Bowman 1st Edition ANTHONY VOLPE #BFE-85 New York Yankees,3.49,
BAS-002300-nphqs,2025 Topps HOLIDAY MARCUS SEMIEN #H9 Blue Matte Glitter Texas Rangers,4.99,
BAS-002302-nphqx,2025 Topps HOLIDAY BROOKS LEE #H13 Silver Glitter Holiday Minnesota Twins,3.99,
BB-002100-npihl,2024-25 Topps Now ZACCHARIE RISACHER #2 Atlanta Hawks Basketball,6.49,
BB-002102-npiho,2025-26 Topps TRE JOHNSON III #NL-6 No Limit Washington Wizards Basketball,1.99,
BB-002104-npihs,2025 Topps CARTER BRYANT #80BK-99 1980-81 Topps Basketball Pink Holo Foil Spurs,2.99,
BB-002105-npiht,2025-26 Topps ACE BAILEY #RTS-5 Rise to Stardom Utah Jazz Basketball,2.49,
SR-002106-npg3g,2021 Topps Chrome Sapphire Edition MLS WILFRID KAPTOUM #98 Revolution,3.99,
SR-002109-npg3o,2021 Topps Chrome Sapphire Edition MLS JESÚS FERREIRA #124 FC Dallas USA,1.99,
SR-002111-npg3v,2024-25 Topps Chrome Bundesliga BUDU ZIVZIVADZE #45 1. FC Heidenheim 1846,3.49,
SR-002108-npg3l,2021 Topps Chrome Sapphire Edition MLS FELIPE MORA #112 Portland Timbers,3.49,
SR-002110-npg3s,2024-25 Topps Chrome Bundesliga ANTON STACH #47 TSG 1899 Hoffenheim,4.49,
SR-002112-npg3y,2024-25 Topps Chrome Bundesliga ERMEDIN DEMIROVIĆ #95 VfB Stuttgart,1.99,
SR-002113-npg41,2024-25 Topps Chrome Bundesliga BENCE DARDAI #UB-3 Ultrabeam VfL Wolfsburg,3.49,
BAS-002305-o0kj7,2024 Panini Prizm JAMES WOOD #19 Hype Washington Nationals,3.49,
BAS-002311-o0kjd,2025 Topps - Black NICK SOGARD #94 Boston Red Sox #/74,13.99,
BAS-002313-o0kjf,2024 Bowman Chrome FRANCISCO VILORIO #BCP-169 Prospects Green Mojo Ref /99,5.99,
BAS-002322-o0kjo,2025 Bowman JACKSON HOLLIDAY #77 Chrome Mojo Burgundy Refractor O's /275,5.99,
BAS-002330-o0kjw,1992 Donruss BO JACKSON #470 Chicago White Sox,3.49,
BAS-002331-o0kjy,2025 Bowman CHASE HAMPTON #BCP-57 Yellow Geometric Refractor Yankees /75,18.59,
BAS-002336-o0kk3,2025 Bowman HUMBERTO CRUZ #BCP-96 Chrome Prospects Refractor Padres /499,3.99,
BB-003308-lchd9-6D73064,2024-25 Bowman University Chrome AUDI CROOKS #WP-17 Warriors in the Paint,4.49,
BAS-002342-o3p91,2025 Topps AARON JUDGE #300 New York Yankees,2.49,
BAS-002340-o3orp,2024 Topps Chrome Update TYLER SODERSTROM #USC22 Ref Oakland Athletics RC Rookie,5.49,
BA-000003-o64wc,2025 Topps National League LEADERS RBI (SHOHEI OHTANI /ADAMES/MACHADO) LL #86,2.5,
BA-000004-o64we,2024 Topps Update JUNIOR CAMINERO #US223 Tampa Bay Rays,2.99,
BA-000005-o64wf,"2019 Topps Heritage ASTROS 2019 Rookie Stars (Tucker/Perez) RS, RC #227 Astros",0.99,
BA-000007-o64wk,2018 Panini Chronicles MICKEY MANTLE #7 Illusions New York Yankees,3.49,
BA-000008-o64wm,2013 Bowman ALBERT PUJOLS #50 Gold Los Angeles Angels,2.99,
BA-000009-o64wp,2019 Topps HOLIDAY WILL SMITH #HW99 Los Angeles Dodgers,3.49,
BA-000011-o64wt,2021 Panini Diamond Kings MICKEY MANTLE #11 New York Yankees Basketball,2.99,
BA-000010-o64wr,2020 Topps Chrome Update DEREK JETER #U-67 New York Yankees,2.99,
BA-000012-o64wv,2024 Topps Update WYATT LANGFORD #US341 Texas Rangers,6.0,
BA-000014-o64x0,2024 Topps Update WYATT LANGFORD #US151 Texas Rangers,5.99,
BA-000018-o64x8,2023 Topps ANTHONY VOLPE #460 New York Yankees,3.49,
BA-000019-o64xa,2020 Panini Chronicles MIKE TROUT #1 Los Angeles Angels,2.99,
BA-000020-o64xd,2022 Panini Diamond Kings BABE RUTH #1 New York Yankees Basketball,4.49,
BA-000021-o64xg,2022 Panini Diamond Kings RONALD ACUNA JR. #22 Braves Basketball,3.49,
BA-000022-o64xi,2022 Panini Diamond Kings JUAN SOTO #124 Washington Nationals Basketball,4.49,
BA-000024-o64xn,2022 Panini Diamond Kings BABE RUTH #AH-8 The Art of Hitting New York Yankees,2.99,
BA-000025-o64xp,2022 Topps ARCHIVES LUIS GIL #124 New York Yankees,3.49,
BA-000029-o64xv,2024 Bowman's Best JORDAN BECK #26 Refractors Colorado Rockies,3.49,
BA-000030-o64xw,2020 Topps DYLAN CEASE #326 Chicago White Sox,3.49,
BA-000031-o64xx,2023 Bowman JOSH JUNG #43 Texas Rangers,3.49,
BA-000032-o64xy,2024 Topps Chrome Update AUSTIN WELLS #USC197 Refractors New York Yankees,3.99,
BA-000033-o64xz,2024 Bowman XAVIER ISAAC #PP-15 Prospect Power-Up Tampa Bay Rays,3.49,
BA-000034-o64y0,2022 Topps Heritage JEREMY PEÑA #629 Houston Astros,1.99,
BA-000036-o64y2,2022 Topps Heritage SPENCER STRIDER #521 Atlanta Braves,2.99,
BA-000039-o64y5,2022 Bowman PLATINUM SEIYA SUZUKI #75 Chicago Cubs,3.49,
BA-000038-o64y4,2013 Bowman Draft PICKS & Prospects Christian Yelich #40 Miami Marlins,2.49,
BA-000040-o64y6,2018 Topps Update WILLY ADAMES #US25 Tampa Bay Rays,3.49,
BA-000043-o64y9,2018 Topps Update SHANE BIEBER #US198 Cleveland Indians,3.49,
BA-000042-o64y8,2018 Panini Chronicles WILLY ADAMES #183 Optic Rated Rookies Prizm Rays RC,3.49,
BA-000045-o64yb,2018 Topps Update OZZIE ALBIES #US162 Atlanta Braves,2.99,
BA-000048-o6gww,2025 Topps Chrome Update CARLOS DURAN #USC84 Refractors Athletics,2.49,
BA-000051-o6gwz,2025 Topps HOLIDAY SHEA LANGELIERS #H102 Athletics,1.99,
BA-000052-o6gx0,2025 Topps HOLIDAY NICK KURTZ #H40 Athletics ROY,3.99,
BA-000053-o6gx1,2025 Topps HOLIDAY LAWRENCE BUTLER #H80 Holiday Lights Athletics,1.99,
BA-000054-o6gx2,2025 Topps Heritage MICHAEL DARRELL-HICKS #655 Chrome Light Blue Sparkle Pirates,2.99,
BA-000055-o6gx3,2025 Topps Chrome COSMIC JUSTYN-HENRY MALLOY #75 Detroit Tigers,3.99,
BA-000056-o6gx4,2025 Topps Chrome Update RONNY SIMON #USC35 Refractors Pittsburgh Pirates,2.49,
