Info,Version=1.0.0,Template=fx_category_template_EBAY_US,,,,,,,,,,,,,,,,,,,,,,,,,,,,,,,,,,,,,,,,,,,,,,,,,,,,,,,,,,,,,,,,,,,,,,,,,,,,,,,,,,,
*Action(SiteID=US|Country=US|Currency=USD|Version=1193|CC=UTF-8),CustomLabel,*Category,StoreCategory,*Title,Subtitle,Relationship,*ConditionID,*C:Graded,*C:Sport,*C:Player/Athlete,*C:Parallel/Variety,*C:Manufacturer,C:Season,*C:Features,*C:Set,CD:Grade - (ID: 27502),*C:League,CD:Professional Grader - (ID: 27501),*C:Team,*C:Autographed,CD:Card Condition - (ID: 40001),*C:Card Name,*C:Card Number,CDA:Certification Number - (ID: 27503),*C:Type,C:Signed By,C:Autograph Authentication,C:Year Manufactured,C:Card Size,C:Country/Region of Manufacturer,C:Material,C:Autograph Format,C:Vintage,C:Original/Licensed Reprint,C:Event/Tournament,C:Language,C:Autograph Authentication Number,C:Bundle Description,C:California Prop 65 Warning,C:Card Thickness,C:Custom Bundle,C:Insert Set,C:Print Run,PicURL,GalleryType,*Description,*Format,*Duration,*StartPrice,BuyItNowPrice,*Quantity,PayPalAccepted,PayPalEmailAddress,ImmediatePayRequired,PaymentInstructions,*Location,PostalCode,ShippingType,ShippingService-1:Option,ShippingService-1:FreeShipping,ShippingService-1:Cost,ShippingService-1:AdditionalCost,ShippingService-2:Option,ShippingService-2:Cost,*DispatchTimeMax,PromotionalShippingDiscount,ShippingDiscountProfileID,*ReturnsAcceptedOption,ReturnsWithinOption,RefundOption,ShippingCostPaidByOption,AdditionalDetails,ShippingProfileName,ReturnProfileName,PaymentProfileName,TakeBackPolicyID,ProductCompliancePolicyID,ScheduleTime,BestOfferEnabled,MinimumBestOfferPrice,BestOfferAutoAcceptPrice,*C:Rookie,*C:Memorabilia
Revise,Welcome_to_your_first_stack!-00003-35539,261328,0,2025 Bowman Draft JAKE COOK #BDC-97 Chrome Yellow Refractor /75 1st Prospect,,,4000,,,,,,,,,,,,,,Ungraded,,,,,,,,,,,,,,,,,,,,,,,,,,FixedPriceItem,GTC,31.09,,1,,,,,,,,,,,,,,,,,,,,,,,,,,,,,,,,
Revise,Welcome_to_your_first_stack!-00006-99182,261328,0,2026 Topps SAMUEL BASALLO #TOG-10 Titans Of The Game RC Orioles Rookie Football,,,4000,,,,,,,,,,,,,,Ungraded,,,,,,,,,,,,,,,,,,,,,,,,,,FixedPriceItem,GTC,2.49,,1,,,,,,,,,,,,,,,,,,,,,,,,,,,,,,,,
Revise,Welcome_to_your_first_stack!-00007-16466,261328,0,2025 Bowman Draft KYLE LODISE #BDC-144 Chrome Purple Refractor /250 1st Prospect,,,4000,,,,,,,,,,,,,,Ungraded,,,,,,,,,,,,,,,,,,,,,,,,,,FixedPriceItem,GTC,4.99,,1,,,,,,,,,,,,,,,,,,,,,,,,,,,,,,,,
Revise,BD-000112-smyda,261328,0,2026 Topps HUNTER BROWN #264 Yellow Holo Foil Houston Astros #/399,,,4000,,,,,,,,,,,,,,Ungraded,,,,,,,,,,,,,,,,,,,,,,,,,,FixedPriceItem,GTC,3.99,,1,,,,,,,,,,,,,,,,,,,,,,,,,,,,,,,,
Revise,BD-000113-smydb,261328,0,2026 Topps CAL RALEIGH #ATT-1 2025 All Topps Team Seattle Mariners,,,4000,,,,,,,,,,,,,,Ungraded,,,,,,,,,,,,,,,,,,,,,,,,,,FixedPriceItem,GTC,5.49,,1,,,,,,,,,,,,,,,,,,,,,,,,,,,,,,,,
Revise,BD-000114-smydd,261328,0,2025 Bowman TRAVIS SYKORA #BDC-137 Chrome Fuchsia Reptilian Ref Nationals /199,,,4000,,,,,,,,,,,,,,Ungraded,,,,,,,,,,,,,,,,,,,,,,,,,,FixedPriceItem,GTC,7.49,,1,,,,,,,,,,,,,,,,,,,,,,,,,,,,,,,,
Revise,BD-000118-smydj,261328,0,2026 Topps RAMÓN URÍAS #343 Gold Houston Astros #/2026,,,4000,,,,,,,,,,,,,,Ungraded,,,,,,,,,,,,,,,,,,,,,,,,,,FixedPriceItem,GTC,1.5,,1,,,,,,,,,,,,,,,,,,,,,,,,,,,,,,,,
Revise,RA-106-sn962,261328,0,2025-26 Topps Chrome SAPPHIRE DOMANTAS SABONIS #229 Kings Basketball,,,4000,,,,,,,,,,,,,,Ungraded,,,,,,,,,,,,,,,,,,,,,,,,,,FixedPriceItem,GTC,4.99,,1,,,,,,,,,,,,,,,,,,,,,,,,,,,,,,,,
Revise,RA-102-sn95x,261328,0,2025-26 Topps Chrome DRAKE POWELL #272 Brooklyn Nets Basketball,,,4000,,,,,,,,,,,,,,Ungraded,,,,,,,,,,,,,,,,,,,,,,,,,,FixedPriceItem,GTC,1.99,,1,,,,,,,,,,,,,,,,,,,,,,,,,,,,,,,,
Revise,RA-100-sn95v,261328,0,2025-26 Topps Chrome DARIQ WHITEHEAD #91 Pulsar Ref Brooklyn Nets Basketball,,,4000,,,,,,,,,,,,,,Ungraded,,,,,,,,,,,,,,,,,,,,,,,,,,FixedPriceItem,GTC,2.49,,1,,,,,,,,,,,,,,,,,,,,,,,,,,,,,,,,
Revise,RA-101-sn95w,261328,0,2025-26 Topps Chrome DARIO ŠARIĆ #77 Refractor Denver Nuggets Basketball,,,4000,,,,,,,,,,,,,,Ungraded,,,,,,,,,,,,,,,,,,,,,,,,,,FixedPriceItem,GTC,0.99,,1,,,,,,,,,,,,,,,,,,,,,,,,,,,,,,,,
Revise,RA-99-sn95u,261328,0,2025-26 Topps Chrome WALTER CLAYTON JR. #GR-18 Generation Rising Utah Jazz,,,4000,,,,,,,,,,,,,,Ungraded,,,,,,,,,,,,,,,,,,,,,,,,,,FixedPriceItem,GTC,1.99,,1,,,,,,,,,,,,,,,,,,,,,,,,,,,,,,,,
Revise,RA-98-sn95t,261328,0,2025-26 Topps Chrome WALTER CLAYTON JR. #268 Utah Jazz Basketball,,,4000,,,,,,,,,,,,,,Ungraded,,,,,,,,,,,,,,,,,,,,,,,,,,FixedPriceItem,GTC,2.49,,1,,,,,,,,,,,,,,,,,,,,,,,,,,,,,,,,
Revise,RA-97-sn95s,261328,0,2025-26 Topps Chrome WALTER CLAYTON JR. #LD-15 Loading ... Utah Jazz Basketball,,,4000,,,,,,,,,,,,,,Ungraded,,,,,,,,,,,,,,,,,,,,,,,,,,FixedPriceItem,GTC,2.49,,1,,,,,,,,,,,,,,,,,,,,,,,,,,,,,,,,
Revise,BD-000143-sn968,261328,0,2025-26 Topps Chrome DWYANE WADE #241 Miami Heat Basketball,,,4000,,,,,,,,,,,,,,Ungraded,,,,,,,,,,,,,,,,,,,,,,,,,,FixedPriceItem,GTC,3.49,,1,,,,,,,,,,,,,,,,,,,,,,,,,,,,,,,,
Revise,BD-000150-snm10,261328,0,2025 Bowman Draft SAMMY STAFURA #BDC-187 Chrome Refractor Pittsburgh Pirates,,,4000,,,,,,,,,,,,,,Ungraded,,,,,,,,,,,,,,,,,,,,,,,,,,FixedPriceItem,GTC,2.99,,1,,,,,,,,,,,,,,,,,,,,,,,,,,,,,,,,
Revise,BD-000152-snm13,261328,0,2025 Bowman Draft LANDON HARMON #BDC-44 Chrome Refractor Washington Nationals,,,4000,,,,,,,,,,,,,,Ungraded,,,,,,,,,,,,,,,,,,,,,,,,,,FixedPriceItem,GTC,2.99,,1,,,,,,,,,,,,,,,,,,,,,,,,,,,,,,,,
Revise,BD-000153-snm15,261328,0,2025 Bowman Draft YOHANDY MORALES #BDC-177 Chrome Refractor Washington Nationals,,,4000,,,,,,,,,,,,,,Ungraded,,,,,,,,,,,,,,,,,,,,,,,,,,FixedPriceItem,GTC,2.99,,1,,,,,,,,,,,,,,,,,,,,,,,,,,,,,,,,
Revise,BD-000154-snm17,261328,0,2025 Bowman Draft TRAVIS SYKORA #BDC-137 Chrome Refractor Washington Nationals,,,4000,,,,,,,,,,,,,,Ungraded,,,,,,,,,,,,,,,,,,,,,,,,,,FixedPriceItem,GTC,1.99,,1,,,,,,,,,,,,,,,,,,,,,,,,,,,,,,,,
Revise,BD-000156-snm1b,261328,0,2025 Bowman Draft LUKE DICKERSON #BDC-61 Chrome Refractor Washington Nationals,,,4000,,,,,,,,,,,,,,VERY_GOOD,,,,,,,,,,,,,,,,,,,,,,,,,,FixedPriceItem,GTC,2.99,,1,,,,,,,,,,,,,,,,,,,,,,,,,,,,,,,,
Revise,BD-000157-snm1d,261328,0,2025 Bowman Draft ETHAN PETRY #BDC-151 Chrome Refractor Washington Nationals,,,4000,,,,,,,,,,,,,,Ungraded,,,,,,,,,,,,,,,,,,,,,,,,,,FixedPriceItem,GTC,3.49,,1,,,,,,,,,,,,,,,,,,,,,,,,,,,,,,,,
Revise,BD-000160-snoxi,261328,0,2025 Topps Update NICK KURTZ (RC) #MMU-KUR Major League Materials Athletics ROY,,,4000,,,,,,,,,,,,,,Ungraded,,,,,,,,,,,,,,,,,,,,,,,,,,FixedPriceItem,GTC,19.39,,1,,,,,,,,,,,,,,,,,,,,,,,,,,,,,,,,
Revise,RA-203,261328,0,2025-26 Topps Chrome DRAYMOND Green #234 Warriors Basketball,,,4000,,,,,,,,,,,,,,Ungraded,,,,,,,,,,,,,,,,,,,,,,,,,,FixedPriceItem,GTC,1.25,,1,,,,,,,,,,,,,,,,,,,,,,,,,,,,,,,,
Revise,RA-210,261328,0,2025-26 Topps Chrome PELLE LARSSON #189 Aqua Refractor 175/199 Heat Basketball,,,4000,,,,,,,,,,,,,,Ungraded,,,,,,,,,,,,,,,,,,,,,,,,,,FixedPriceItem,GTC,5.99,,1,,,,,,,,,,,,,,,,,,,,,,,,,,,,,,,,
Revise,RA-208,261328,0,2025-26 Topps Chrome BRONNY JAMES JR. #182 Lakers Basketball,,,4000,,,,,,,,,,,,,,Ungraded,,,,,,,,,,,,,,,,,,,,,,,,,,FixedPriceItem,GTC,2.49,,1,,,,,,,,,,,,,,,,,,,,,,,,,,,,,,,,
Revise,RA-207,261328,0,2025-26 Topps Chrome BRANDON CLARKE #133 Refractor Grizzlies Basketball,,,4000,,,,,,,,,,,,,,Ungraded,,,,,,,,,,,,,,,,,,,,,,,,,,FixedPriceItem,GTC,2.49,,1,,,,,,,,,,,,,,,,,,,,,,,,,,,,,,,,
Revise,RA-209,261328,0,2025-26 Topps Chrome CEDRIC COWARD #261 RC Grizzlies Rookie Basketball,,,4000,,,,,,,,,,,,,,Ungraded,,,,,,,,,,,,,,,,,,,,,,,,,,FixedPriceItem,GTC,2.99,,1,,,,,,,,,,,,,,,,,,,,,,,,,,,,,,,,
Revise,RA-205,261328,0,2025-26 Topps Chrome KHRIS MIDDLETON #204 Refractor Wizards Basketball,,,4000,,,,,,,,,,,,,,Ungraded,,,,,,,,,,,,,,,,,,,,,,,,,,FixedPriceItem,GTC,2.99,,1,,,,,,,,,,,,,,,,,,,,,,,,,,,,,,,,
Revise,RA-204,261328,0,2025-26 Topps Chrome KAWHI LEONARD #TT-8 Tall Tales Clippers Basketball,,,4000,,,,,,,,,,,,,,Ungraded,,,,,,,,,,,,,,,,,,,,,,,,,,FixedPriceItem,GTC,2.99,,1,,,,,,,,,,,,,,,,,,,,,,,,,,,,,,,,
Revise,BE-00016-30567,261328,0,2026 Topps CAL RALEIGH #ATT-1 2025 All-Topps Team Mariners,,,4000,,,,,,,,,,,,,,Ungraded,,,,,,,,,,,,,,,,,,,,,,,,,,FixedPriceItem,GTC,2.99,,1,,,,,,,,,,,,,,,,,,,,,,,,,,,,,,,,
Revise,BE-00004-44752,261328,0,2026 Topps JULIO RODRIGUEZ #ATT-8 2025 All-Topps Team Mariners,,,4000,,,,,,,,,,,,,,Ungraded,,,,,,,,,,,,,,,,,,,,,,,,,,FixedPriceItem,GTC,3.99,,1,,,,,,,,,,,,,,,,,,,,,,,,,,,,,,,,
Revise,BE-00003-08495,261328,0,2026 Topps AARON JUDGE #ATT-6 2025 All-Topps Team Yankees,,,4000,,,,,,,,,,,,,,Ungraded,,,,,,,,,,,,,,,,,,,,,,,,,,FixedPriceItem,GTC,5.49,,1,,,,,,,,,,,,,,,,,,,,,,,,,,,,,,,,
Revise,BE-00009-86521,261328,0,2026 Topps AARON JUDGE #1 Purple Holo Foil 245/250 Yankees,,,4000,,,,,,,,,,,,,,Ungraded,,,,,,,,,,,,,,,,,,,,,,,,,,FixedPriceItem,GTC,65.09,,1,,,,,,,,,,,,,,,,,,,,,,,,,,,,,,,,
Revise,BE-00014-01369,261328,0,2026 Topps RYAN MCMAHON #248 Green Rainbow Foil 30/99 Yankees,,,4000,,,,,,,,,,,,,,Ungraded,,,,,,,,,,,,,,,,,,,,,,,,,,FixedPriceItem,GTC,18.49,,1,,,,,,,,,,,,,,,,,,,,,,,,,,,,,,,,
Revise,BE-00013-34096,261328,0,2026 Topps KENEDY CORONA #145 Rainbow Foil RC Astros Rookie,,,4000,,,,,,,,,,,,,,Ungraded,,,,,,,,,,,,,,,,,,,,,,,,,,FixedPriceItem,GTC,3.49,,1,,,,,,,,,,,,,,,,,,,,,,,,,,,,,,,,
Revise,BE-00017,261328,0,2026 Topps CAL RALEIGH #MLM-CR Major League Material MEM Mariners,,,4000,,,,,,,,,,,,,,Ungraded,,,,,,,,,,,,,,,,,,,,,,,,,,FixedPriceItem,GTC,8.09,,1,,,,,,,,,,,,,,,,,,,,,,,,,,,,,,,,
Revise,BE-00018,261328,0,2026 Topps CARLOS CORREA #MLM-CCO Major League Material MEM Astros,,,4000,,,,,,,,,,,,,,Ungraded,,,,,,,,,,,,,,,,,,,,,,,,,,FixedPriceItem,GTC,6.49,,1,,,,,,,,,,,,,,,,,,,,,,,,,,,,,,,,
Revise,BE-00010-59357,261328,0,2025 Bowman AROON ESCOBAR #BCP-65 Chrome Prospects Mega Box Refractor Phillies,,,4000,,,,,,,,,,,,,,Ungraded,,,,,,,,,,,,,,,,,,,,,,,,,,FixedPriceItem,GTC,2.49,,1,,,,,,,,,,,,,,,,,,,,,,,,,,,,,,,,
Revise,BE-00009-88624,261328,0,2025 Topps HUNTER GREENE #T90C-113 1990 Baseball Chrome Silver Mojo Pack Reds,,,4000,,,,,,,,,,,,,,Ungraded,,,,,,,,,,,,,,,,,,,,,,,,,,FixedPriceItem,GTC,2.99,,1,,,,,,,,,,,,,,,,,,,,,,,,,,,,,,,,
Revise,BE-00005-06978,261328,0,2011 Bowman Draft PICKS & Prospects Francisco Lindor #BDPP53 Indians,,,4000,,,,,,,,,,,,,,Ungraded,,,,,,,,,,,,,,,,,,,,,,,,,,FixedPriceItem,GTC,4.99,,1,,,,,,,,,,,,,,,,,,,,,,,,,,,,,,,,
Revise,BE-00008-46555,261328,0,2025 Bowman KYLE DEBARGE #BCP-139 Chrome 1st Prospect Twins RC Rookie,,,4000,,,,,,,,,,,,,,Ungraded,,,,,,,,,,,,,,,,,,,,,,,,,,FixedPriceItem,GTC,2.49,,1,,,,,,,,,,,,,,,,,,,,,,,,,,,,,,,,
Revise,Whatnot_bb_030826-00011-029332,261328,0,2025 Topps ZACH NETO #SS-43 Summer Superstars Angels,,,4000,,,,,,,,,,,,,,Ungraded,,,,,,,,,,,,,,,,,,,,,,,,,,FixedPriceItem,GTC,2.49,,1,,,,,,,,,,,,,,,,,,,,,,,,,,,,,,,,
Revise,BD-000200-t4cyn,261328,0,2025 Bowman Draft WALKER JANEK #BD-45 Gold Border Houston Astros #/50,,,4000,,,,,,,,,,,,,,Ungraded,,,,,,,,,,,,,,,,,,,,,,,,,,FixedPriceItem,GTC,16.59,,1,,,,,,,,,,,,,,,,,,,,,,,,,,,,,,,,
Revise,BD-000206-t4cyv,261328,0,2025 Bowman Draft MAX BELYEU #BDC-5 Chrome Yellow Geometric Rockies #/75,,,4000,,,,,,,,,,,,,,Ungraded,,,,,,,,,,,,,,,,,,,,,,,,,,FixedPriceItem,GTC,25.39,,1,,,,,,,,,,,,,,,,,,,,,,,,,,,,,,,,
Revise,BD-000214-t4cz3,261328,0,2025 Bowman Draft MITCH VOIT #BDC-71 Chrome Sky Blue Refractor New York Mets,,,4000,,,,,,,,,,,,,,VERY_GOOD,,,,,,,,,,,,,,,,,,,,,,,,,,FixedPriceItem,GTC,5.49,,1,,,,,,,,,,,,,,,,,,,,,,,,,,,,,,,,
Revise,BD-000215-t4cz4,261328,0,2025 Bowman Draft LUKE DICKERSON #BDC-61 Chrome X-Fractor Washington Nationals,,,4000,,,,,,,,,,,,,,Ungraded,,,,,,,,,,,,,,,,,,,,,,,,,,FixedPriceItem,GTC,1.99,,1,,,,,,,,,,,,,,,,,,,,,,,,,,,,,,,,
Revise,BD-000213-t4cz2,261328,0,2025 Bowman Draft LUKE LACOURSE #BDC-123 Chrome Refractor Los Angeles Angels,,,4000,,,,,,,,,,,,,,Ungraded,,,,,,,,,,,,,,,,,,,,,,,,,,FixedPriceItem,GTC,3.49,,1,,,,,,,,,,,,,,,,,,,,,,,,,,,,,,,,
Revise,BD-000216-t4cz5,261328,0,2025 Bowman Draft KORBYN DICKERSON #BDC-69 Chrome Refractor Seattle Mariners,,,4000,,,,,,,,,,,,,,Ungraded,,,,,,,,,,,,,,,,,,,,,,,,,,FixedPriceItem,GTC,3.49,,1,,,,,,,,,,,,,,,,,,,,,,,,,,,,,,,,
Revise,BD-000217-t4cz6,261328,0,2025 Bowman Draft CODY MILLER #BDC-91 Chrome Refractor Atlanta Braves,,,4000,,,,,,,,,,,,,,Ungraded,,,,,,,,,,,,,,,,,,,,,,,,,,FixedPriceItem,GTC,3.99,,1,,,,,,,,,,,,,,,,,,,,,,,,,,,,,,,,
Revise,BD-000218-t4cz7,261328,0,2025 Bowman Draft MASON NEVILLE #BDC-109 Chrome Refractor Cincinnati Reds,,,4000,,,,,,,,,,,,,,Ungraded,,,,,,,,,,,,,,,,,,,,,,,,,,FixedPriceItem,GTC,2.99,,1,,,,,,,,,,,,,,,,,,,,,,,,,,,,,,,,
Revise,BD-000219-t4cz8,261328,0,2025 Bowman Draft JAKE COOK #BDC-97 Chrome Refractor Toronto Blue Jays,,,4000,,,,,,,,,,,,,,Ungraded,,,,,,,,,,,,,,,,,,,,,,,,,,FixedPriceItem,GTC,5.99,,1,,,,,,,,,,,,,,,,,,,,,,,,,,,,,,,,
Revise,BD-000221-t4cza,261328,0,2025 Bowman Draft TIM PIASENTIN #BDC-73 Chrome Refractor Toronto Blue Jays,,,4000,,,,,,,,,,,,,,Ungraded,,,,,,,,,,,,,,,,,,,,,,,,,,FixedPriceItem,GTC,2.99,,1,,,,,,,,,,,,,,,,,,,,,,,,,,,,,,,,
Revise,BD-000220-t4cz9,261328,0,2025 Bowman Draft CHARLIE CONDON #PP-20 Prized Prospects Colorado Rockies,,,4000,,,,,,,,,,,,,,Ungraded,,,,,,,,,,,,,,,,,,,,,,,,,,FixedPriceItem,GTC,1.99,,1,,,,,,,,,,,,,,,,,,,,,,,,,,,,,,,,
Revise,BE-00033-04910,261328,0,2026 Topps BUBBA CHANDLER #91C-75 1991 Chrome Silver Pack Mojo Ref RC Rookie,,,4000,,,,,,,,,,,,,,Ungraded,,,,,,,,,,,,,,,,,,,,,,,,,,FixedPriceItem,GTC,5.49,,1,,,,,,,,,,,,,,,,,,,,,,,,,,,,,,,,
Revise,BE-00029-43368,261328,0,2025 Bowman Draft JESUS MADE #PP-16 Chrome Prized Prospects Mojo Refractor,,,4000,,,,,,,,,,,,,,Ungraded,,,,,,,,,,,,,,,,,,,,,,,,,,FixedPriceItem,GTC,4.99,,1,,,,,,,,,,,,,,,,,,,,,,,,,,,,,,,,
Revise,BE-00039-48729,261328,0,2026 Topps AUSTIN WELLS #220 Sandglitter Yankees,,,4000,,,,,,,,,,,,,,Ungraded,,,,,,,,,,,,,,,,,,,,,,,,,,FixedPriceItem,GTC,2.99,,1,,,,,,,,,,,,,,,,,,,,,,,,,,,,,,,,
Revise,BE-00010-87303,261328,0,2025 Bowman Draft ZYHIR HOPE #BIA-11 In Action Mojo Refractor Dodgers,,,4000,,,,,,,,,,,,,,Ungraded,,,,,,,,,,,,,,,,,,,,,,,,,,FixedPriceItem,GTC,3.49,,1,,,,,,,,,,,,,,,,,,,,,,,,,,,,,,,,
Revise,BE-00022-63800,261328,0,2025 Bowman Draft JESUS MADE #BDC-196 Chrome Mojo Refractor Brewers,,,4000,,,,,,,,,,,,,,Ungraded,,,,,,,,,,,,,,,,,,,,,,,,,,FixedPriceItem,GTC,3.99,,1,,,,,,,,,,,,,,,,,,,,,,,,,,,,,,,,
Revise,BE-00035-74485,261328,0,2025 Bowman Draft PETER KUSSOW #BDC-179 Chrome Refractor 1st Prospect Mets,,,4000,,,,,,,,,,,,,,Ungraded,,,,,,,,,,,,,,,,,,,,,,,,,,FixedPriceItem,GTC,3.49,,1,,,,,,,,,,,,,,,,,,,,,,,,,,,,,,,,
Revise,BE-00041-13394,261328,0,2026 Topps BOBBY WITT JR. #205 Sandglitter Royals,,,4000,,,,,,,,,,,,,,Ungraded,,,,,,,,,,,,,,,,,,,,,,,,,,FixedPriceItem,GTC,4.49,,1,,,,,,,,,,,,,,,,,,,,,,,,,,,,,,,,
Revise,BE-00003-42380,261328,0,2025 Bowman Draft GEORGE LOMBARD JR. #BDC-43 Chrome Mojo Refractor Yankees,,,4000,,,,,,,,,,,,,,Ungraded,,,,,,,,,,,,,,,,,,,,,,,,,,FixedPriceItem,GTC,3.49,,1,,,,,,,,,,,,,,,,,,,,,,,,,,,,,,,,
Revise,BE-00040-38128,261328,0,2026 Topps JONATHAN INDIA #237 Rainbow Foil Royals,,,4000,,,,,,,,,,,,,,VERY_GOOD,,,,,,,,,,,,,,,,,,,,,,,,,,FixedPriceItem,GTC,3.49,,1,,,,,,,,,,,,,,,,,,,,,,,,,,,,,,,,
Revise,BE-00019-24801,261328,0,2025 Bowman Draft LIAM DOYLE #PP-4 Chrome Prized Prospects Mojo Refractor,,,4000,,,,,,,,,,,,,,Ungraded,,,,,,,,,,,,,,,,,,,,,,,,,,FixedPriceItem,GTC,2.99,,1,,,,,,,,,,,,,,,,,,,,,,,,,,,,,,,,
Revise,BE-00038-12875,261328,0,2026 Topps DAVID BEDNAR #228 Rainbow Foil Yankees,,,4000,,,,,,,,,,,,,,Ungraded,,,,,,,,,,,,,,,,,,,,,,,,,,FixedPriceItem,GTC,3.99,,1,,,,,,,,,,,,,,,,,,,,,,,,,,,,,,,,
Revise,BE-00037-00083,261328,0,2026 Topps CAL RALEIGH #140 Sandglitter Mariners,,,4000,,,,,,,,,,,,,,Ungraded,,,,,,,,,,,,,,,,,,,,,,,,,,FixedPriceItem,GTC,5.49,,1,,,,,,,,,,,,,,,,,,,,,,,,,,,,,,,,
Revise,BE-00013-89852,261328,0,2025 Bowman Draft CJ GRAY #BDC-197 Chrome Lazer Refractor 1st Prospect Angels,,,4000,,,,,,,,,,,,,,Ungraded,,,,,,,,,,,,,,,,,,,,,,,,,,FixedPriceItem,GTC,2.49,,1,,,,,,,,,,,,,,,,,,,,,,,,,,,,,,,,
Revise,BE-00006-96960,261328,0,2026 Topps YOU 'SEA' THAT? #168 Rainbow Foil Mariners,,,4000,,,,,,,,,,,,,,Ungraded,,,,,,,,,,,,,,,,,,,,,,,,,,FixedPriceItem,GTC,2.59,,1,,,,,,,,,,,,,,,,,,,,,,,,,,,,,,,,
Revise,BE-00007-56631,261328,0,2025 Bowman Draft JACOB REIMER #BDC-188 Chrome Lazer Refractor Mets,,,4000,,,,,,,,,,,,,,Ungraded,,,,,,,,,,,,,,,,,,,,,,,,,,FixedPriceItem,GTC,2.49,,1,,,,,,,,,,,,,,,,,,,,,,,,,,,,,,,,
Revise,BE-00005-35184,261328,0,2026 Topps DOMINIC CANZONE #156 Sandglitter Mariners,,,4000,,,,,,,,,,,,,,Ungraded,,,,,,,,,,,,,,,,,,,,,,,,,,FixedPriceItem,GTC,3.49,,1,,,,,,,,,,,,,,,,,,,,,,,,,,,,,,,,
Revise,BE-00043-89377,261328,0,2026 Topps JAC CAGLIANONE #TP-22 Profiles RC Royals Rookie,,,4000,,,,,,,,,,,,,,Ungraded,,,,,,,,,,,,,,,,,,,,,,,,,,FixedPriceItem,GTC,3.49,,1,,,,,,,,,,,,,,,,,,,,,,,,,,,,,,,,
Revise,BE-00025-08508,261328,0,2026 Topps SPENCER HORWITZ #77 Sandglitter Pirates,,,4000,,,,,,,,,,,,,,Ungraded,,,,,,,,,,,,,,,,,,,,,,,,,,FixedPriceItem,GTC,2.99,,1,,,,,,,,,,,,,,,,,,,,,,,,,,,,,,,,
Revise,BBA-000001-00046-19946,261328,0,2026 Topps ADAM FRAZIER #181 Rainbow Foil Royals,,,4000,,,,,,,,,,,,,,Ungraded,,,,,,,,,,,,,,,,,,,,,,,,,,FixedPriceItem,GTC,3.49,,1,,,,,,,,,,,,,,,,,,,,,,,,,,,,,,,,
Revise,BBA-000001-00066-82994,261328,0,2025 Bowman Draft DEAN MOSS #BD-114 Sky Blue Border 121/499 Rays,,,4000,,,,,,,,,,,,,,Ungraded,,,,,,,,,,,,,,,,,,,,,,,,,,FixedPriceItem,GTC,3.99,,1,,,,,,,,,,,,,,,,,,,,,,,,,,,,,,,,
Revise,BBA-000001-00067-04385,261328,0,2025 Bowman Draft LUIS PENA #BDC-105 Chrome Purple Refractor 48/250 Brewers,,,4000,,,,,,,,,,,,,,Ungraded,,,,,,,,,,,,,,,,,,,,,,,,,,FixedPriceItem,GTC,20.49,,1,,,,,,,,,,,,,,,,,,,,,,,,,,,,,,,,
Revise,BBA-000001-00057-68291,261328,0,2026 Topps JAZZ CHISHOLM JR. #ATT-3 2025 All-Topps Team Yankees Basketball,,,4000,,,,,,,,,,,,,,Ungraded,,,,,,,,,,,,,,,,,,,,,,,,,,FixedPriceItem,GTC,2.99,,1,,,,,,,,,,,,,,,,,,,,,,,,,,,,,,,,
Revise,BBA-000001-00047-26814,261328,0,2026 Topps CAM DEVANNEY #268 Rainbow Foil RC Pirates Rookie,,,4000,,,,,,,,,,,,,,Ungraded,,,,,,,,,,,,,,,,,,,,,,,,,,FixedPriceItem,GTC,3.49,,1,,,,,,,,,,,,,,,,,,,,,,,,,,,,,,,,
Revise,Brian_batch_1_(lot)-00061-057228,261328,0,2026 Topps SPENCER HORWITZ #77 Rainbow Foil Pirates,,,4000,,,,,,,,,,,,,,Ungraded,,,,,,,,,,,,,,,,,,,,,,,,,,FixedPriceItem,GTC,2.99,,1,,,,,,,,,,,,,,,,,,,,,,,,,,,,,,,,
Revise,BBA-000001-00055-51976,261328,0,2025 Bowman Draft GEORGE LOMBARD JR. #PP-3 Chrome Prized Prospects Mojo,,,4000,,,,,,,,,,,,,,Ungraded,,,,,,,,,,,,,,,,,,,,,,,,,,FixedPriceItem,GTC,2.49,,1,,,,,,,,,,,,,,,,,,,,,,,,,,,,,,,,
Revise,BBA-000001-00006-51644,261328,0,2025-26 Topps Finest VJ EDGECOMBE #3 Common RC 76ers Rookie Basketball,,,4000,,,,,,,,,,,,,,VERY_GOOD,,,,,,,,,,,,,,,,,,,,,,,,,,FixedPriceItem,GTC,7.25,,1,,,,,,,,,,,,,,,,,,,,,,,,,,,,,,,,
Revise,BBA-000001-00005-79294,261328,0,2025-26 Topps Finest JEREMIAH FEARS #7 Common RC Pelicans Rookie Basketball,,,4000,,,,,,,,,,,,,,Ungraded,,,,,,,,,,,,,,,,,,,,,,,,,,FixedPriceItem,GTC,2.99,,1,,,,,,,,,,,,,,,,,,,,,,,,,,,,,,,,
Revise,BBB-000012-tjbyg,261328,0,2025-26 Finest JOHNI BROOME #124 Philadelphia 76ers Basketball,,,4000,,,,,,,,,,,,,,Ungraded,,,,,,,,,,,,,,,,,,,,,,,,,,FixedPriceItem,GTC,2.99,,1,,,,,,,,,,,,,,,,,,,,,,,,,,,,,,,,
Revise,BBB-000015-tjbyk,261328,0,2025-26 Topps Chrome AARON NESMITH #SWS-AN Sky Write Signatures Refractors Auto,,,4000,,,,,,,,,,,,,,Ungraded,,,,,,,,,,,,,,,,,,,,,,,,,,FixedPriceItem,GTC,10.99,,1,,,,,,,,,,,,,,,,,,,,,,,,,,,,,,,,
Revise,BBB-000018-tjbyq,261328,0,2025-26 Finest QUINTEN POST #FAU-QP Finest Autographs Golden State Warriors Auto,,,4000,,,,,,,,,,,,,,Ungraded,,,,,,,,,,,,,,,,,,,,,,,,,,FixedPriceItem,GTC,5.79,,1,,,,,,,,,,,,,,,,,,,,,,,,,,,,,,,,
Revise,BBB-000019-tjbys,261328,0,2025-26 Finest KEL'EL WARE #BA-KW Baseline Autographs Miami Heat Auto Basketball,,,4000,,,,,,,,,,,,,,Ungraded,,,,,,,,,,,,,,,,,,,,,,,,,,FixedPriceItem,GTC,15.89,,1,,,,,,,,,,,,,,,,,,,,,,,,,,,,,,,,
Revise,BBB-000020-tjbyt,261328,0,2025-26 Finest LIAM MCNEELEY #BA-LM Baseline Autographs Charlotte Hornets Auto,,,4000,,,,,,,,,,,,,,Ungraded,,,,,,,,,,,,,,,,,,,,,,,,,,FixedPriceItem,GTC,6.09,,1,,,,,,,,,,,,,,,,,,,,,,,,,,,,,,,,
Revise,BBB-000023-tjbyy,261328,0,2025-26 Finest KYRIE IRVING #87 Oil Spill Refractor Dallas Mavericks Basketball,,,4000,,,,,,,,,,,,,,Ungraded,,,,,,,,,,,,,,,,,,,,,,,,,,FixedPriceItem,GTC,4.99,,1,,,,,,,,,,,,,,,,,,,,,,,,,,,,,,,,
Revise,BBB-000025-tjbz1,261328,0,2025-26 Finest JIMMY BUTLER III #75 Oil Spill Refractor Golden State Warriors,,,4000,,,,,,,,,,,,,,Ungraded,,,,,,,,,,,,,,,,,,,,,,,,,,FixedPriceItem,GTC,5.99,,1,,,,,,,,,,,,,,,,,,,,,,,,,,,,,,,,
Revise,BBB-000026-tjbz2,261328,0,2025-26 Finest EGOR DËMIN #8 Oil Spill Refractor Brooklyn Nets Basketball,,,4000,,,,,,,,,,,,,,Ungraded,,,,,,,,,,,,,,,,,,,,,,,,,,FixedPriceItem,GTC,19.95,,1,,,,,,,,,,,,,,,,,,,,,,,,,,,,,,,,
Revise,BBB-000027-tjbz3,261328,0,2025-26 Finest CARTER BRYANT #F-14 First Refractor San Antonio Spurs Basketball,,,4000,,,,,,,,,,,,,,Ungraded,,,,,,,,,,,,,,,,,,,,,,,,,,FixedPriceItem,GTC,19.39,,1,,,,,,,,,,,,,,,,,,,,,,,,,,,,,,,,
Revise,BBB-000028-tjbz5,261328,0,2025-26 Finest JARED MCCAIN #190 X-Fractor Philadelphia 76ers Basketball,,,4000,,,,,,,,,,,,,,Ungraded,,,,,,,,,,,,,,,,,,,,,,,,,,FixedPriceItem,GTC,7.19,,1,,,,,,,,,,,,,,,,,,,,,,,,,,,,,,,,
Revise,BBB-000029-tjbz6,261328,0,2025-26 Finest VICTOR WEMBANYAMA #FI-1 Finishers San Antonio Spurs Basketball,,,4000,,,,,,,,,,,,,,Ungraded,,,,,,,,,,,,,,,,,,,,,,,,,,FixedPriceItem,GTC,9.99,,1,,,,,,,,,,,,,,,,,,,,,,,,,,,,,,,,
Revise,BBB-000031-tjbz9,261328,0,2025-26 Finest KASPARAS JAKUCIONIS #20 Oil Spill Refractor Miami Heat Basketball,,,4000,,,,,,,,,,,,,,Ungraded,,,,,,,,,,,,,,,,,,,,,,,,,,FixedPriceItem,GTC,6.99,,1,,,,,,,,,,,,,,,,,,,,,,,,,,,,,,,,
Revise,BBB-000034-tjbze,261328,0,2025-26 Finest JOHNI BROOME #F-25 First Refractor Philadelphia 76ers Basketball,,,4000,,,,,,,,,,,,,,Ungraded,,,,,,,,,,,,,,,,,,,,,,,,,,FixedPriceItem,GTC,5.99,,1,,,,,,,,,,,,,,,,,,,,,,,,,,,,,,,,
Revise,BBB-000036-tjbzh,261328,0,2025-26 Topps Chrome DORIAN FINNEY-SMITH #192 Prism Refractor Los Angeles Lakers,,,4000,,,,,,,,,,,,,,Ungraded,,,,,,,,,,,,,,,,,,,,,,,,,,FixedPriceItem,GTC,1.99,,1,,,,,,,,,,,,,,,,,,,,,,,,,,,,,,,,
Revise,BBB-000038-tjbzk,261328,0,2025-26 Topps Chrome OSHAE BRISSETT #20 Refractor Philadelphia 76ers Basketball,,,4000,,,,,,,,,,,,,,Ungraded,,,,,,,,,,,,,,,,,,,,,,,,,,FixedPriceItem,GTC,2.99,,1,,,,,,,,,,,,,,,,,,,,,,,,,,,,,,,,
Revise,BBB-000039-tjbzl,261328,0,2025-26 Finest NIQUE CLIFFORD #A-24 Arrivals Sacramento Kings Basketball,,,4000,,,,,,,,,,,,,,Ungraded,,,,,,,,,,,,,,,,,,,,,,,,,,FixedPriceItem,GTC,5.99,,1,,,,,,,,,,,,,,,,,,,,,,,,,,,,,,,,
Revise,BBB-000040-tjbzn,261328,0,2025-26 Topps Chrome NOA ESSENGUE #262 Negative Ref Chicago Bulls Basketball,,,4000,,,,,,,,,,,,,,Ungraded,,,,,,,,,,,,,,,,,,,,,,,,,,FixedPriceItem,GTC,16.59,,1,,,,,,,,,,,,,,,,,,,,,,,,,,,,,,,,
Revise,BBB-000043-tjbzs,261328,0,2025-26 Finest KASPARAS JAKUCIONIS #A-20 Arrivals X-Fractor Miami Heat,,,4000,,,,,,,,,,,,,,Ungraded,,,,,,,,,,,,,,,,,,,,,,,,,,FixedPriceItem,GTC,2.99,,1,,,,,,,,,,,,,,,,,,,,,,,,,,,,,,,,
Revise,BBB-000044-tjbzt,261328,0,2025-26 Topps Chrome NIQUE CLIFFORD #274 RayWave Ref Sacramento Kings Basketball,,,4000,,,,,,,,,,,,,,Ungraded,,,,,,,,,,,,,,,,,,,,,,,,,,FixedPriceItem,GTC,3.99,,1,,,,,,,,,,,,,,,,,,,,,,,,,,,,,,,,
Revise,BBB-000049-tjc00,261328,0,2025-26 Finest ALLEN IVERSON #M-1 Muse Sky Blue Refractor 76ers #/150 Basketball,,,4000,,,,,,,,,,,,,,Ungraded,,,,,,,,,,,,,,,,,,,,,,,,,,FixedPriceItem,GTC,19.49,,1,,,,,,,,,,,,,,,,,,,,,,,,,,,,,,,,
Revise,BBB-000046-tjbzw,261328,0,2025-26 Finest CEDRIC COWARD #F-11 First Refractor Memphis Grizzlies Basketball,,,4000,,,,,,,,,,,,,,Ungraded,,,,,,,,,,,,,,,,,,,,,,,,,,FixedPriceItem,GTC,10.0,,1,,,,,,,,,,,,,,,,,,,,,,,,,,,,,,,,
Revise,BBB-000048-tjbzy,261328,0,2025-26 Finest ZACH LAVINE #86 Oil Spill Refractor Sacramento Kings Basketball,,,4000,,,,,,,,,,,,,,Ungraded,,,,,,,,,,,,,,,,,,,,,,,,,,FixedPriceItem,GTC,5.99,,1,,,,,,,,,,,,,,,,,,,,,,,,,,,,,,,,
Revise,BBB-000051-tjc02,261328,0,2025-26 Finest ZACH LAVINE #86 Green Refractor Sacramento Kings #/75 Basketball,,,4000,,,,,,,,,,,,,,Ungraded,,,,,,,,,,,,,,,,,,,,,,,,,,FixedPriceItem,GTC,4.99,,1,,,,,,,,,,,,,,,,,,,,,,,,,,,,,,,,
Revise,BBB-000050-tjc01,261328,0,2025-26 Finest MALIK MONK #170 Sky Blue Ref Sacramento Kings #/250 Basketball,,,4000,,,,,,,,,,,,,,Ungraded,,,,,,,,,,,,,,,,,,,,,,,,,,FixedPriceItem,GTC,11.09,,1,,,,,,,,,,,,,,,,,,,,,,,,,,,,,,,,
Revise,BBB-000052-tjc06,261328,0,2025-26 Finest MALIK MONK #170 Purple X-Fractor Sacramento Kings #/99 Basketball,,,4000,,,,,,,,,,,,,,Ungraded,,,,,,,,,,,,,,,,,,,,,,,,,,FixedPriceItem,GTC,6.09,,1,,,,,,,,,,,,,,,,,,,,,,,,,,,,,,,,
Revise,BBB-000060-tjc0i,261328,0,2024-25 Panini Select CODY WILLIAMS #296 White Disco Prizm Utah Jazz #/75,,,4000,,,,,,,,,,,,,,Ungraded,,,,,,,,,,,,,,,,,,,,,,,,,,FixedPriceItem,GTC,21.29,,1,,,,,,,,,,,,,,,,,,,,,,,,,,,,,,,,
Revise,BBB-000062-tjc0l,261328,0,2025-26 Topps Chrome BEN SARAF #276 Green Wave Ref Brooklyn Nets #/99 Basketball,,,4000,,,,,,,,,,,,,,Ungraded,,,,,,,,,,,,,,,,,,,,,,,,,,FixedPriceItem,GTC,26.29,,1,,,,,,,,,,,,,,,,,,,,,,,,,,,,,,,,
Revise,BBB-000063-tjc0m,261328,0,2025-26 Finest JOAN BERINGER #217 Sky Blue Ref Timberwolves #/150 Basketball,,,4000,,,,,,,,,,,,,,Ungraded,,,,,,,,,,,,,,,,,,,,,,,,,,FixedPriceItem,GTC,26.29,,1,,,,,,,,,,,,,,,,,,,,,,,,,,,,,,,,
Revise,BBB-000066-tjc0q,261328,0,2025-26 Topps Chrome LONZO BALL #38 Teal Ref Chicago Bulls #/299 Basketball,,,4000,,,,,,,,,,,,,,Ungraded,,,,,,,,,,,,,,,,,,,,,,,,,,FixedPriceItem,GTC,2.99,,1,,,,,,,,,,,,,,,,,,,,,,,,,,,,,,,,
Revise,CDP-E328510,261328,0,THOMAS SORBER RC 2025-26 Topps Finest Oil Spill Rookie Card-#15 OKC Thunder,,,4000,,,,,,,,,,,,,,Ungraded,,,,,,,,,,,,,,,,,,,,,,,,,,FixedPriceItem,GTC,5.99,,1,,,,,,,,,,,,,,,,,,,,,,,,,,,,,,,,
Revise,BBA-000001-00078-67770,261328,0,2025 Bowman's Best JAC CAGLIANONE #TP-3 Top Prospects Royals,,,4000,,,,,,,,,,,,,,Ungraded,,,,,,,,,,,,,,,,,,,,,,,,,,FixedPriceItem,GTC,4.49,,1,,,,,,,,,,,,,,,,,,,,,,,,,,,,,,,,
Revise,BBA-000001-00069-39880,261328,0,2025 Bowman's Best MARCELO MAYER #5 RC Red Sox Rookie,,,4000,,,,,,,,,,,,,,Ungraded,,,,,,,,,,,,,,,,,,,,,,,,,,FixedPriceItem,GTC,4.99,,1,,,,,,,,,,,,,,,,,,,,,,,,,,,,,,,,
Revise,BBA-000001-00074-32887,261328,0,2025 Bowman's Best LEO DE VRIES #TP-26 Top Prospects Athletics,,,4000,,,,,,,,,,,,,,Ungraded,,,,,,,,,,,,,,,,,,,,,,,,,,FixedPriceItem,GTC,3.99,,1,,,,,,,,,,,,,,,,,,,,,,,,,,,,,,,,
Revise,BBA-000001-00073-26230,261328,0,2025 Bowman's Best CHARLIE CONDON #TP-8 Top Prospects Rockies,,,4000,,,,,,,,,,,,,,Ungraded,,,,,,,,,,,,,,,,,,,,,,,,,,FixedPriceItem,GTC,3.49,,1,,,,,,,,,,,,,,,,,,,,,,,,,,,,,,,,
Revise,BBA-000001-00070-19592,261328,0,2025 Bowman's Best HYESEONG KIM #45 RC Dodgers Rookie,,,4000,,,,,,,,,,,,,,Ungraded,,,,,,,,,,,,,,,,,,,,,,,,,,FixedPriceItem,GTC,3.99,,1,,,,,,,,,,,,,,,,,,,,,,,,,,,,,,,,
Revise,BBA-000001-00080-37794,261328,0,2025 Bowman's Best ROMAN ANTHONY #TP-16 Top Prospects Red Sox,,,4000,,,,,,,,,,,,,,Ungraded,,,,,,,,,,,,,,,,,,,,,,,,,,FixedPriceItem,GTC,7.49,,1,,,,,,,,,,,,,,,,,,,,,,,,,,,,,,,,
Revise,BBA-000001-00075-78100,261328,0,2025 Bowman's Best JACOB WILSON #31 RC Athletics Rookie,,,4000,,,,,,,,,,,,,,Ungraded,,,,,,,,,,,,,,,,,,,,,,,,,,FixedPriceItem,GTC,6.0,,1,,,,,,,,,,,,,,,,,,,,,,,,,,,,,,,,
Revise,BBA-000001-00084-42585,261328,0,2025 Bowman's Best AARON JUDGE #38 Yankees,,,4000,,,,,,,,,,,,,,Ungraded,,,,,,,,,,,,,,,,,,,,,,,,,,FixedPriceItem,GTC,5.99,,1,,,,,,,,,,,,,,,,,,,,,,,,,,,,,,,,
Revise,BBA-000001-00071-14349,261328,0,2025 Bowman's Best CARSON BENGE #TP-22 Top Prospects Mets,,,4000,,,,,,,,,,,,,,Ungraded,,,,,,,,,,,,,,,,,,,,,,,,,,FixedPriceItem,GTC,5.99,,1,,,,,,,,,,,,,,,,,,,,,,,,,,,,,,,,
Revise,BBA-000001-00085-40349,261328,0,2025 Bowman's Best GEORGE LOMBARD JR. #TP-23 Top Prospects Yankees,,,4000,,,,,,,,,,,,,,Ungraded,,,,,,,,,,,,,,,,,,,,,,,,,,FixedPriceItem,GTC,3.99,,1,,,,,,,,,,,,,,,,,,,,,,,,,,,,,,,,
Revise,Baseball_lot_1_03-16-26-00013-036836,261328,0,2025 Bowman's Best KRISTIAN CAMPBELL #11 RC Red Sox Rookie,,,4000,,,,,,,,,,,,,,Ungraded,,,,,,,,,,,,,,,,,,,,,,,,,,FixedPriceItem,GTC,3.99,,1,,,,,,,,,,,,,,,,,,,,,,,,,,,,,,,,
Revise,Baseball_lot_1_03-16-26-00009-094611,261328,0,ELI WILLITS Chrome Top Prospect Rookie 2025 Bowman's Best Card #TP-20 Nationals,,,4000,,,,,,,,,,,,,,Ungraded,,,,,,,,,,,,,,,,,,,,,,,,,,FixedPriceItem,GTC,3.49,,1,,,,,,,,,,,,,,,,,,,,,,,,,,,,,,,,
Revise,BBB-000086-trw78,261328,0,2025 Topps PRO Debut Jonathan Santucci #PDC-150 Chrome Gold Refractor Mets #/50,,,4000,,,,,,,,,,,,,,Ungraded,,,,,,,,,,,,,,,,,,,,,,,,,,FixedPriceItem,GTC,35.09,,1,,,,,,,,,,,,,,,,,,,,,,,,,,,,,,,,
Revise,BBB-000089-trw7e,261328,0,2025 Topps Chrome COSMIC DENZEL CLARKE #147 Athletics,,,4000,,,,,,,,,,,,,,Ungraded,,,,,,,,,,,,,,,,,,,,,,,,,,FixedPriceItem,GTC,2.99,,1,,,,,,,,,,,,,,,,,,,,,,,,,,,,,,,,
Revise,BBB-000090-trw7h,261328,0,2025 Topps Chrome COSMIC BRENT ROOKER #199 Athletics,,,4000,,,,,,,,,,,,,,Ungraded,,,,,,,,,,,,,,,,,,,,,,,,,,FixedPriceItem,GTC,2.99,,1,,,,,,,,,,,,,,,,,,,,,,,,,,,,,,,,
Revise,BBB-000091-trw7k,261328,0,2025 Topps Chrome COSMIC JACOB WILSON #139 Athletics,,,4000,,,,,,,,,,,,,,Ungraded,,,,,,,,,,,,,,,,,,,,,,,,,,FixedPriceItem,GTC,4.99,,1,,,,,,,,,,,,,,,,,,,,,,,,,,,,,,,,
Revise,BBB-000093-trw7z,261328,0,2025 Topps Update DRAKE BALDWIN #U90-32 1990 Topps Baseball 35th Braves,,,4000,,,,,,,,,,,,,,VERY_GOOD,,,,,,,,,,,,,,,,,,,,,,,,,,FixedPriceItem,GTC,1.99,,1,,,,,,,,,,,,,,,,,,,,,,,,,,,,,,,,
Revise,BBB-000099-trw88,261328,0,2025 Bowman's Best MAX CLARK #FG-16 2025 MLB All-Star Futures Game Tigers,,,4000,,,,,,,,,,,,,,Ungraded,,,,,,,,,,,,,,,,,,,,,,,,,,FixedPriceItem,GTC,1.99,,1,,,,,,,,,,,,,,,,,,,,,,,,,,,,,,,,
Revise,BBB-000100-tsgpf,261328,0,2024 Topps WYATT LANGFORD #700b All-Star Game Texas Rangers,,,4000,,,,,,,,,,,,,,Ungraded,,,,,,,,,,,,,,,,,,,,,,,,,,FixedPriceItem,GTC,3.49,,1,,,,,,,,,,,,,,,,,,,,,,,,,,,,,,,,
Revise,BBB-000134-tsgqd,261328,0,2024 Topps JUSTIN VERLANDER #62 All-Star Game Houston Astros,,,4000,,,,,,,,,,,,,,Ungraded,,,,,,,,,,,,,,,,,,,,,,,,,,FixedPriceItem,GTC,3.49,,1,,,,,,,,,,,,,,,,,,,,,,,,,,,,,,,,
Revise,BBB-000101-tsgpg,261328,0,2024 Topps JACKSON CHOURIO #698b All-Star Game Milwaukee Brewers,,,4000,,,,,,,,,,,,,,Ungraded,,,,,,,,,,,,,,,,,,,,,,,,,,FixedPriceItem,GTC,5.49,,1,,,,,,,,,,,,,,,,,,,,,,,,,,,,,,,,
Revise,BBB-000135-tsgqe,261328,0,2024 Topps EUGENIO SUÁREZ #231 All-Star Game Seattle Mariners,,,4000,,,,,,,,,,,,,,VERY_GOOD,,,,,,,,,,,,,,,,,,,,,,,,,,FixedPriceItem,GTC,1.99,,1,,,,,,,,,,,,,,,,,,,,,,,,,,,,,,,,
Revise,BBB-000136-tsgqf,261328,0,2024 Topps CHRIS MURPHY #73 All-Star Game Boston Red Sox,,,4000,,,,,,,,,,,,,,VERY_GOOD,,,,,,,,,,,,,,,,,,,,,,,,,,FixedPriceItem,GTC,2.99,,1,,,,,,,,,,,,,,,,,,,,,,,,,,,,,,,,
Revise,BBB-000102-tsgph,261328,0,2024 Topps RONALD ACUÑA JR. #1 All-Star Game Atlanta Braves,,,4000,,,,,,,,,,,,,,Ungraded,,,,,,,,,,,,,,,,,,,,,,,,,,FixedPriceItem,GTC,2.5,,1,,,,,,,,,,,,,,,,,,,,,,,,,,,,,,,,
Revise,BBB-000103-tsgpi,261328,0,2024 Topps CRISTIAN JAVIER #269 All-Star Game Houston Astros,,,4000,,,,,,,,,,,,,,Ungraded,,,,,,,,,,,,,,,,,,,,,,,,,,FixedPriceItem,GTC,3.49,,1,,,,,,,,,,,,,,,,,,,,,,,,,,,,,,,,
Revise,BBB-000137-tsgqg,261328,0,2024 Topps NICK SENZEL #338 All-Star Game Cincinnati Reds,,,4000,,,,,,,,,,,,,,Ungraded,,,,,,,,,,,,,,,,,,,,,,,,,,FixedPriceItem,GTC,2.99,,1,,,,,,,,,,,,,,,,,,,,,,,,,,,,,,,,
Revise,BBB-000138-tsgqh,261328,0,2024 Topps MIKE YASTRZEMSKI #124 All-Star Game San Francisco Giants Football,,,4000,,,,,,,,,,,,,,VERY_GOOD,,,,,,,,,,,,,,,,,,,,,,,,,,FixedPriceItem,GTC,3.49,,1,,,,,,,,,,,,,,,,,,,,,,,,,,,,,,,,
Revise,BBB-000104-tsgpj,261328,0,2024 Topps NOLAN ARENADO #118 All-Star Game St. Louis Cardinals Football,,,4000,,,,,,,,,,,,,,Ungraded,,,,,,,,,,,,,,,,,,,,,,,,,,FixedPriceItem,GTC,2.99,,1,,,,,,,,,,,,,,,,,,,,,,,,,,,,,,,,
Revise,BBB-000105-tsgpk,261328,0,2024 Topps GRAE KESSINGER #226 Houston Astros,,,4000,,,,,,,,,,,,,,Ungraded,,,,,,,,,,,,,,,,,,,,,,,,,,FixedPriceItem,GTC,2.49,,1,,,,,,,,,,,,,,,,,,,,,,,,,,,,,,,,
Revise,BBB-000139-tsgqi,261328,0,2024 Topps OWEN WHITE #5 All-Star Game Texas Rangers,,,4000,,,,,,,,,,,,,,VERY_GOOD,,,,,,,,,,,,,,,,,,,,,,,,,,FixedPriceItem,GTC,3.49,,1,,,,,,,,,,,,,,,,,,,,,,,,,,,,,,,,
Revise,BBB-000140-tsgqj,261328,0,2024 Topps RAFAEL DEVERS #22 All-Star Game Boston Red Sox,,,4000,,,,,,,,,,,,,,VERY_GOOD,,,,,,,,,,,,,,,,,,,,,,,,,,FixedPriceItem,GTC,3.49,,1,,,,,,,,,,,,,,,,,,,,,,,,,,,,,,,,
Revise,BBB-000106-tsgpl,261328,0,2024 Topps MERRILL KELLY #112 All-Star Game Arizona Diamondbacks,,,4000,,,,,,,,,,,,,,VERY_GOOD,,,,,,,,,,,,,,,,,,,,,,,,,,FixedPriceItem,GTC,3.49,,1,,,,,,,,,,,,,,,,,,,,,,,,,,,,,,,,
Revise,BBB-000141-tsgqk,261328,0,2024 Topps ROYCE LEWIS #208 All-Star Game Minnesota Twins,,,4000,,,,,,,,,,,,,,Ungraded,,,,,,,,,,,,,,,,,,,,,,,,,,FixedPriceItem,GTC,3.49,,1,,,,,,,,,,,,,,,,,,,,,,,,,,,,,,,,
Revise,BBB-000107-tsgpm,261328,0,2024 Topps LUIS ARRAEZ #299 All-Star Game Miami Marlins,,,4000,,,,,,,,,,,,,,VERY_GOOD,,,,,,,,,,,,,,,,,,,,,,,,,,FixedPriceItem,GTC,3.49,,1,,,,,,,,,,,,,,,,,,,,,,,,,,,,,,,,
Revise,BBB-000108-tsgpn,261328,0,2024 Topps LEODY TAVERAS #199 All-Star Game Texas Rangers,,,4000,,,,,,,,,,,,,,Ungraded,,,,,,,,,,,,,,,,,,,,,,,,,,FixedPriceItem,GTC,3.49,,1,,,,,,,,,,,,,,,,,,,,,,,,,,,,,,,,
Revise,BBB-000109-tsgpo,261328,0,2024 Topps DANE MYERS #188 All-Star Game Marlins,,,4000,,,,,,,,,,,,,,Ungraded,,,,,,,,,,,,,,,,,,,,,,,,,,FixedPriceItem,GTC,2.49,,1,,,,,,,,,,,,,,,,,,,,,,,,,,,,,,,,
Revise,BBB-000142-tsgql,261328,0,2024 Topps LUKE RALEY #181 All-Star Game Tampa Bay Rays,,,4000,,,,,,,,,,,,,,VERY_GOOD,,,,,,,,,,,,,,,,,,,,,,,,,,FixedPriceItem,GTC,2.49,,1,,,,,,,,,,,,,,,,,,,,,,,,,,,,,,,,
Revise,BBB-000143-tsgqm,261328,0,2024 Topps BYRON BUXTON #94 All-Star Game Minnesota Twins,,,4000,,,,,,,,,,,,,,Ungraded,,,,,,,,,,,,,,,,,,,,,,,,,,FixedPriceItem,GTC,3.49,,1,,,,,,,,,,,,,,,,,,,,,,,,,,,,,,,,
Revise,BBB-000144-tsgqn,261328,0,2024 Topps JORGE MATEO #42 All-Star Game Baltimore Orioles,,,4000,,,,,,,,,,,,,,Ungraded,,,,,,,,,,,,,,,,,,,,,,,,,,FixedPriceItem,GTC,3.49,,1,,,,,,,,,,,,,,,,,,,,,,,,,,,,,,,,
Revise,BBB-000110-tsgpp,261328,0,2024 Topps RYAN MOUNTCASTLE #34 All-Star Game Baltimore Orioles,,,4000,,,,,,,,,,,,,,Ungraded,,,,,,,,,,,,,,,,,,,,,,,,,,FixedPriceItem,GTC,2.99,,1,,,,,,,,,,,,,,,,,,,,,,,,,,,,,,,,
Revise,BBB-000145-tsgqo,261328,0,2024 Topps HOUSTON ASTROS #132 All-Star Game Houston Astros,,,4000,,,,,,,,,,,,,,VERY_GOOD,,,,,,,,,,,,,,,,,,,,,,,,,,FixedPriceItem,GTC,2.49,,1,,,,,,,,,,,,,,,,,,,,,,,,,,,,,,,,
Revise,BBB-000111-tsgpq,261328,0,2024 Topps WILLIAM CONTRERAS #61 All-Star Game Milwaukee Brewers,,,4000,,,,,,,,,,,,,,VERY_GOOD,,,,,,,,,,,,,,,,,,,,,,,,,,FixedPriceItem,GTC,2.99,,1,,,,,,,,,,,,,,,,,,,,,,,,,,,,,,,,
Revise,BBB-000112-tsgpr,261328,0,2024 Topps KYLE FINNEGAN #153 All-Star Game Washington Nationals,,,4000,,,,,,,,,,,,,,VERY_GOOD,,,,,,,,,,,,,,,,,,,,,,,,,,FixedPriceItem,GTC,3.49,,1,,,,,,,,,,,,,,,,,,,,,,,,,,,,,,,,
Revise,BBB-000146-tsgqp,261328,0,2024 Topps J.D. DAVIS #64 All-Star Game San Francisco Giants Football,,,4000,,,,,,,,,,,,,,Ungraded,,,,,,,,,,,,,,,,,,,,,,,,,,FixedPriceItem,GTC,2.49,,1,,,,,,,,,,,,,,,,,,,,,,,,,,,,,,,,
Revise,BBB-000113-tsgps,261328,0,2024 Topps PRELANDER BERROA #36 All-Star Game Seattle Mariners,,,4000,,,,,,,,,,,,,,Ungraded,,,,,,,,,,,,,,,,,,,,,,,,,,FixedPriceItem,GTC,3.49,,1,,,,,,,,,,,,,,,,,,,,,,,,,,,,,,,,
Revise,BBB-000147-tsgqq,261328,0,2024 Topps EVAN CARTER #280 All-Star Game Texas Rangers,,,4000,,,,,,,,,,,,,,VERY_GOOD,,,,,,,,,,,,,,,,,,,,,,,,,,FixedPriceItem,GTC,3.49,,1,,,,,,,,,,,,,,,,,,,,,,,,,,,,,,,,
Revise,BBB-000114-tsgpt,261328,0,2024 Topps KENLEY JANSEN #267 All-Star Game Boston Red Sox,,,4000,,,,,,,,,,,,,,VERY_GOOD,,,,,,,,,,,,,,,,,,,,,,,,,,FixedPriceItem,GTC,3.49,,1,,,,,,,,,,,,,,,,,,,,,,,,,,,,,,,,
Revise,BBB-000148-tsgqr,261328,0,2024 Topps MICHAEL HARRIS II #243 All-Star Game Atlanta Braves,,,4000,,,,,,,,,,,,,,Ungraded,,,,,,,,,,,,,,,,,,,,,,,,,,FixedPriceItem,GTC,3.49,,1,,,,,,,,,,,,,,,,,,,,,,,,,,,,,,,,
Revise,BBB-000149-tsgqs,261328,0,2024 Topps FREDDY PERALTA #26 All-Star Game Milwaukee Brewers,,,4000,,,,,,,,,,,,,,Ungraded,,,,,,,,,,,,,,,,,,,,,,,,,,FixedPriceItem,GTC,3.49,,1,,,,,,,,,,,,,,,,,,,,,,,,,,,,,,,,
Revise,BBB-000150-tsgqt,261328,0,2024 Topps CAVAN BIGGIO #47 All-Star Game Toronto Blue Jays,,,4000,,,,,,,,,,,,,,Ungraded,,,,,,,,,,,,,,,,,,,,,,,,,,FixedPriceItem,GTC,3.49,,1,,,,,,,,,,,,,,,,,,,,,,,,,,,,,,,,
Revise,BBB-000115-tsgpu,261328,0,2024 Topps EDWIN DÍAZ #120 All-Star Game New York Mets,,,4000,,,,,,,,,,,,,,Ungraded,,,,,,,,,,,,,,,,,,,,,,,,,,FixedPriceItem,GTC,1.59,,1,,,,,,,,,,,,,,,,,,,,,,,,,,,,,,,,
Revise,BBB-000116-tsgpv,261328,0,2024 Topps AL LEADERS HOME RUNS (OHTANI /GARCÍA /ROBERT JR.) #179 ASG Dodgers,,,4000,,,,,,,,,,,,,,VERY_GOOD,,,,,,,,,,,,,,,,,,,,,,,,,,FixedPriceItem,GTC,4.49,,1,,,,,,,,,,,,,,,,,,,,,,,,,,,,,,,,
Revise,BBB-000151-tsgqu,261328,0,2024 Topps ZACH REMILLARD #222 All-Star Game Chicago White Sox,,,4000,,,,,,,,,,,,,,Ungraded,,,,,,,,,,,,,,,,,,,,,,,,,,FixedPriceItem,GTC,2.99,,1,,,,,,,,,,,,,,,,,,,,,,,,,,,,,,,,
Revise,BBB-000117-tsgpw,261328,0,2024 Topps CHICAGO CUBS #165 All-Star Game Chicago Cubs,,,4000,,,,,,,,,,,,,,Ungraded,,,,,,,,,,,,,,,,,,,,,,,,,,FixedPriceItem,GTC,2.99,,1,,,,,,,,,,,,,,,,,,,,,,,,,,,,,,,,
Revise,BBB-000118-tsgpx,261328,0,2024 Topps ADBERT ALZOLAY #129 All-Star Game Chicago Cubs,,,4000,,,,,,,,,,,,,,Ungraded,,,,,,,,,,,,,,,,,,,,,,,,,,FixedPriceItem,GTC,3.49,,1,,,,,,,,,,,,,,,,,,,,,,,,,,,,,,,,
Revise,BBB-000152-tsgqv,261328,0,2024 Topps REID DETMERS #137 All-Star Game Los Angeles Angels,,,4000,,,,,,,,,,,,,,Ungraded,,,,,,,,,,,,,,,,,,,,,,,,,,FixedPriceItem,GTC,3.49,,1,,,,,,,,,,,,,,,,,,,,,,,,,,,,,,,,
Revise,BBB-000120-tsgpz,261328,0,2024 Topps Blue JAYS UNITE!: #167 ASG Blue Jays,,,4000,,,,,,,,,,,,,,Ungraded,,,,,,,,,,,,,,,,,,,,,,,,,,FixedPriceItem,GTC,4.0,,1,,,,,,,,,,,,,,,,,,,,,,,,,,,,,,,,
Revise,BBB-000121-tsgq0,261328,0,2024 Topps ANDRÉS GIMÉNEZ #289 All-Star Game Cleveland Guardians,,,4000,,,,,,,,,,,,,,Ungraded,,,,,,,,,,,,,,,,,,,,,,,,,,FixedPriceItem,GTC,1.25,,1,,,,,,,,,,,,,,,,,,,,,,,,,,,,,,,,
Revise,BBB-000119-tsgpy,261328,0,2024 Topps SETH BROWN #79 All-Star Game Oakland Athletics,,,4000,,,,,,,,,,,,,,Ungraded,,,,,,,,,,,,,,,,,,,,,,,,,,FixedPriceItem,GTC,2.99,,1,,,,,,,,,,,,,,,,,,,,,,,,,,,,,,,,
Revise,BBB-000122-tsgq1,261328,0,2024 Topps CONNOR JOE #303 All-Star Game Pittsburgh Pirates,,,4000,,,,,,,,,,,,,,Ungraded,,,,,,,,,,,,,,,,,,,,,,,,,,FixedPriceItem,GTC,3.49,,1,,,,,,,,,,,,,,,,,,,,,,,,,,,,,,,,
Revise,BBB-000123-tsgq2,261328,0,2024 Topps ENDY RODRÍGUEZ #3 All-Star Game Pittsburgh Pirates,,,4000,,,,,,,,,,,,,,Ungraded,,,,,,,,,,,,,,,,,,,,,,,,,,FixedPriceItem,GTC,1.59,,1,,,,,,,,,,,,,,,,,,,,,,,,,,,,,,,,
Revise,BBB-000124-tsgq3,261328,0,2024 Topps ELLY DE LA CRUZ #141 All-Star Game Cincinnati Reds,,,4000,,,,,,,,,,,,,,Ungraded,,,,,,,,,,,,,,,,,,,,,,,,,,FixedPriceItem,GTC,9.0,,1,,,,,,,,,,,,,,,,,,,,,,,,,,,,,,,,
Revise,BBB-000125-tsgq4,261328,0,2024 Topps DANIEL VOGELBACH #345 All-Star Game New York Mets,,,4000,,,,,,,,,,,,,,Ungraded,,,,,,,,,,,,,,,,,,,,,,,,,,FixedPriceItem,GTC,3.49,,1,,,,,,,,,,,,,,,,,,,,,,,,,,,,,,,,
Revise,BBB-000128-tsgq7,261328,0,2024 Topps JACKSON HOLLIDAY #697b All-Star Game Baltimore Orioles,,,4000,,,,,,,,,,,,,,Ungraded,,,,,,,,,,,,,,,,,,,,,,,,,,FixedPriceItem,GTC,9.59,,1,,,,,,,,,,,,,,,,,,,,,,,,,,,,,,,,
Revise,BBB-000126-tsgq5,261328,0,2024 Topps TAYLOR WARD #332 All-Star Game Los Angeles Angels,,,4000,,,,,,,,,,,,,,VERY_GOOD,,,,,,,,,,,,,,,,,,,,,,,,,,FixedPriceItem,GTC,3.99,,1,,,,,,,,,,,,,,,,,,,,,,,,,,,,,,,,
Revise,BBB-000129-tsgq8,261328,0,2024 Topps SHOHEI OHTANI #2 All-Star Game Bonus Los Angeles Dodgers,,,4000,,,,,,,,,,,,,,Ungraded,,,,,,,,,,,,,,,,,,,,,,,,,,FixedPriceItem,GTC,40.0,,1,,,,,,,,,,,,,,,,,,,,,,,,,,,,,,,,
Revise,BBB-000130-tsgq9,261328,0,2024 Topps AARON JUDGE #4 All-Star Game Bonus New York Yankees,,,4000,,,,,,,,,,,,,,Ungraded,,,,,,,,,,,,,,,,,,,,,,,,,,FixedPriceItem,GTC,6.39,,1,,,,,,,,,,,,,,,,,,,,,,,,,,,,,,,,
Revise,BBB-000127-tsgq6,261328,0,2024 Topps JACKSON MERRILL #699b All-Star Game San Diego Padres,,,4000,,,,,,,,,,,,,,Ungraded,,,,,,,,,,,,,,,,,,,,,,,,,,FixedPriceItem,GTC,22.0,,1,,,,,,,,,,,,,,,,,,,,,,,,,,,,,,,,
Revise,BBB-000131-tsgqa,261328,0,2024 Topps RONALD ACUNA JR. #5 All-Star Game Bonus Atlanta Braves,,,4000,,,,,,,,,,,,,,Ungraded,,,,,,,,,,,,,,,,,,,,,,,,,,FixedPriceItem,GTC,5.49,,1,,,,,,,,,,,,,,,,,,,,,,,,,,,,,,,,
Revise,BBB-000132-tsgqb,261328,0,2024 Topps JULIO RODRIGUEZ #1 All-Star Game Bonus Seattle Mariners,,,4000,,,,,,,,,,,,,,Ungraded,,,,,,,,,,,,,,,,,,,,,,,,,,FixedPriceItem,GTC,4.99,,1,,,,,,,,,,,,,,,,,,,,,,,,,,,,,,,,
Revise,BBB-000133-tsgqc,261328,0,2024 Topps MIKE TROUT #3 All-Star Game Bonus Los Angeles Angels,,,4000,,,,,,,,,,,,,,VERY_GOOD,,,,,,,,,,,,,,,,,,,,,,,,,,FixedPriceItem,GTC,5.99,,1,,,,,,,,,,,,,,,,,,,,,,,,,,,,,,,,
Revise,BBB-000156-tsksq,261328,0,2024 Topps HUNTER BROWN #30 All-Star Game Houston Astros,,,4000,,,,,,,,,,,,,,Ungraded,,,,,,,,,,,,,,,,,,,,,,,,,,FixedPriceItem,GTC,3.49,,1,,,,,,,,,,,,,,,,,,,,,,,,,,,,,,,,
Revise,BBB-000155-tsksp,261328,0,2024 Topps MITCH KELLER #230 All-Star Game Pittsburgh Pirates,,,4000,,,,,,,,,,,,,,Ungraded,,,,,,,,,,,,,,,,,,,,,,,,,,FixedPriceItem,GTC,3.49,,1,,,,,,,,,,,,,,,,,,,,,,,,,,,,,,,,
Revise,BBB-000153-tsksn,261328,0,2024 Topps CURTIS MEAD #82 All-Star Game Tampa Bay Rays,,,4000,,,,,,,,,,,,,,Ungraded,,,,,,,,,,,,,,,,,,,,,,,,,,FixedPriceItem,GTC,2.99,,1,,,,,,,,,,,,,,,,,,,,,,,,,,,,,,,,
Revise,BBB-000154-tskso,261328,0,2024 Topps MATT MCLAIN #327 All-Star Game Cincinnati Reds,,,4000,,,,,,,,,,,,,,Ungraded,,,,,,,,,,,,,,,,,,,,,,,,,,FixedPriceItem,GTC,3.49,,1,,,,,,,,,,,,,,,,,,,,,,,,,,,,,,,,
Revise,BBB-000159-tskst,261328,0,2024 Topps LOGAN O'HOPPE #298 All-Star Game Los Angeles Angels,,,4000,,,,,,,,,,,,,,Ungraded,,,,,,,,,,,,,,,,,,,,,,,,,,FixedPriceItem,GTC,3.49,,1,,,,,,,,,,,,,,,,,,,,,,,,,,,,,,,,
Revise,BBB-000157-tsksr,261328,0,2024 Topps ANDREW BENINTENDI #306 All-Star Game Chicago White Sox,,,4000,,,,,,,,,,,,,,VERY_GOOD,,,,,,,,,,,,,,,,,,,,,,,,,,FixedPriceItem,GTC,3.49,,1,,,,,,,,,,,,,,,,,,,,,,,,,,,,,,,,
Revise,BBB-000158-tskss,261328,0,2024 Topps RANGER SUÁREZ #229 All-Star Game Philadelphia Phillies,,,4000,,,,,,,,,,,,,,VERY_GOOD,,,,,,,,,,,,,,,,,,,,,,,,,,FixedPriceItem,GTC,1.99,,1,,,,,,,,,,,,,,,,,,,,,,,,,,,,,,,,
Revise,BBB-000161-tsksv,261328,0,2024 Topps SHEA LANGELIERS #278 All-Star Game Oakland Athletics,,,4000,,,,,,,,,,,,,,Ungraded,,,,,,,,,,,,,,,,,,,,,,,,,,FixedPriceItem,GTC,3.49,,1,,,,,,,,,,,,,,,,,,,,,,,,,,,,,,,,
Revise,BBB-000160-tsksu,261328,0,2024 Topps JAMESON TAILLON #182 All-Star Game Chicago Cubs,,,4000,,,,,,,,,,,,,,VERY_GOOD,,,,,,,,,,,,,,,,,,,,,,,,,,FixedPriceItem,GTC,3.49,,1,,,,,,,,,,,,,,,,,,,,,,,,,,,,,,,,
Revise,BBB-000162-tsksw,261328,0,2024 Topps ELITES of the Game: Ohtani and Betts Share a Hug Mid-Game #138 ASG,,,4000,,,,,,,,,,,,,,VERY_GOOD,,,,,,,,,,,,,,,,,,,,,,,,,,FixedPriceItem,GTC,1.99,,1,,,,,,,,,,,,,,,,,,,,,,,,,,,,,,,,
Revise,BBB-000164-tsksy,261328,0,2024 Topps ROWDY TELLEZ #343 All-Star Game Milwaukee Brewers,,,4000,,,,,,,,,,,,,,Ungraded,,,,,,,,,,,,,,,,,,,,,,,,,,FixedPriceItem,GTC,3.49,,1,,,,,,,,,,,,,,,,,,,,,,,,,,,,,,,,
Revise,BBB-000163-tsksx,261328,0,2024 Topps TARIK SKUBAL #294 All-Star Game Detroit Tigers,,,4000,,,,,,,,,,,,,,Ungraded,,,,,,,,,,,,,,,,,,,,,,,,,,FixedPriceItem,GTC,3.49,,1,,,,,,,,,,,,,,,,,,,,,,,,,,,,,,,,
Revise,BBB-000165-tsksz,261328,0,2024 Topps JOE JACQUES #187 All-Star Game Boston Red Sox,,,4000,,,,,,,,,,,,,,Ungraded,,,,,,,,,,,,,,,,,,,,,,,,,,FixedPriceItem,GTC,3.49,,1,,,,,,,,,,,,,,,,,,,,,,,,,,,,,,,,
Revise,BBB-000166-tskt0,261328,0,2024 Topps LUIS CASTILLO #54 All-Star Game Seattle Mariners,,,4000,,,,,,,,,,,,,,Ungraded,,,,,,,,,,,,,,,,,,,,,,,,,,FixedPriceItem,GTC,3.49,,1,,,,,,,,,,,,,,,,,,,,,,,,,,,,,,,,
Revise,BBB-000167-tskt1,261328,0,2024 Topps ANDY IBÁÑEZ #25 All-Star Game Detroit Tigers,,,4000,,,,,,,,,,,,,,Ungraded,,,,,,,,,,,,,,,,,,,,,,,,,,FixedPriceItem,GTC,1.99,,1,,,,,,,,,,,,,,,,,,,,,,,,,,,,,,,,
Revise,BBB-000168-tskt2,261328,0,2024 Topps LUIS MATOS #28 All-Star Game San Francisco Giants Football,,,4000,,,,,,,,,,,,,,Ungraded,,,,,,,,,,,,,,,,,,,,,,,,,,FixedPriceItem,GTC,2.99,,1,,,,,,,,,,,,,,,,,,,,,,,,,,,,,,,,
Revise,BBB-000169-tskt3,261328,0,2024 Topps VLADIMIR GUERRERO JR. #330 All-Star Game Toronto Blue Jays,,,4000,,,,,,,,,,,,,,Ungraded,,,,,,,,,,,,,,,,,,,,,,,,,,FixedPriceItem,GTC,3.49,,1,,,,,,,,,,,,,,,,,,,,,,,,,,,,,,,,
Revise,BBB-000172-tskt6,261328,0,2024 Topps SAMAD TAYLOR #32 All-Star Game Kansas City Royals,,,4000,,,,,,,,,,,,,,VERY_GOOD,,,,,,,,,,,,,,,,,,,,,,,,,,FixedPriceItem,GTC,3.49,,1,,,,,,,,,,,,,,,,,,,,,,,,,,,,,,,,
Revise,BBB-000170-tskt4,261328,0,2024 Topps BRADY SINGER #173 All-Star Game Kansas City Royals,,,4000,,,,,,,,,,,,,,Ungraded,,,,,,,,,,,,,,,,,,,,,,,,,,FixedPriceItem,GTC,3.49,,1,,,,,,,,,,,,,,,,,,,,,,,,,,,,,,,,
Revise,BBB-000174-tskt8,261328,0,2024 Topps HAROLD RAMÍREZ #256 All-Star Game Tampa Bay Rays,,,4000,,,,,,,,,,,,,,Ungraded,,,,,,,,,,,,,,,,,,,,,,,,,,FixedPriceItem,GTC,1.99,,1,,,,,,,,,,,,,,,,,,,,,,,,,,,,,,,,
Revise,BBB-000171-tskt5,261328,0,2024 Topps TYLER GLASNOW #89 All-Star Game Tampa Bay Rays,,,4000,,,,,,,,,,,,,,Ungraded,,,,,,,,,,,,,,,,,,,,,,,,,,FixedPriceItem,GTC,3.49,,1,,,,,,,,,,,,,,,,,,,,,,,,,,,,,,,,
Revise,BBB-000175-tskt9,261328,0,2024 Topps GRANT HARTWIG #130 All-Star Game New York Mets,,,4000,,,,,,,,,,,,,,Ungraded,,,,,,,,,,,,,,,,,,,,,,,,,,FixedPriceItem,GTC,3.49,,1,,,,,,,,,,,,,,,,,,,,,,,,,,,,,,,,
Revise,BBB-000176-tskta,261328,0,2024 Topps JULIO RODRÍGUEZ #44 All-Star Game Seattle Mariners,,,4000,,,,,,,,,,,,,,Ungraded,,,,,,,,,,,,,,,,,,,,,,,,,,FixedPriceItem,GTC,1.99,,1,,,,,,,,,,,,,,,,,,,,,,,,,,,,,,,,
Revise,BBB-000177-tsktb,261328,0,2024 Topps MAURICIO DUBÓN #326 All-Star Game Houston Astros,,,4000,,,,,,,,,,,,,,Ungraded,,,,,,,,,,,,,,,,,,,,,,,,,,FixedPriceItem,GTC,1.99,,1,,,,,,,,,,,,,,,,,,,,,,,,,,,,,,,,
Revise,BBB-000173-tskt7,261328,0,2024 Topps BRAD KELLER #140 All-Star Game Kansas City Royals,,,4000,,,,,,,,,,,,,,Ungraded,,,,,,,,,,,,,,,,,,,,,,,,,,FixedPriceItem,GTC,3.49,,1,,,,,,,,,,,,,,,,,,,,,,,,,,,,,,,,
Revise,BBB-000180-tskte,261328,0,2024 Topps DANSBY SWANSON #164 All-Star Game Chicago Cubs,,,4000,,,,,,,,,,,,,,Ungraded,,,,,,,,,,,,,,,,,,,,,,,,,,FixedPriceItem,GTC,3.49,,1,,,,,,,,,,,,,,,,,,,,,,,,,,,,,,,,
Revise,BBB-000178-tsktc,261328,0,2024 Topps BRENDAN DONOVAN #7 All-Star Game St. Louis Cardinals Football,,,4000,,,,,,,,,,,,,,Ungraded,,,,,,,,,,,,,,,,,,,,,,,,,,FixedPriceItem,GTC,2.99,,1,,,,,,,,,,,,,,,,,,,,,,,,,,,,,,,,
Revise,BBB-000181-tsktf,261328,0,2024 Topps NESTOR CORTES JR. #51 All-Star Game New York Yankees,,,4000,,,,,,,,,,,,,,Ungraded,,,,,,,,,,,,,,,,,,,,,,,,,,FixedPriceItem,GTC,3.49,,1,,,,,,,,,,,,,,,,,,,,,,,,,,,,,,,,
Revise,BBB-000179-tsktd,261328,0,2024 Topps NICK ROBERTSON #13 All-Star Game Boston Red Sox,,,4000,,,,,,,,,,,,,,Ungraded,,,,,,,,,,,,,,,,,,,,,,,,,,FixedPriceItem,GTC,3.49,,1,,,,,,,,,,,,,,,,,,,,,,,,,,,,,,,,
Revise,BBB-000182-tsktg,261328,0,2024 Topps National League LEADERS WINS (SPENCER STRIDER/GALLEN/STEELE) #309 ASG,,,4000,,,,,,,,,,,,,,Ungraded,,,,,,,,,,,,,,,,,,,,,,,,,,FixedPriceItem,GTC,1.99,,1,,,,,,,,,,,,,,,,,,,,,,,,,,,,,,,,
Revise,BBB-000183-tskth,261328,0,2024 Topps SAN DIEGO PADRES #2 All-Star Game San Diego Padres,,,4000,,,,,,,,,,,,,,Ungraded,,,,,,,,,,,,,,,,,,,,,,,,,,FixedPriceItem,GTC,2.99,,1,,,,,,,,,,,,,,,,,,,,,,,,,,,,,,,,
Revise,BBB-000184-tskti,261328,0,2024 Topps HAYDEN WESNESKI #337 All-Star Game Chicago Cubs,,,4000,,,,,,,,,,,,,,Ungraded,,,,,,,,,,,,,,,,,,,,,,,,,,FixedPriceItem,GTC,3.49,,1,,,,,,,,,,,,,,,,,,,,,,,,,,,,,,,,
Revise,BBB-000185-tsktj,261328,0,2024 Topps CAMILO DOVAL #213 All-Star Game San Francisco Giants Football,,,4000,,,,,,,,,,,,,,Ungraded,,,,,,,,,,,,,,,,,,,,,,,,,,FixedPriceItem,GTC,2.99,,1,,,,,,,,,,,,,,,,,,,,,,,,,,,,,,,,
Revise,BBB-000186-tsktk,261328,0,2024 Topps RYAN PRESSLY #331 All-Star Game Houston Astros,,,4000,,,,,,,,,,,,,,Ungraded,,,,,,,,,,,,,,,,,,,,,,,,,,FixedPriceItem,GTC,3.49,,1,,,,,,,,,,,,,,,,,,,,,,,,,,,,,,,,
Revise,BBB-000187-tsktl,261328,0,2024 Topps MIGUEL CABRERA #201 All-Star Game Detroit Tigers,,,4000,,,,,,,,,,,,,,Ungraded,,,,,,,,,,,,,,,,,,,,,,,,,,FixedPriceItem,GTC,3.49,,1,,,,,,,,,,,,,,,,,,,,,,,,,,,,,,,,
Revise,BBB-000188-tsktm,261328,0,2024 Topps BRYAN WOO #12 All-Star Game Seattle Mariners,,,4000,,,,,,,,,,,,,,Ungraded,,,,,,,,,,,,,,,,,,,,,,,,,,FixedPriceItem,GTC,3.49,,1,,,,,,,,,,,,,,,,,,,,,,,,,,,,,,,,
Revise,BBB-000189-tsktn,261328,0,2024 Topps SETH LUGO #291 All-Star Game San Diego Padres,,,4000,,,,,,,,,,,,,,VERY_GOOD,,,,,,,,,,,,,,,,,,,,,,,,,,FixedPriceItem,GTC,3.49,,1,,,,,,,,,,,,,,,,,,,,,,,,,,,,,,,,
Revise,BBB-000191-tsktp,261328,0,2024 Topps GREGORY SANTOS #276 All-Star Game Chicago White Sox,,,4000,,,,,,,,,,,,,,Ungraded,,,,,,,,,,,,,,,,,,,,,,,,,,FixedPriceItem,GTC,3.49,,1,,,,,,,,,,,,,,,,,,,,,,,,,,,,,,,,
Revise,BBB-000192-tsktq,261328,0,2024 Topps JP SEARS #80 All-Star Game Oakland Athletics,,,4000,,,,,,,,,,,,,,Ungraded,,,,,,,,,,,,,,,,,,,,,,,,,,FixedPriceItem,GTC,3.49,,1,,,,,,,,,,,,,,,,,,,,,,,,,,,,,,,,
Revise,BBB-000190-tskto,261328,0,2024 Topps BRENDAN RODGERS #322 All-Star Game Colorado Rockies,,,4000,,,,,,,,,,,,,,Ungraded,,,,,,,,,,,,,,,,,,,,,,,,,,FixedPriceItem,GTC,3.49,,1,,,,,,,,,,,,,,,,,,,,,,,,,,,,,,,,
Revise,BBB-000193-tsktr,261328,0,2024 Topps ZAC GALLEN #110 All-Star Game Arizona Diamondbacks,,,4000,,,,,,,,,,,,,,Ungraded,,,,,,,,,,,,,,,,,,,,,,,,,,FixedPriceItem,GTC,3.49,,1,,,,,,,,,,,,,,,,,,,,,,,,,,,,,,,,
Revise,BBB-000194-tskts,261328,0,2024 Topps TONY GONSOLIN #87 All-Star Game Los Angeles Dodgers,,,4000,,,,,,,,,,,,,,Ungraded,,,,,,,,,,,,,,,,,,,,,,,,,,FixedPriceItem,GTC,3.49,,1,,,,,,,,,,,,,,,,,,,,,,,,,,,,,,,,
Revise,BBB-000196-tsktu,261328,0,2024 Topps MATT WALDRON #162 All-Star Game San Diego Padres,,,4000,,,,,,,,,,,,,,Ungraded,,,,,,,,,,,,,,,,,,,,,,,,,,FixedPriceItem,GTC,3.49,,1,,,,,,,,,,,,,,,,,,,,,,,,,,,,,,,,
Revise,BBB-000195-tsktt,261328,0,2024 Topps JONAH HEIM #235 All-Star Game Texas Rangers,,,4000,,,,,,,,,,,,,,VERY_GOOD,,,,,,,,,,,,,,,,,,,,,,,,,,FixedPriceItem,GTC,3.49,,1,,,,,,,,,,,,,,,,,,,,,,,,,,,,,,,,
Revise,BBB-000197-tsktv,261328,0,2024 Topps CHARLIE MORTON #221 All-Star Game Atlanta Braves,,,4000,,,,,,,,,,,,,,VERY_GOOD,,,,,,,,,,,,,,,,,,,,,,,,,,FixedPriceItem,GTC,3.49,,1,,,,,,,,,,,,,,,,,,,,,,,,,,,,,,,,
Revise,BBB-000198-tsktw,261328,0,2024 Topps WILLY ADAMES #33 All-Star Game Milwaukee Brewers,,,4000,,,,,,,,,,,,,,Ungraded,,,,,,,,,,,,,,,,,,,,,,,,,,FixedPriceItem,GTC,3.49,,1,,,,,,,,,,,,,,,,,,,,,,,,,,,,,,,,
Revise,BBB-000199-tsktx,261328,0,2024 Topps JOEY MENESES #142 All-Star Game Washington Nationals,,,4000,,,,,,,,,,,,,,VERY_GOOD,,,,,,,,,,,,,,,,,,,,,,,,,,FixedPriceItem,GTC,3.49,,1,,,,,,,,,,,,,,,,,,,,,,,,,,,,,,,,
Revise,BBB-000201-tsktz,261328,0,2024 Topps KUTTER CRAWFORD #316 All-Star Game Boston Red Sox,,,4000,,,,,,,,,,,,,,VERY_GOOD,,,,,,,,,,,,,,,,,,,,,,,,,,FixedPriceItem,GTC,3.49,,1,,,,,,,,,,,,,,,,,,,,,,,,,,,,,,,,
Revise,BBB-000200-tskty,261328,0,2024 Topps TREY CABBAGE #321 All-Star Game Los Angeles Angels,,,4000,,,,,,,,,,,,,,Ungraded,,,,,,,,,,,,,,,,,,,,,,,,,,FixedPriceItem,GTC,3.49,,1,,,,,,,,,,,,,,,,,,,,,,,,,,,,,,,,
Revise,BBB-000202-tsku0,261328,0,2024 Topps KODAI SENGA #292 All-Star Game New York Mets,,,4000,,,,,,,,,,,,,,Ungraded,,,,,,,,,,,,,,,,,,,,,,,,,,FixedPriceItem,GTC,3.49,,1,,,,,,,,,,,,,,,,,,,,,,,,,,,,,,,,
Revise,BBB-000204-tsku2,261328,0,2024 Topps BALTIMORE ORIOLES #192 All-Star Game Baltimore Orioles,,,4000,,,,,,,,,,,,,,Ungraded,,,,,,,,,,,,,,,,,,,,,,,,,,FixedPriceItem,GTC,3.49,,1,,,,,,,,,,,,,,,,,,,,,,,,,,,,,,,,
Revise,BBB-000203-tsku1,261328,0,2024 Topps NL BATTING LEADERS (ARRAEZ/ACUÑA JR./FREEMAN) #206 ASG,,,4000,,,,,,,,,,,,,,Ungraded,,,,,,,,,,,,,,,,,,,,,,,,,,FixedPriceItem,GTC,2.99,,1,,,,,,,,,,,,,,,,,,,,,,,,,,,,,,,,
Revise,BBB-000205-tsku3,261328,0,2024 Topps ASTROS NO-NO: VALDEZ THROWS Gem in Houston #329 All-Star Game Astros,,,4000,,,,,,,,,,,,,,Ungraded,,,,,,,,,,,,,,,,,,,,,,,,,,FixedPriceItem,GTC,3.49,,1,,,,,,,,,,,,,,,,,,,,,,,,,,,,,,,,
Revise,BBB-000208-tsku6,261328,0,2024 Topps EURY PÉREZ #197 All-Star Game Miami Marlins,,,4000,,,,,,,,,,,,,,Ungraded,,,,,,,,,,,,,,,,,,,,,,,,,,FixedPriceItem,GTC,1.99,,1,,,,,,,,,,,,,,,,,,,,,,,,,,,,,,,,
Revise,BBB-000207-tsku5,261328,0,2024 Topps JOHAN OVIEDO #65 All-Star Game Pittsburgh Pirates,,,4000,,,,,,,,,,,,,,VERY_GOOD,,,,,,,,,,,,,,,,,,,,,,,,,,FixedPriceItem,GTC,3.49,,1,,,,,,,,,,,,,,,,,,,,,,,,,,,,,,,,
Revise,BBB-000206-tsku4,261328,0,2024 Topps SHANE BIEBER #107 All-Star Game Cleveland Guardians,,,4000,,,,,,,,,,,,,,Ungraded,,,,,,,,,,,,,,,,,,,,,,,,,,FixedPriceItem,GTC,3.49,,1,,,,,,,,,,,,,,,,,,,,,,,,,,,,,,,,
Revise,BBA-000001-00014-28086,261328,0,2025-26 Topps Chrome JA MORANT #SF-2 Sleek Finishers Grizzlies Basketball,,,4000,,,,,,,,,,,,,,Ungraded,,,,,,,,,,,,,,,,,,,,,,,,,,FixedPriceItem,GTC,2.99,,1,,,,,,,,,,,,,,,,,,,,,,,,,,,,,,,,
Revise,BBA-000001-00003-46835,261328,0,2025-26 Topps Chrome JEREMY SOCHAN #239 Negative Refractor Spurs Basketball,,,4000,,,,,,,,,,,,,,Ungraded,,,,,,,,,,,,,,,,,,,,,,,,,,FixedPriceItem,GTC,3.99,,1,,,,,,,,,,,,,,,,,,,,,,,,,,,,,,,,
Revise,BBA-000001-00006-30822,261328,0,2025-26 Topps Chrome JASE RICHARDSON #275 RC Magic Rookie Basketball,,,4000,,,,,,,,,,,,,,Ungraded,,,,,,,,,,,,,,,,,,,,,,,,,,FixedPriceItem,GTC,2.99,,1,,,,,,,,,,,,,,,,,,,,,,,,,,,,,,,,
Revise,BBA-000001-00004-87008,261328,0,2025-26 Topps Chrome ZACCHARIE RISACHER #2 Hawks Basketball,,,4000,,,,,,,,,,,,,,Ungraded,,,,,,,,,,,,,,,,,,,,,,,,,,FixedPriceItem,GTC,2.99,,1,,,,,,,,,,,,,,,,,,,,,,,,,,,,,,,,
Revise,BBA-000001-00011-92213,261328,0,2025-26 Topps Chrome JARACE WALKER #53 Pulsar Refractor Pacers Basketball,,,4000,,,,,,,,,,,,,,Ungraded,,,,,,,,,,,,,,,,,,,,,,,,,,FixedPriceItem,GTC,2.99,,1,,,,,,,,,,,,,,,,,,,,,,,,,,,,,,,,
Revise,BBA-000001-00016-53624,261328,0,2025-26 Topps Chrome BONES HYLAND #90 Pulsar Refractor Timberwolves Basketball,,,4000,,,,,,,,,,,,,,Ungraded,,,,,,,,,,,,,,,,,,,,,,,,,,FixedPriceItem,GTC,3.49,,1,,,,,,,,,,,,,,,,,,,,,,,,,,,,,,,,
Revise,BBA-000001-00015-07409,261328,0,2025-26 Topps Chrome ANTHONY EDWARDS #IP-5 Inspirational Timberwolves Basketball,,,4000,,,,,,,,,,,,,,Ungraded,,,,,,,,,,,,,,,,,,,,,,,,,,FixedPriceItem,GTC,2.99,,1,,,,,,,,,,,,,,,,,,,,,,,,,,,,,,,,
Revise,BBA-000001-00001-29805,261328,0,2025-26 Topps Chrome RYAN KALKBRENNER #284 RC Hornets Rookie Basketball,,,4000,,,,,,,,,,,,,,Ungraded,,,,,,,,,,,,,,,,,,,,,,,,,,FixedPriceItem,GTC,2.99,,1,,,,,,,,,,,,,,,,,,,,,,,,,,,,,,,,
Revise,BBA-000001-00012-02696,261328,0,2025-26 Topps Chrome JIMMY BUTLER III #GT-2 Go Time Warriors Basketball,,,4000,,,,,,,,,,,,,,Ungraded,,,,,,,,,,,,,,,,,,,,,,,,,,FixedPriceItem,GTC,2.99,,1,,,,,,,,,,,,,,,,,,,,,,,,,,,,,,,,
Revise,BBA-000001-00009-19743,261328,0,2025-26 Topps Chrome SHAEDON SHARPE #150 Trail Blazers Basketball,,,4000,,,,,,,,,,,,,,Ungraded,,,,,,,,,,,,,,,,,,,,,,,,,,FixedPriceItem,GTC,2.99,,1,,,,,,,,,,,,,,,,,,,,,,,,,,,,,,,,
Revise,BBA-000001-00008-49656,261328,0,2025-26 Topps Chrome SPENCER DINWIDDIE #13 Pulsar Refractor Mavericks Basketball,,,4000,,,,,,,,,,,,,,Ungraded,,,,,,,,,,,,,,,,,,,,,,,,,,FixedPriceItem,GTC,2.99,,1,,,,,,,,,,,,,,,,,,,,,,,,,,,,,,,,
Revise,BBA-000001-00005-05141,261328,0,2025-26 Topps Chrome KHAMAN MALUACH #260 RC Suns Rookie Basketball,,,4000,,,,,,,,,,,,,,Ungraded,,,,,,,,,,,,,,,,,,,,,,,,,,FixedPriceItem,GTC,2.99,,1,,,,,,,,,,,,,,,,,,,,,,,,,,,,,,,,
Revise,BBA-000001-00010-79941,261328,0,2025-26 Topps Chrome SION JAMES #283 RC Hornets Rookie Basketball,,,4000,,,,,,,,,,,,,,Ungraded,,,,,,,,,,,,,,,,,,,,,,,,,,FixedPriceItem,GTC,2.99,,1,,,,,,,,,,,,,,,,,,,,,,,,,,,,,,,,
Revise,BBA-000001-00013-47641,261328,0,2025-26 Topps Chrome PAOLO BANCHERO #BD-14 Ball of Duty Magic Basketball,,,4000,,,,,,,,,,,,,,Ungraded,,,,,,,,,,,,,,,,,,,,,,,,,,FixedPriceItem,GTC,2.99,,1,,,,,,,,,,,,,,,,,,,,,,,,,,,,,,,,
Revise,BBA-000001-00007-21753,261328,0,2025-26 Topps Chrome JAIME JAQUEZ JR. #161 Pulsar Refractor Heat Basketball,,,4000,,,,,,,,,,,,,,Ungraded,,,,,,,,,,,,,,,,,,,,,,,,,,FixedPriceItem,GTC,2.99,,1,,,,,,,,,,,,,,,,,,,,,,,,,,,,,,,,
Revise,BBA-000100-00007-43894,261328,0,2024 Topps CINCINNATI REDS #238 All Star Game,,,4000,,,,,,,,,,,,,,Ungraded,,,,,,,,,,,,,,,,,,,,,,,,,,FixedPriceItem,GTC,2.99,,1,,,,,,,,,,,,,,,,,,,,,,,,,,,,,,,,
Revise,BBA-000100-00006-52544,261328,0,2024 Topps WILMER FLORES #234 All Star Game Giants Football,,,4000,,,,,,,,,,,,,,Ungraded,,,,,,,,,,,,,,,,,,,,,,,,,,FixedPriceItem,GTC,2.99,,1,,,,,,,,,,,,,,,,,,,,,,,,,,,,,,,,
Revise,BBA-000100-00033-42432,261328,0,2024 Topps AUSTIN HAYS #307 All Star Game Orioles,,,4000,,,,,,,,,,,,,,Ungraded,,,,,,,,,,,,,,,,,,,,,,,,,,FixedPriceItem,GTC,3.49,,1,,,,,,,,,,,,,,,,,,,,,,,,,,,,,,,,
Revise,BBA-000100-00002-63526,261328,0,2024 Topps DEAN KREMER #336 All Star Game Orioles,,,4000,,,,,,,,,,,,,,Ungraded,,,,,,,,,,,,,,,,,,,,,,,,,,FixedPriceItem,GTC,3.49,,1,,,,,,,,,,,,,,,,,,,,,,,,,,,,,,,,
Revise,BBA-000100-00019-14952,261328,0,2024 Topps CARMEN MLODZINSKI #31 All Star Game RC Pirates Rookie,,,4000,,,,,,,,,,,,,,Ungraded,,,,,,,,,,,,,,,,,,,,,,,,,,FixedPriceItem,GTC,3.49,,1,,,,,,,,,,,,,,,,,,,,,,,,,,,,,,,,
Revise,BBA-000100-00015-30601,261328,0,2024 Topps DAVID HAMILTON #202 All Star Game RC Red Sox Rookie,,,4000,,,,,,,,,,,,,,Ungraded,,,,,,,,,,,,,,,,,,,,,,,,,,FixedPriceItem,GTC,3.49,,1,,,,,,,,,,,,,,,,,,,,,,,,,,,,,,,,
Revise,BBA-000100-00016-27899,261328,0,2024 Topps FRAMBER VALDEZ #220 All Star Game Astros,,,4000,,,,,,,,,,,,,,Ungraded,,,,,,,,,,,,,,,,,,,,,,,,,,FixedPriceItem,GTC,3.49,,1,,,,,,,,,,,,,,,,,,,,,,,,,,,,,,,,
Revise,BBA-000100-00024-06826,261328,0,2024 Topps NEW YORK SMILES: METS HEAVY HITTERS SHARE a Laugh C #38 All Star Game,,,4000,,,,,,,,,,,,,,Ungraded,,,,,,,,,,,,,,,,,,,,,,,,,,FixedPriceItem,GTC,3.49,,1,,,,,,,,,,,,,,,,,,,,,,,,,,,,,,,,
Revise,BBA-000100-00023-33744,261328,0,2024 Topps DANIEL PALENCIA #178 All Star Game RC Cubs Rookie,,,4000,,,,,,,,,,,,,,Ungraded,,,,,,,,,,,,,,,,,,,,,,,,,,FixedPriceItem,GTC,3.49,,1,,,,,,,,,,,,,,,,,,,,,,,,,,,,,,,,
Revise,BBA-000100-00034-41413,261328,0,2024 Topps JHOAN DURAN #227 All Star Game Twins,,,4000,,,,,,,,,,,,,,Ungraded,,,,,,,,,,,,,,,,,,,,,,,,,,FixedPriceItem,GTC,3.49,,1,,,,,,,,,,,,,,,,,,,,,,,,,,,,,,,,
Revise,BBA-000100-00017-97762,261328,0,2024 Topps MIKE TROUT #27 All Star Game Angels,,,4000,,,,,,,,,,,,,,Ungraded,,,,,,,,,,,,,,,,,,,,,,,,,,FixedPriceItem,GTC,3.49,,1,,,,,,,,,,,,,,,,,,,,,,,,,,,,,,,,
Revise,BBA-000100-00018-57479,261328,0,2024 Topps TYLER O'NEILL #169 All Star Game Cardinals Football,,,4000,,,,,,,,,,,,,,Ungraded,,,,,,,,,,,,,,,,,,,,,,,,,,FixedPriceItem,GTC,2.99,,1,,,,,,,,,,,,,,,,,,,,,,,,,,,,,,,,
Revise,BBA-000100-00026-58196,261328,0,2024 Topps GERRIT COLE #100 All Star Game Yankees,,,4000,,,,,,,,,,,,,,Ungraded,,,,,,,,,,,,,,,,,,,,,,,,,,FixedPriceItem,GTC,3.49,,1,,,,,,,,,,,,,,,,,,,,,,,,,,,,,,,,
Revise,BBA-000100-00025-91539,261328,0,2024 Topps NICO HOERNER #204 All Star Game Cubs,,,4000,,,,,,,,,,,,,,Ungraded,,,,,,,,,,,,,,,,,,,,,,,,,,FixedPriceItem,GTC,3.49,,1,,,,,,,,,,,,,,,,,,,,,,,,,,,,,,,,
Revise,BBA-000100-00030-13492,261328,0,2024 Topps MARK VIENTOS #78 All Star Game Mets,,,4000,,,,,,,,,,,,,,Ungraded,,,,,,,,,,,,,,,,,,,,,,,,,,FixedPriceItem,GTC,3.49,,1,,,,,,,,,,,,,,,,,,,,,,,,,,,,,,,,
Revise,BBA-000100-00012-74596,261328,0,2024 Topps FREDDIE FREEMAN #102 All Star Game Dodgers,,,4000,,,,,,,,,,,,,,Ungraded,,,,,,,,,,,,,,,,,,,,,,,,,,FixedPriceItem,GTC,3.49,,1,,,,,,,,,,,,,,,,,,,,,,,,,,,,,,,,
Revise,BBA-000100-00022-51179,261328,0,2024 Topps JON GRAY #16 All Star Game Rangers,,,4000,,,,,,,,,,,,,,Ungraded,,,,,,,,,,,,,,,,,,,,,,,,,,FixedPriceItem,GTC,2.99,,1,,,,,,,,,,,,,,,,,,,,,,,,,,,,,,,,
Revise,BBA-000100-00013-53637,261328,0,2024 Topps GRIFFIN CANNING #69 All Star Game Angels,,,4000,,,,,,,,,,,,,,Ungraded,,,,,,,,,,,,,,,,,,,,,,,,,,FixedPriceItem,GTC,3.49,,1,,,,,,,,,,,,,,,,,,,,,,,,,,,,,,,,
Revise,BBA-000100-00021-43803,261328,0,2024 Topps JAZZ CHISHOLM JR. #223 All Star Game Marlins Basketball,,,4000,,,,,,,,,,,,,,Ungraded,,,,,,,,,,,,,,,,,,,,,,,,,,FixedPriceItem,GTC,3.49,,1,,,,,,,,,,,,,,,,,,,,,,,,,,,,,,,,
Revise,BBA-000100-00004-52278,261328,0,2024 Topps MICHAEL KOPECH #109 All Star Game White Sox,,,4000,,,,,,,,,,,,,,Ungraded,,,,,,,,,,,,,,,,,,,,,,,,,,FixedPriceItem,GTC,3.49,,1,,,,,,,,,,,,,,,,,,,,,,,,,,,,,,,,
Revise,BBA-000100-00028-74849,261328,0,2024 Topps SEATTLE MARINERS #241 All Star Game,,,4000,,,,,,,,,,,,,,Ungraded,,,,,,,,,,,,,,,,,,,,,,,,,,FixedPriceItem,GTC,3.49,,1,,,,,,,,,,,,,,,,,,,,,,,,,,,,,,,,
Revise,BBA-000100-00009-96736,261328,0,2024 Topps NICK FORTES #81 All Star Game Marlins,,,4000,,,,,,,,,,,,,,Ungraded,,,,,,,,,,,,,,,,,,,,,,,,,,FixedPriceItem,GTC,3.49,,1,,,,,,,,,,,,,,,,,,,,,,,,,,,,,,,,
Revise,BBA-000100-00005-06616,261328,0,2024 Topps EMMET SHEEHAN #283 All Star Game RC Dodgers Rookie,,,4000,,,,,,,,,,,,,,Ungraded,,,,,,,,,,,,,,,,,,,,,,,,,,FixedPriceItem,GTC,3.49,,1,,,,,,,,,,,,,,,,,,,,,,,,,,,,,,,,
Revise,BBA-000100-00001-74749,261328,0,2024 Topps CHRISTIAN ENCARNACION-STRAND #219 All Star Game RC Reds Rookie,,,4000,,,,,,,,,,,,,,Ungraded,,,,,,,,,,,,,,,,,,,,,,,,,,FixedPriceItem,GTC,3.49,,1,,,,,,,,,,,,,,,,,,,,,,,,,,,,,,,,
Revise,BBA-000100-00035-56823,261328,0,2024 Topps DANE DUNNING #348 All Star Game Rangers,,,4000,,,,,,,,,,,,,,Ungraded,,,,,,,,,,,,,,,,,,,,,,,,,,FixedPriceItem,GTC,3.49,,1,,,,,,,,,,,,,,,,,,,,,,,,,,,,,,,,
Revise,BBA-000100-00011-18932,261328,0,2024 Topps ABNER URIBE #310 All Star Game RC Brewers Rookie,,,4000,,,,,,,,,,,,,,Ungraded,,,,,,,,,,,,,,,,,,,,,,,,,,FixedPriceItem,GTC,3.49,,1,,,,,,,,,,,,,,,,,,,,,,,,,,,,,,,,
Revise,BBA-000100-00008-43968,261328,0,2024 Topps SPENCER STRIDER #11 All Star Game Braves,,,4000,,,,,,,,,,,,,,Ungraded,,,,,,,,,,,,,,,,,,,,,,,,,,FixedPriceItem,GTC,3.49,,1,,,,,,,,,,,,,,,,,,,,,,,,,,,,,,,,
Revise,BBA-000100-00003-49137,261328,0,2024 Topps JJ BLEDAY #147 All Star Game Athletics,,,4000,,,,,,,,,,,,,,Ungraded,,,,,,,,,,,,,,,,,,,,,,,,,,FixedPriceItem,GTC,3.49,,1,,,,,,,,,,,,,,,,,,,,,,,,,,,,,,,,
Revise,BBA-000100-00014-80555,261328,0,2024 Topps JOSH LOWE #253 All Star Game Rays,,,4000,,,,,,,,,,,,,,Ungraded,,,,,,,,,,,,,,,,,,,,,,,,,,FixedPriceItem,GTC,2.99,,1,,,,,,,,,,,,,,,,,,,,,,,,,,,,,,,,
Revise,BBA-000100-00032-84852,261328,0,2024 Topps PHILADELPHIA PHILLIES #126 All Star Game,,,4000,,,,,,,,,,,,,,Ungraded,,,,,,,,,,,,,,,,,,,,,,,,,,FixedPriceItem,GTC,3.49,,1,,,,,,,,,,,,,,,,,,,,,,,,,,,,,,,,
Revise,BBA-000100-00020-18400,261328,0,2024 Topps CHRISTIAN WALKER #63 All Star Game Diamondbacks,,,4000,,,,,,,,,,,,,,Ungraded,,,,,,,,,,,,,,,,,,,,,,,,,,FixedPriceItem,GTC,3.49,,1,,,,,,,,,,,,,,,,,,,,,,,,,,,,,,,,
Revise,BBA-000100-00010-71634,261328,0,2024 Topps JORDAN ROMANO #101 All Star Game Blue Jays,,,4000,,,,,,,,,,,,,,Ungraded,,,,,,,,,,,,,,,,,,,,,,,,,,FixedPriceItem,GTC,3.49,,1,,,,,,,,,,,,,,,,,,,,,,,,,,,,,,,,
Revise,BBA-000100-00029-41404,261328,0,2024 Topps CONNOR WONG #104 All Star Game Red Sox,,,4000,,,,,,,,,,,,,,Ungraded,,,,,,,,,,,,,,,,,,,,,,,,,,FixedPriceItem,GTC,3.49,,1,,,,,,,,,,,,,,,,,,,,,,,,,,,,,,,,
Revise,BBA-000100-00006-81975,261328,0,2021 Panini Contenders Draft PICKS JAVONTE WILLIAMS #22 School Colors RC Rookie,,,4000,,,,,,,,,,,,,,Ungraded,,,,,,,,,,,,,,,,,,,,,,,,,,FixedPriceItem,GTC,3.99,,1,,,,,,,,,,,,,,,,,,,,,,,,,,,,,,,,
Revise,BBA-000100-00007-22598,261328,0,2021 Panini Select ZACH ERTZ #228 Red and Blue Prizm Die Cut Club Cardinals,,,4000,,,,,,,,,,,,,,Ungraded,,,,,,,,,,,,,,,,,,,,,,,,,,FixedPriceItem,GTC,3.49,,1,,,,,,,,,,,,,,,,,,,,,,,,,,,,,,,,
Revise,BBA-000100-00016-05271,261328,0,2022 Panini Prizm BERNIE KOSAR #74 Green Browns Football,,,4000,,,,,,,,,,,,,,Ungraded,,,,,,,,,,,,,,,,,,,,,,,,,,FixedPriceItem,GTC,3.99,,1,,,,,,,,,,,,,,,,,,,,,,,,,,,,,,,,
Revise,BBA-000100-00015-74683,261328,0,2023 Panini Donruss SHAQ THOMPSON #45 Press Proof Green Panthers,,,4000,,,,,,,,,,,,,,Ungraded,,,,,,,,,,,,,,,,,,,,,,,,,,FixedPriceItem,GTC,3.49,,1,,,,,,,,,,,,,,,,,,,,,,,,,,,,,,,,
Revise,BBA-000100-00021-06602,261328,0,2023 Panini MOSAIC CLINTON PORTIS #249 Mosaic Redskins,,,4000,,,,,,,,,,,,,,Ungraded,,,,,,,,,,,,,,,,,,,,,,,,,,FixedPriceItem,GTC,3.49,,1,,,,,,,,,,,,,,,,,,,,,,,,,,,,,,,,
Revise,BBA-000100-00024-17747,261328,0,2020 Panini Prizm Draft PICKS JAVON KINLAW #161 Prizms Red RC Gamecocks Rookie,,,4000,,,,,,,,,,,,,,Ungraded,,,,,,,,,,,,,,,,,,,,,,,,,,FixedPriceItem,GTC,3.99,,1,,,,,,,,,,,,,,,,,,,,,,,,,,,,,,,,
Revise,BBA-000100-00014-14112,261328,0,2020 Panini PLAYBOOK NICK BOSA #96 49ers Football,,,4000,,,,,,,,,,,,,,Ungraded,,,,,,,,,,,,,,,,,,,,,,,,,,FixedPriceItem,GTC,2.99,,1,,,,,,,,,,,,,,,,,,,,,,,,,,,,,,,,
Revise,BBA-000100-00019-76258,261328,0,2023 Panini Prizm CORDARRELLE PATTERSON #12 Pink Falcons Football,,,4000,,,,,,,,,,,,,,Ungraded,,,,,,,,,,,,,,,,,,,,,,,,,,FixedPriceItem,GTC,3.49,,1,,,,,,,,,,,,,,,,,,,,,,,,,,,,,,,,
Revise,BBA-000100-00017-28485,261328,0,2021 Panini MOSAIC JEREMY CHINN #38 Prizm Reactive Orange Panthers,,,4000,,,,,,,,,,,,,,Ungraded,,,,,,,,,,,,,,,,,,,,,,,,,,FixedPriceItem,GTC,3.49,,1,,,,,,,,,,,,,,,,,,,,,,,,,,,,,,,,
Revise,BBA-000100-00008-58375,261328,0,2023 Panini Prizm DORIAN WILLIAMS #309 Pink RC Bills Rookie Football,,,4000,,,,,,,,,,,,,,Ungraded,,,,,,,,,,,,,,,,,,,,,,,,,,FixedPriceItem,GTC,3.49,,1,,,,,,,,,,,,,,,,,,,,,,,,,,,,,,,,
Revise,BBA-000100-00020-67366,261328,0,2024 Panini TOTALLY Certified Cooper Kupp #9 Intriguing Players Rams Football,,,4000,,,,,,,,,,,,,,Ungraded,,,,,,,,,,,,,,,,,,,,,,,,,,FixedPriceItem,GTC,3.49,,1,,,,,,,,,,,,,,,,,,,,,,,,,,,,,,,,
Revise,BBA-000100-00009-82696,261328,0,2022 Panini ZENITH DAVID MONTGOMERY #41 Retail Bears Football,,,4000,,,,,,,,,,,,,,Ungraded,,,,,,,,,,,,,,,,,,,,,,,,,,FixedPriceItem,GTC,3.49,,1,,,,,,,,,,,,,,,,,,,,,,,,,,,,,,,,
Revise,BBA-000100-00010-49652,261328,0,2014 Topps HARRY DOUGLAS #13 1000 Yard Club Falcons Football,,,4000,,,,,,,,,,,,,,Ungraded,,,,,,,,,,,,,,,,,,,,,,,,,,FixedPriceItem,GTC,3.49,,1,,,,,,,,,,,,,,,,,,,,,,,,,,,,,,,,
Revise,BBA-000100-00033-90215,261328,0,2024 Panini Prizm ED MCCAFFREY #90 Silver Broncos Football,,,4000,,,,,,,,,,,,,,Ungraded,,,,,,,,,,,,,,,,,,,,,,,,,,FixedPriceItem,GTC,3.49,,1,,,,,,,,,,,,,,,,,,,,,,,,,,,,,,,,
Revise,BBA-000100-00004-78466,261328,0,2022 Panini Donruss ELITE JALEN TOLBERT #158 Pink RC Cowboys Rookie Football,,,4000,,,,,,,,,,,,,,Ungraded,,,,,,,,,,,,,,,,,,,,,,,,,,FixedPriceItem,GTC,3.49,,1,,,,,,,,,,,,,,,,,,,,,,,,,,,,,,,,
