Item number,Custom label (SKU),Title,New price,Confidence
227429830617,Misc-071326-00003-68916,2025 PANINI NSCC VIP GOLD PACKS KYLIAN MBAPPE,4.79,70%
227429830661,Misc-071326-00007-43880,2024-25 TOPPS FINEST UEFA CLUB COMPETITIONS JUDE BELLINGHAM REAL MADRID,2.09,66%
227429830702,Misc-071326-00005-43472,2024 LEAF EXCLUSIVE LEGENDS EDITION LIONEL MESSI ZLATAN IBRAHIMOVIC,6.19,84%
227429830742,Misc-071326-00011-24852,2019 Topps Chrome LIONEL MESSI Sapphire UEFA Champions League Image Var,80.89,100%
227429830760,Misc-071326-00001-20823,2023-24 PANINI DONRUSS ERLING HAALAND SILVER NORWAY,3.29,70%
227429830812,Misc-071326-00010-25062,2019 TOPPS CHROME SAPPHIRE CRISTIANO RONALDO UEFA CHAMPIONS LEAGUE IMG VAR,75.99,100%
227429830863,Misc-071326-00002-51370,2023-24 PANINI DONRUSS ERLING HAALAND SILVER MAN CITY,7.29,100%
227429830875,Misc-071326-00008-94192,2025-26 ToppsLAMINE YAMAL FC Barcelona Team Set Blue Rainbow Foil /150,66.29,100%
227431508947,Whatnot-071426-00004-92045,2025 Panini Mosaic JAXSON DART #288 Rookie Variation RC Giants,1.99,87%
227431508954,Whatnot-071426-00003-69347,2024 Bowman ETHAN SALAS #BCP-102 Mini Diamond Refractor Padres,2.69,69%
227431508989,Whatnot-071426-00005-74858,2025 Panini Prizm TYLER WARREN #417 Rookie Variations Silver Colts,5.59,89%
227431509002,Whatnot-071426-00006-70611,2025 Bowman HYUN-SEOK JANG #BCP-51 Reptilian Refractor 1st Prospect Dodgers,5.29,100%
227431509044,Whatnot-071426-00001-66175,2025-26 Topps Chrome TYLER HERRO #188 Negative Refractor Heat,5.29,100%
227431509051,Whatnot-071426-00002-18039,2025 Panini Prizm Draft Picks CAM SKATTEBO #9 Gold Ice RC Sun Devils,5.89,87%
227434640903,RBM-0002-00051-74105,2025 Bowman's Best NICK KURTZ #42 Refractor RC Athletics Rookie,4.59,89%
227435767580,Misc-071726-00004-16432,2025 Topps Finest CONNOR NORBY #RAJR-CN /299 MEM RC Auto Marlins,19.59,100%
227435855995,Misc-071726-00002-95708,2025-26 Topps COOPER FLAGG #201 RC Mavericks ROY,6.19,86%
227435856036,Misc-071726-00001-44008,2022 Panini Prizm SAQUON BARKLEY #218 Purple /125 Giants,9.69,100%
227435856046,Misc-071726-00006-19302,2026 Topps Perennial All-Stars SHOHEI OHTANI PAS-9 Los Angeles Dodgers,2.19,89%
227435856079,Misc-071726-00005-14855,2026 Topps Series 1 SHOHEI OHTANI 8-Bit Ballers #8B-7 Dodgers,3.69,79%
,227438445657,Leaf Exclusive Legends Double LAMINE YAMAL LIONEL MESSI Serial #7/20 SSP Soccer,143.89,100%
227440023516,MATTSFB-072026-00009-86943,2021 Topps Triple Threads AARON JUDGE #86 Citrine /75 Yankees,66.29,100%
227440119539,BBB-000268-undd3,2025 Bowman Sapphire JAVIER MOGOLLON #BCP-68 Chicago White Sox,2.89,87%
227440121176,RA-000080-s8hk9,2025-26 Topps Chrome KARL-ANTHONY TOWNS #179 Negative Refractor New York Knicks,9.59,86%
227440121867,BAS-002210-necfl,2024 Topps Heritage ADDISON BARGER #725 Chrome Purple Ref Blue Jays,9.69,100%
227440131015,FB-1472-i7a6q,2024 Donruss Optic JALEN CARTER #163 One Hundred 💯 Emoji Eagles Football,42.09,100%
227440132593,CDP-32D2EDB,2022-23 Panini Obsidian GAVI Atomic Red Electric Etch Patch Swatch /44 Barcelona,45.99,100%
227441643850,DREAMRP-0001-00003-04829,2024 Topps Triple Threads NOLAN RYAN #25 Amber 46/199 Angels HOF Legend!,10.79,100%
227448634921,EBAY-0002-00008-94704,2025 Bowman's Best NICK KURTZ #BS-2 Showpieces RC Athletics Rookie,6.89,72%
227448957748,FEARWHT-072626-00003-79806,2026 Bowman Sapphire BRADEN MONTGOMERY #BCP-53 White Sox,3.69,85%
227448957757,FEARWHT-072626-00009-95992,2026 Bowman Sapphire GAVIN KILEN #BCP-136 Giants,5.19,87%
227448957770,FEARWHT-072626-00002-41881,2026 Bowman Sapphire BLAKE MITCHELL #BCP-13 Royals,2.39,85%
227448957788,FEARWHT-072626-00006-22538,2026 Bowman Sapphire CRISTOPHER POLANCO #BCP-34 Blue Jays,2.89,100%
227448957791,FEARWHT-072626-00005-24561,2023 Bowman Draft Sapphire DREW GILBERT #BCP-16 1st Prospect Astros,4.79,100%
227448957794,FEARWHT-072626-00001-50625,2026 Bowman Sapphire JOSH OWENS #BCP-62 Rangers,2.89,72%
227449022849,KKCWHT-072526-00002-40648,2025 Panini Prizm CAM SKATTEBO #RGR-CSO Rookie Gear Pink (MEM RC) Giants,18.59,100%
227449022869,KKCWHT-072526-00004-23393,2025 Panini Prizm Draft Picks ARCH MANNING #166 Green Rated Prospect Longhorns,38.19,100%
227449170124,KKCWHT-072626-00006-71402,2025 Panini Donruss Optic OMARION HAMPTON #212 Rated Rookie Chargers,1.99,89%
227449170125,KKCWHT-072626-00002-64119,2025 Panini Donruss Optic CHRISTIAN MCCAFFREY #20 Play Action 49ers,1.99,86%
227449170128,KKCWHT-072626-00009-16446,2025 Panini Donruss Optic QUINSHON JUDKINS #252 Rated Rookie Browns,1.99,85%
227449170130,KKCWHT-072626-00003-11411,2025 Panini Donruss Optic JACK SAWYER #220 Rated Rookie Steelers,1.99,85%
227449170131,KKCWHT-072626-00005-05359,2025 Panini Donruss Optic JALEN MILROE #253 Rated Rookie Seahawks,1.99,64%
227449170132,KKCWHT-072626-00008-59423,2025 Panini Donruss Optic COLSTON LOVELAND #204 Rated Rookie Bears,1.99,87%
227449170133,KKCWHT-072626-00007-77081,2025 Panini Donruss Optic ABDUL CARTER #300 Rated Rookie Giants,1.99,85%
227449170137,KKCWHT-072626-00004-59608,2025 Panini Donruss Optic WILL HOWARD #233 Rated Rookie Steelers,1.99,84%
227449170157,KKCWHT-072626-00001-84891,2025 Panini Donruss Optic MALIK NABERS #2 Chain Reaction Giants,1.99,68%
227451129302,WHATNOT-0003-00030-08352,2025 Bowman's Best NICK KURTZ #42 Purple Lazer Ref /250 RC Athletics Rookie ROY!,16.49,100%
227455465003,RBLOT-073026-00004-12732,2025 Topps Inception MARCELO MAYER #30 Green RC Red Sox,5.19,88%
227455465139,RBLOT-073026-00008-22021,2026 Bowman Mega Box SAL STEWART #6 Mojo Refractor RC Reds,1.99,80%
227455465146,RBLOT-073026-00016-40014,2026 Bowman Mega Box ETHAN HOLLIDAY #BCP-1 Mojo Refractor 1st Prospect Rockies,4.19,87%
227455465223,RBLOT-073026-00010-30202,2025 Topps Inception CARLOS NARVAEZ #77 Green RC Red Sox,2.69,86%
227455465228,RBLOT-073026-00022-46528,2026 Bowman Mega Box MUNETAKA MURAKAMI #9 Mojo Refractor RC White Sox,8.69,90%
227455465304,RBLOT-073026-00014-70192,2026 Bowman Mega Box CHASE BURNS #3 Mojo Refractor RC Reds,1.99,86%
227455465381,RBLOT-073026-00020-99749,2026 Bowman ERIC HARTMAN #BCP-102 X-Fractor 1st Prospect Braves,11.59,68%
227455465399,RBLOT-073026-00005-16096,2026 Topps Tier One JULIO RODRIGUEZ #47 Bronze Foil Mariners,6.29,100%
227455465472,RBLOT-073026-00001-15056,2026 Bowman JACOB MISIOROWSKI #BST-13 RC Brewers,4.19,84%
227455465476,RBLOT-073026-00017-74427,2026 Bowman Mega Box SHOHEI OHTANI #52 Mojo Refractor Dodgers,9.09,65%
227455465500,RBLOT-073026-00012-96963,2026 Bowman Mega Box ROMAN ANTHONY #BST-12 Mojo Refractor Red Sox,3.19,64%
227455465588,RBLOT-073026-00003-62471,2025 Topps Inception MICK ABEL #75 RC Twins,1.99,87%
227455465601,RBLOT-073026-00018-78598,2026 Bowman Mega Box JACOB MISIOROWSKI #35 Mojo Refractor RC Brewers,6.59,89%
227455465619,RBLOT-073026-00011-25725,2026 Bowman Mega Box CHASE BURNS #BST-10 Mojo Refractor Reds,2.19,68%
227455465680,RBLOT-073026-00009-32274,2026 Bowman Mega Box JJ WETHERHOLT #BCP-115 Mojo Refractor Cardinals,2.89,88%
227455465693,RBLOT-073026-00007-24903,2026 BOWMAN MEGA BOX EDWARD FLORENTINO #BCP-82 MOJO REFRACTOR 1ST PROSPECT,2.99,88%
227455465700,RBLOT-073026-00002-29424,2025 Topps Inception RYAN BLISS #24 RC Mariners,2.19,85%
227455465761,RBLOT-073026-00024-99349,2026 Bowman Mega Box CAM SCHLITTLER #53 Mojo Refractor RC Yankees,4.39,86%
227455465805,RBLOT-073026-00015-33913,2026 Bowman DANIEL PIERCE #BP-77 Sky Blue Border /499 1st Prospect Rays,6.19,88%
227455465848,RBLOT-073026-00006-09209,2025 Topps Inception JAMES WOOD #31 RC Nationals,6.09,85%
227455465869,RBLOT-073026-00013-69829,2026 Bowman Mega Box KEVIN MCGONIGLE #BCP-145 Mojo Refractor Tigers,3.29,68%
227455465883,RBLOT-073026-00023-35576,2026 Bowman DANIEL PIERCE #BP-77 Fuchsia Border /299 1st Prospect Rays,4.69,100%
227455555845,SocBox-073026-00024-94572,2026 PANINI PRIZM WORLD CUP KHOZHIAKBAR ALIZHONOV WAVE UZBEKISTAN NT,3.39,100%
227455555946,SocBox-073026-00025-65195,2026 PANINI PRIZM WORLD CUP MALICK FOFANA FLUORESCENT BLUE WAVE /225 BELGIUM,3.39,100%
227455555950,SocBox-073026-00020-09020,2026 PANINI PRIZM WORLD CUP TAJON BUCHANAN WAVE CANADA,1.99,72%
227455556020,SocBox-073026-00019-29515,2026 PANINI PRIZM WORLD CUP NGAL'AYEL MUKAU WAVE COD,6.79,100%
227455556021,SocBox-073026-00027-46462,2026 PANINI PRIZM WORLD CUP AYOUB EL KAABI WAVE RC MOROCCO,1.99,83%
227455556079,SocBox-073026-00004-53822,2026 PANINI PRIZM WORLD CUP MARCUS RASHFORD SCORERS CLUB ENGLAND,1.99,79%
227455556088,SocBox-073026-00005-72185,2026 PANINI PRIZM WORLD CUP LUKA VUSKOVIC WAVE RC CROATIA,2.69,84%
227455556117,SocBox-073026-00014-00661,2026 PANINI PRIZM WORLD CUP KEVIN PINA WAVE CPV,3.39,100%
227455556130,SocBox-073026-00002-81040,2026 PANINI PRIZM WORLD CUP BRADLEY BARCOLA SCREAMERS SILVER FRANCE,2.19,85%
227455556172,SocBox-073026-00011-66305,2026 PANINI PRIZM WORLD CUP PAU CUBARSI NEW ERA SPAIN,1.99,87%
227455556218,SocBox-073026-00021-70734,2026 PANINI PRIZM WORLD CUP KYLIAN MBAPPE WAVE FRANCE,3.19,68%
227455556231,SocBox-073026-00016-26893,2026 PANINI PRIZM WORLD CUP PELE BRAZIL,1.99,63%
227455556238,SocBox-073026-00009-98120,2026 PANINI PRIZM WORLD CUP MUSAB AL-JUWAYR WAVE SAUDI ARABIA NT,3.39,100%
227455556303,SocBox-073026-00013-58610,2026 PANINI PRIZM WORLD CUP KEREM AKTURKOGLU FUCHSIA WAVE /65 TURKEY,6.79,100%
227455556320,SocBox-073026-00010-44772,2026 PANINI PRIZM WORLD CUP GABRIEL MARTINELLI PHENOMENON SILVER BRAZIL,1.99,87%
227455556348,SocBox-073026-00017-84718,2026 PANINI PRIZM WORLD CUP LAMINE YAMAL SPAIN,1.99,64%
227455556366,SocBox-073026-00008-01825,2026 PANINI PRIZM WORLD CUP MATHEW RYAN TROPHY HUNTING WAVE AUSTRALIA,1.99,77%
227455556373,SocBox-073026-00022-91273,2026 PANINI PRIZM WORLD CUP DEAN HUIJSEN WAVE SPAIN,1.99,67%
227455556388,SocBox-073026-00026-28557,2026 PANINI PRIZM WORLD CUP VIRGIL VAN DIJK TROPHY HUNTING SILVER NETHERLANDS,1.99,86%
227455556401,SocBox-073026-00015-91870,2026 PANINI PRIZM WORLD CUP ALESSANDRO CIRCATI WAVE AUSTRALIA,1.99,85%
227455556404,SocBox-073026-00023-87042,2026 PANINI PRIZM WORLD CUP EMMANUEL EMEGHA NEW ERA NETHERLANDS,1.99,86%
227455556420,SocBox-073026-00018-31509,2026 PANINI PRIZM WORLD CUP IBRAHIM MAZA NEW ERA WAVE ALGERIA,2.69,67%
227455556439,SocBox-073026-00003-17039,2026 PANINI PRIZM WORLD CUP LIBERATO CACACE WAVE NZL NT,3.39,100%
227455556446,SocBox-073026-00028-09529,2026 PANINI PRIZM WORLD CUP HICHAM BOUDAOUI ALGERIA,1.99,64%
227455556499,SocBox-073026-00001-81252,2026 PANINI PRIZM WORLD CUP HIROKI SEKINE WAVE RC JAPAN,1.99,70%
227455556505,SocBox-073026-00006-67915,2026 PANINI PRIZM WORLD CUP KENDRY PAEZ WAVE ECU,6.79,100%
227455556520,SocBox-073026-00012-33059,2026 PANINI PRIZM WORLD CUP SAEID EZATOLAHI WAVE IRAN,1.99,85%
227459491116,RBLOT-073026-00054-06377,2026 PANINI PRIZM FIFA WORLD CUP LIONEL MESSI PHENOMENON SILVER Prizm ARGENTINA,3.89,68%
227459491144,RBLOT-073026-00033-56981,2025 TOPPS UEFA CLUB COMPETITION FINEST ERLING HAALAND #FM-7 Soccer,5.29,100%
227459491147,RBLOT-073026-00027-30544,2025-26 Bowman ADDISON DEAL #CPA-AE Chrome Auto 1st Prospect Hawkeyes,11.59,100%
227459491342,RBLOT-073026-00038-14684,2025-26 Topps Hoops SPUD WEBB #D-7 Dunk-umentory Hawks,3.89,81%
227459491346,RBLOT-073026-00058-85556,2026 PANINI PRIZM FIFA WORLD CUP DAYOT UPAMECANO SCREAMERS WAVE Prizm FRANCE,1.99,87%
227459491374,RBLOT-073026-00045-61071,2026 Bowman VICTOR FIGUEROA #BP-117 Neon Green Border /399 1st Prospect Orioles,5.79,100%
227459491427,RBLOT-073026-00034-82367,2025-26 Topps Hoops THOMAS SORBER #HRS-TS Rookie Signatures RC Auto Thunder,7.09,88%
227459491560,RBLOT-073026-00049-99543,2026 PANINI PRIZM FIFA WORLD CUP ALI MAJRASHI OLD GLORY /94 SAUDI ARABIA NT,4.39,100%
227459491585,RBLOT-073026-00056-45187,2026 PANINI PRIZM FIFA WORLD CUP HARRY KANE SCORERS CLUB Silver Prizm ENGLAND,3.19,83%
227459491600,RBLOT-073026-00044-66133,2026 Bowman ANDREW FISCHER #BCP-149 Reptilian Refractor 1st Prospect Brewers,7.69,100%
227459491626,RBLOT-073026-00037-76973,2025-26 Topps Hoops DEJOUNTE MURRAY #231 Light Burst Purple /99 Pelicans,5.79,100%
227459491647,RBLOT-073026-00048-34979,2026 PANINI PRIZM FIFA WORLD CUP MUSAB AL-JUWAYR PANDORA SAUDI ARABIA NT Soccer,2.39,100%
227459491672,RBLOT-073026-00046-53194,2025 TOPPS CHROME UEFA CLUB COMPETITIONS JUDE BELLINGHAM #64 REFRACTOR Soccer,2.39,87%
227459491690,RBLOT-073026-00059-99388,2026 PANINI PRIZM FIFA WORLD CUP LUKA VUSKOVIC NEW ERA WAVE Prizm CROATIA Soccer,1.99,86%
227459491699,RBLOT-073026-00053-92116,2026 PANINI PRIZM FIFA WORLD CUP ERLING HAALAND SCREAMERS SILVER Prizm NORWAY,5.79,65%
227459491729,RBLOT-073026-00043-15886,2026 Bowman Mega Box JAKOB MARSEE #86 Sky Blue Mojo Refractor /499 RC Marlins,2.39,100%
227459491765,RBLOT-073026-00051-12162,2026 PANINI PRIZM FIFA WORLD CUP NICO WILLIAMS UNAI SIMON CONNECTIONS WAVE SPAIN,2.89,86%
227459491789,RBLOT-073026-00036-90735,SHAI GILGEOUS-ALEXANDER 2025 Topps Hoops #FP-1 First Round NBA Basketball Card,8.69,100%
227459491796,RBLOT-073026-00039-65798,2025-26 Topps Hoops SHAI GILGEOUS-ALEXANDER #H-2 Hoopers Thunder,3.59,88%
227459491820,RBLOT_-_07-30-26-11623,2026 Bowman CARLOS VIRAHONDA #BCP-28 Purple Geo Refractor /250 1st Prospect RC,4.79,100%
227459491889,RBLOT-073026-00052-34979,2026 PANINI PRIZM FIFA WORLD CUP ERLING HAALAND SCORERS CLUB WAVE Prizm NORWAY,3.89,70%
227459491967,RBLOT-073026-00029-88716,ADDISON DEAL 🔥 2025 Bowman Chrome #BCP-50 Reptilian Refractor 1st Prospect RC,2.39,100%
227459491969,RBLOT-073026-00026-48583,2025-26 Bowman JAYLON TYSON #BCV-173 Chrome Reptilian Refractor Cavaliers,1.99,100%
227459491977,RBLOT-073026-00035-52808,2025-26 Topps Hoops JEREMIAH FEARS #BH-22 Bounce House RC Pelicans,4.59,81%
227459492289,RBLOT-073026-00040-95265,ADDISON DEAL 2025 Bowman #BCP-50 Speckle Refractor /299 1st Prospect,2.39,100%
227459591585,VINCEFB-072026-00002-96316,2026 Bowman Cam Schlittler #53 SP Rookie Red Chrome Variation RC Yankees Pitcher,30.19,100%
227459724348,CARDSHQBK-0001-00005-01729,2026 Bowman MAX CLARK #BST-5 Sterling Chrome Tigers,1.99,87%
227460740309,RBLOT-073026-00031-01242,2026 PANINI PRIZM FIFA WORLD CUP ERLING HAALAND SCORERS CLUB SILVER Prizm NORWAY,3.19,83%
227461084456,RBLOT-073026-00092-99502,2025-26 Topps Hoops YVES MISSI #HS-YM Signs Auto Pelicans,4.09,85%
227461084433,RBLOT-073026-00082-50792,2022-23 Topps Chrome MLS COREY BAIRD Pink X Fractor Dynamo,2.39,100%
227461084449,RBLOT-073026-00089-31625,2026 Bowman JORGE QUINTANA #BCP-93 Reptilian Refractor 1st Prospect Padres,2.39,100%
227461084448,RBLOT-073026-00065-51405,2026 Panini Prizm World Cup EDSON ALVAREZ Global Reach Silver Mexico,2.39,85%
227461084434,RBLOT-073026-00091-75264,2026 Bowman MAREK HOUSTON #BCP-16 Lazer Refractor 1st Prospect Twins,2.39,100%
227461084436,RBLOT-073026-00085-96467,2026 Panini Prizm World Cup JOAQUIN PANICHELLI Wave Argentina,1.99,82%
227461032647,RBLOT-073026-00070-93169,2026 Panini Prizm World Cup VINI JR. Screamers Wave Brazil,2.99,83%
227461084444,RBLOT-073026-00083-35342,2026 Panini Prizm World Cup GABRIEL MARTINELLI Fluorescent Blue Wave /225 Brazil,5.79,100%
227461084441,RBLOT-073026-00084-40941,2026 Panini Prizm World Cup ANTONIO SILVA Fluorescent Blue Wave /225 Portugal,2.39,100%
227461084457,RBLOT-073026-00090-82693,2026 BOWMAN MEGA BOX EDGAR MONTERO #BCP-139 MOJO REFRACTOR 1ST PROSPECT,1.99,83%
227461084428,RBLOT-073026-00066-34542,2026 Panini Prizm FIFA World Cup MIKEL OYARZABAL Silver Prizm Spain Soccer,1.99,83%
227461084429,RBLOT-073026-00087-21293,2026 Panini Prizm FIFA World Cup DANI OLMO Wave Prizm Spain Soccer,1.99,85%
227461084430,RBLOT-073026-00073-54307,2026 Panini Prizm FIFA World Cup KARIM ADEYEMI Orange Wave Prizm /125 Germany,3.69,100%
227461084431,RBLOT-073026-00069-14496,2026 Panini Prizm FIFA World Cup NICO WILLIAMS Wave Prizm Spain Soccer,1.99,83%
227461084432,RBLOT-073026-00080-67561,2026 Panini Prizm World Cup CHANCEL MBEMBA Fluorescent Blue Wave Prizm /225 COD,3.39,100%
227461084433,RBLOT-073026-00082-50792,2022-23 Topps Chrome MLS COREY BAIRD Pink X Fractor Dynamo Soccer,2.39,88%
227461084434,RBLOT-073026-00091-75264,2026 Bowman Chrome MAREK HOUSTON #BCP-16 Lazer Refractor 1st Prospect RC Twins,2.79,87%
227461084435,RBLOT-073026-00088-53105,2026 Panini Prizm FIFA World Cup GIANLUCA PRESTIANNI Wave Prizm Argentina Soccer,1.99,87%
227461084436,RBLOT-073026-00085-96467,2026 Panini Prizm FIFA World Cup JOAQUIN PANICHELLI Wave Prizm Argentina Soccer,1.99,85%
227461084437,RBLOT-073026-00062-29623,2026 Panini Prizm World Cup JULIAN ALVAREZ Scorers Club Silver Prizm Argentina,3.19,68%
227461084438,RBLOT-073026-00078-48585,2026 Panini Prizm World Cup ALESSANDRO CIRCATI Orange Wave Prizm /125 Australia,7.09,100%
227461084439,RBLOT-073026-00064-92607,2026 Panini Prizm FIFA World Cup UNAI SIMON Wave Prizm Spain Soccer,2.19,87%
227461084440,RBLOT-073026-00072-69966,2026 Panini Prizm FIFA World Cup PEDRI Aces Wave Prizm Spain Soccer,2.69,83%
227461084441,RBLOT-073026-00084-40941,2026 Panini Prizm World Cup ANTONIO SILVA Fluorescent Blue Wave /225 Portugal,2.39,100%
227461084442,RBLOT-073026-00068-87650,2026 Panini Prizm FIFA World Cup JESUS RODRIGUEZ Wave Prizm RC Spain Soccer,2.39,84%
227461084444,RBLOT-073026-00083-35342,2026 Panini Prizm World Cup GABRIEL MARTINELLI Fluorescent Blue Wave /225 Brazil,5.79,100%
227461084446,RBLOT-073026-00075-79219,2026 PANINI PRIZM WORLD CUP ALESSANDRO CIRCATI #140 FLUORESCENT BLUE WAVE /225,5.69,100%
227461084447,RBLOT-073026-00071-10967,2026 Panini Prizm FIFA World Cup PEDRI Aces Silver Prizm Spain Soccer,2.69,83%
227461084448,RBLOT-073026-00065-51405,2026 Panini Prizm FIFA World Cup EDSON ALVAREZ Global Reach Silver Prizm Mexico,2.39,87%
227461084449,RBLOT-073026-00089-31625,2026 Bowman Chrome JORGE QUINTANA #BCP-93 Reptilian Refractor 1st Prospect RC,3.39,100%
227461084450,RBLOT-073026-00067-48539,2026 Panini Prizm FIFA World Cup YEREMY PINO Wave Prizm Spain Soccer,1.99,85%
227461084451,RBLOT-073026-00086-68461,2026 Panini Prizm FIFA World Cup PAU CUBARSI Wave Prizm Spain Soccer,1.99,74%
227461084452,RBLOT-073026-00077-94329,2026 Panini Prizm World Cup LEON GORETZKA Fluorescent Blue Wave /225 Germany,3.39,100%
227461084453,RBLOT-073026-00076-31245,2026 Panini Prizm World Cup FRANCK KESSIE Fluorescent Blue Wave Prizm /225 CIV,7.09,100%
227461084454,RBLOT-073026-00074-10050,2026 Panini Prizm World Cup TREZEGUET Fluorescent Blue Wave Prizm /225 Egypt,4.49,86%
227461084456,RBLOT-073026-00092-99502,2025-26 Topps Hoops YVES MISSI #HS-YM Hoops Signs Auto RC New Orleans Pelicans,4.09,100%
227461084457,RBLOT-073026-00090-82693,2026 Bowman Mega Box EDGAR MONTERO #BCP-139 Mojo Refractor 1st Prospect RC A's,3.39,100%
227461084458,RBLOT-073026-00081-09874,2026 Panini Prizm World Cup JOSHUA KIMMICH Fluorescent Blue Wave /225 Germany,3.89,100%
227461084459,RBLOT-073026-00093-42036,2025-26 Topps Hoops TRAE YOUNG #293 Rainbow Gold And Green Foil /199 All-Star,7.19,100%
227462336906,FBrelist-080426-0001,LUKE MCCAFFREY 2024 Panini Absolute Star Gazing #SG-LMY RC Rookie Football,1.99,86%
227462336911,FBrelist-080426-0002,MICHAEL PENIX JR. 2024 Panini Illusions #4 RC Falcons Rookie Football,1.99,85%
227462336918,FBrelist-080426-0005,XAVIER WORTHY 2024 Topps Chrome Rookies #208 RC KC Chiefs Football,1.99,76%
227462336921,FBrelist-080426-0006,2024 Topps Chrome MARVIN HARRISON JR. FINESSE RC Rookie #F-5 Cardinals Football,1.99,88%
227462336925,FBrelist-080426-0007,ROME ODUNZE 2024 Panini Absolute Star Gazing #SG-ROE RC Bears Rookie Football,1.99,79%
227462336930,FBrelist-080426-0011,ANTHONY RICHARDSON PREMIER LEVEL 2023 Panini Select #117 RC Colts Rookie,1.99,79%
227462336931,FBrelist-080426-0004,ROME ODUNZE 2024 Panini Illusions #14 RC Bears Rookie Football,1.99,74%
227462336932,FBrelist-080426-0013,2023 Panini MOSAIC Football Ja'Marr Chase card #43 Cincinnati Bengals,1.99,60%
227462336933,FBrelist-080426-0003,KEON COLEMAN 2024 Panini Absolute #BS-KCN RC Bills By Storm Rookie Football,1.99,89%
227462336937,FBrelist-080426-0014,JALEN HURTS 2023 Panini Absolute #28 Philadelphia Eagles Football,1.99,66%
227462336938,FBrelist-080426-0017,JOE BURROW 2023 Panini Donruss #57 Bengals Football,1.99,60%
227462336939,FBrelist-080426-0009,PATRICK MAHOMES II 2024 Panini Absolute #50 Football,1.99,87%
227462336944,FBrelist-080426-0010,2024 Prizm CADE STOVER Football Orange Cracked Ice Prizm Rookie RC Texans #318,2.29,85%
227462336969,FBrelist-080426-0012,2024 Donruss Optic TREY BENSON Rated Rookie #293 Cardinals RC Football,1.99,88%
227462336974,FBrelist-080426-0021,2022 Panini Select Draft PICKS - Concourse #5 Chris Olave RC Buckeyes - Saints,1.99,86%
227462336985,FBrelist-080426-0015,2021 Select #31 Deebo Samuel 49ers RC Rookie Football,1.99,63%
227462337005,FBrelist-080426-0023,2024 Topps Finest KEON COLEMAN Rookie Card Buffalo Bills #92 RC Football,1.99,72%
227462337014,FBrelist-080426-0025,CONCOURSE TREVOR LAWRENCE 2024 Panini Select Silver #98 Silver Prizm Jaguars,1.99,76%
227462337016,FBrelist-080426-0008,2024 Bowman Chrome U University Football PICK COMPLETE YOUR SET Pink Lava,1.99,81%
227462337075,FBrelist-080426-0020,MOSIAC JORDAN LOVE PACKERS 2023 Panini #83 Football,2.69,68%
227462337089,FBrelist-080426-0031,2023 Panini MOSAIC - Lamar Jackson #13 Ravens Football,1.99,87%
227462337090,FBrelist-080426-0024,2024 Donruss Optic Rated Rookie DALLAS TURNER NEGATIVE Auto /325 #224 Vikings RC,39.09,100%
227462337095,FBrelist-080426-0034,2022 Panini Select JOSH ALLEN Blue #100 Bills Football,1.99,84%
227462337098,FBrelist-080426-0030,2023 Panini MOSAIC - Keyshawn Johnson #81 Green Mosaic Prizm Jets Football,1.99,63%
227462337101,FBrelist-080426-0026,2023 Panini Select Draft PICKS - Concourse Josh Allen #27 Blue Bills Football,1.99,86%
227462337104,FBrelist-080426-0022,2024 Panini Donruss - RETRO 1994 Brock Bowers #29 RC Raiders Rookie Football,1.99,74%
227462337111,FBrelist-080426-0028,JOE ALT 2024 Panini Absolute Rookies #105 Red white Blue RC Chargers Football,2.89,85%
227462337113,FBrelist-080426-0032,ASHTON JEANTY 2024 Bowman University Chrome #17 RC Raiders Boise State Football,4.19,78%
227462337115,FBrelist-080426-0035,2023 Panini MOSAIC - Amari Cooper #50 Browns Football,1.99,66%
227462337121,FBrelist-080426-0029,2024 Panini MOSAIC - Bijan Robinson #9 Falcons Football,1.99,66%
227462337126,FBrelist-080426-0027,2023 Panini MOSAIC - National Pride Lamar Jackson #260 Ravens Football,1.99,86%
227462337133,FBrelist-080426-0040,FRANK GORE JR. 2024 Topps Finest Common #81 RC Bills Rookie Football,1.99,77%
227462337155,FBrelist-080426-0042,2024 Bowman Chrome University Football #182 Will Howard Ohio State Buckeyes,1.99,64%
227462337157,FBrelist-080426-0039,LADD MCCONKEY 2024 Panini Absolute Rookies #134 RC Chargers Football,1.99,68%
227462337169,FBrelist-080426-0047,CHRISTIAN KIRK 2024 Panini Prizm Green Cracked Ice #131 Jaguars Football,3.89,100%
227462337172,FBrelist-080426-0044,DAVID MONTGOMERY 2024 Panini Prizm #94 Lazer Prizm Lions Football,1.99,67%
227462337178,FBrelist-080426-0048,LAIATU LATU FOOTBALL 2024 Panini Prizm #5 PRIZMATIC GREEN ICE COLTS RC ROOKIE,1.99,76%
227462337179,FBrelist-080426-0052,ROBBY RAY 2025 Topps Series 2 #459 Gold Parallel #0651/2025 Giants Football,4.79,100%
227462337180,FBrelist-080426-0049,MAXX CROSBY 2024 Panini Contenders Season Ticket Las Vegas Raiders NFL #52,1.99,80%
227462337191,FBrelist-080426-0045,CHRIS OLAVE 2024 Panini Prizm #206 Black & White Checker Prizm Saints Football,1.99,71%
227462337207,FBrelist-080426-0057,2025 Bowman #BP-53 Jacob Bresnahan Prospects Giants Baseball,1.99,60%
227462337209,FBrelist-080426-0056,2023 Panini MOSAIC #13 Lamar Jackson Ravens Football,1.99,87%
227462337215,FBrelist-080426-0050,DEVONTEZ WALKER 2024 Panini Prizm Rookies #328 RC Ravens Football,1.99,60%
227462337221,FBrelist-080426-0060,2023 Donruss Optic #CR-TT Tua Tagovailoa Chain Reaction Dolphins Football,1.99,86%
227462337223,FBrelist-080426-0061,2023 Prestige LAMAR JACKSON XTRA POINTS Purple #/99 #24 Ravens Football,9.99,100%
227462337234,FBrelist-080426-0062,LADD MCCONKEY 2024 Panini Donruss Rated Rookie #328 RC chargers Football,1.99,68%
227462337235,FBrelist-080426-0063,2024 Topps Bowman U Chrome Football CAM WARD Base #38 Miami Hurricanes,2.49,85%
227462337241,FBrelist-080426-0054,2024 Topps Finest #288 Audric Estime Broncos Football,2.19,62%
227462337251,FBrelist-080426-0058,2024 Donruss Optic #268 Luke McCaffrey Commanders RC Rookie Football,1.99,66%
227462337252,FBrelist-080426-0065,2024 Panini CLEARLY Donruss Xavier Legette #16 Base The Rookies Panthers RC,3.89,100%
227462337254,FBrelist-080426-0066,2024 Select XAVIER LEGETTE Rookie Swatches Prizm #RS-XLE RC /125 Patch Panthers,10.49,100%
227462337267,FBrelist-080426-0069,BLAKE CORUM 2024 Panini Select #9 Rams Football,1.99,68%
227462337268,FBrelist-080426-0070,JAYDEN DANIELS 2024 Panini Select #4 Commanders Football,1.99,63%
