Item number,SKU,Title,Current price,TCP price,Change $,Change %,Direction,Confidence,Matched to
227429830617,Misc-071326-00003-68916,2025 PANINI NSCC VIP GOLD PACKS KYLIAN MBAPPE,4.49,4.79,+0.30,+6.7%,UP,70%,
227429830661,Misc-071326-00007-43880,2024-25 TOPPS FINEST UEFA CLUB COMPETITIONS JUDE BELLINGHAM REAL MADRID,2.00,2.09,+0.09,+4.5%,UP,66%,
227429830702,Misc-071326-00005-43472,2024 LEAF EXCLUSIVE LEGENDS EDITION LIONEL MESSI ZLATAN IBRAHIMOVIC,6.00,6.19,+0.19,+3.2%,UP,84%,
227429830742,Misc-071326-00011-24852,2019 Topps Chrome LIONEL MESSI Sapphire UEFA Champions League Image Var,74.19,80.89,+6.70,+9.0%,UP,100%,
227429830760,Misc-071326-00001-20823,2023-24 PANINI DONRUSS ERLING HAALAND SILVER NORWAY,7.00,3.29,-3.71,-53.0%,DOWN,70%,
227429830812,Misc-071326-00010-25062,2019 TOPPS CHROME SAPPHIRE CRISTIANO RONALDO UEFA CHAMPIONS LEAGUE IMG VAR,69.19,75.99,+6.80,+9.8%,UP,100%,
227429830829,Misc-071326-00012-50151,2026 BOWMAN DAVID SHIELDS #CPA-DSH HTA CHOICE REFRACTOR /150 1ST PROSPECT AUTO,79.19,NO MATCH,,,NO PRICE,,
227429830863,Misc-071326-00002-51370,2023-24 PANINI DONRUSS ERLING HAALAND SILVER MAN CITY,6.49,7.29,+0.80,+12.3%,UP,100%,
227429830875,Misc-071326-00008-94192,2025-26 ToppsLAMINE YAMAL FC Barcelona Team Set Blue Rainbow Foil /150,59.19,66.29,+7.10,+12.0%,UP,100%,
227431508947,Whatnot-071426-00004-92045,2025 Panini Mosaic JAXSON DART #288 Rookie Variation RC Giants,2.49,1.99,-0.50,-20.1%,DOWN,87%,
227431508954,Whatnot-071426-00003-69347,2024 Bowman ETHAN SALAS #BCP-102 Mini Diamond Refractor Padres,2.79,2.69,-0.10,-3.6%,DOWN,69%,
227431508989,Whatnot-071426-00005-74858,2025 Panini Prizm TYLER WARREN #417 Rookie Variations Silver Colts,5.39,5.59,+0.20,+3.7%,UP,89%,
227431509002,Whatnot-071426-00006-70611,2025 Bowman HYUN-SEOK JANG #BCP-51 Reptilian Refractor 1st Prospect Dodgers,4.49,5.29,+0.80,+17.8%,UP,100%,
227431509044,Whatnot-071426-00001-66175,2025-26 Topps Chrome TYLER HERRO #188 Negative Refractor Heat,3.99,5.29,+1.30,+32.6%,UP,100%,
227431509051,Whatnot-071426-00002-18039,2025 Panini Prizm Draft Picks CAM SKATTEBO #9 Gold Ice RC Sun Devils,6.49,5.89,-0.60,-9.2%,DOWN,87%,
227434640903,RBM-0002-00051-74105,2025 Bowman's Best NICK KURTZ #42 Refractor RC Athletics Rookie,5.29,4.59,-0.70,-13.2%,DOWN,89%,
227435767580,Misc-071726-00004-16432,2025 Topps Finest CONNOR NORBY #RAJR-CN /299 MEM RC Auto Marlins,19.19,19.59,+0.40,+2.1%,UP,100%,
227435855995,Misc-071726-00002-95708,2025-26 Topps COOPER FLAGG #201 RC Mavericks ROY,6.39,6.19,-0.20,-3.1%,DOWN,86%,
227435856036,Misc-071726-00001-44008,2022 Panini Prizm SAQUON BARKLEY #218 Purple /125 Giants,8.99,9.69,+0.70,+7.8%,UP,100%,
227435856046,Misc-071726-00006-19302,2026 Topps Perennial All-Stars SHOHEI OHTANI PAS-9 Los Angeles Dodgers,2.69,2.19,-0.50,-18.6%,DOWN,89%,
227435856079,Misc-071726-00005-14855,2026 Topps Series 1 SHOHEI OHTANI 8-Bit Ballers #8B-7 Dodgers,7.50,3.69,-3.81,-50.8%,DOWN,79%,
,227438445657,Leaf Exclusive Legends Double LAMINE YAMAL LIONEL MESSI Serial #7/20 SSP Soccer,,143.89,,,NO PRICE,100%,
227440023516,MATTSFB-072026-00009-86943,2021 Topps Triple Threads AARON JUDGE #86 Citrine /75 Yankees,59.19,66.29,+7.10,+12.0%,UP,100%,
227440119539,BBB-000268-undd3,2025 Bowman Sapphire JAVIER MOGOLLON #BCP-68 Chicago White Sox,2.49,2.89,+0.40,+16.1%,UP,87%,
227440121176,RA-000080-s8hk9,2025-26 Topps Chrome KARL-ANTHONY TOWNS #179 Negative Refractor New York Knicks,9.89,9.59,-0.30,-3.0%,DOWN,86%,
227440121867,BAS-002210-necfl,2024 Topps Heritage ADDISON BARGER #725 Chrome Purple Ref Blue Jays,8.99,9.69,+0.70,+7.8%,UP,100%,
227440131015,FB-1472-i7a6q,2024 Donruss Optic JALEN CARTER #163 One Hundred 💯 Emoji Eagles Football,34.19,42.09,+7.90,+23.1%,UP,100%,
227440132593,CDP-32D2EDB,2022-23 Panini Obsidian GAVI Atomic Red Electric Etch Patch Swatch /44 Barcelona,38.19,45.99,+7.80,+20.4%,UP,100%,
227441638035,RBBB5-0004-00022-38355,2025 Bowman's Best KONNOR GRIFFIN #B25-KG Auto Purple Refractor /75 RC Pirates,405.09,NO MATCH,,,NO PRICE,,
227441643850,DREAMRP-0001-00003-04829,2024 Topps Triple Threads NOLAN RYAN #25 Amber 46/199 Angels HOF Legend!,10.19,10.79,+0.60,+5.9%,UP,100%,
227448634921,EBAY-0002-00008-94704,2025 Bowman's Best NICK KURTZ #BS-2 Showpieces RC Athletics Rookie,6.59,6.89,+0.30,+4.6%,UP,72%,
227448957748,FEARWHT-072626-00003-79806,2026 Bowman Sapphire BRADEN MONTGOMERY #BCP-53 White Sox,2.99,3.69,+0.70,+23.4%,UP,85%,
227448957757,FEARWHT-072626-00009-95992,2026 Bowman Sapphire GAVIN KILEN #BCP-136 Giants,4.99,5.19,+0.20,+4.0%,UP,87%,
227448957770,FEARWHT-072626-00002-41881,2026 Bowman Sapphire BLAKE MITCHELL #BCP-13 Royals,2.99,2.39,-0.60,-20.1%,DOWN,85%,
227448957788,FEARWHT-072626-00006-22538,2026 Bowman Sapphire CRISTOPHER POLANCO #BCP-34 Blue Jays,1.99,2.89,+0.90,+45.2%,UP,100%,
227448957791,FEARWHT-072626-00005-24561,2023 Bowman Draft Sapphire DREW GILBERT #BCP-16 1st Prospect Astros,3.99,4.79,+0.80,+20.1%,UP,100%,
227448957794,FEARWHT-072626-00001-50625,2026 Bowman Sapphire JOSH OWENS #BCP-62 Rangers,7.99,2.89,-5.10,-63.8%,DOWN,72%,
227449022849,KKCWHT-072526-00002-40648,2025 Panini Prizm CAM SKATTEBO #RGR-CSO Rookie Gear Pink (MEM RC) Giants,18.19,18.59,+0.40,+2.2%,UP,100%,
227449022869,KKCWHT-072526-00004-23393,2025 Panini Prizm Draft Picks ARCH MANNING #166 Green Rated Prospect Longhorns,30.19,38.19,+8.00,+26.5%,UP,100%,
227449170124,KKCWHT-072626-00006-71402,2025 Panini Donruss Optic OMARION HAMPTON #212 Rated Rookie Chargers,1.59,1.99,+0.40,+25.2%,UP,89%,
227449170125,KKCWHT-072626-00002-64119,2025 Panini Donruss Optic CHRISTIAN MCCAFFREY #20 Play Action 49ers,2.49,1.99,-0.50,-20.1%,DOWN,86%,
227449170128,KKCWHT-072626-00009-16446,2025 Panini Donruss Optic QUINSHON JUDKINS #252 Rated Rookie Browns,1.50,1.99,+0.49,+32.7%,UP,85%,
227449170130,KKCWHT-072626-00003-11411,2025 Panini Donruss Optic JACK SAWYER #220 Rated Rookie Steelers,2.49,1.99,-0.50,-20.1%,DOWN,85%,
227449170131,KKCWHT-072626-00005-05359,2025 Panini Donruss Optic JALEN MILROE #253 Rated Rookie Seahawks,1.59,1.99,+0.40,+25.2%,UP,64%,
227449170132,KKCWHT-072626-00008-59423,2025 Panini Donruss Optic COLSTON LOVELAND #204 Rated Rookie Bears,2.49,1.99,-0.50,-20.1%,DOWN,87%,
227449170133,KKCWHT-072626-00007-77081,2025 Panini Donruss Optic ABDUL CARTER #300 Rated Rookie Giants,2.49,1.99,-0.50,-20.1%,DOWN,85%,
227449170137,KKCWHT-072626-00004-59608,2025 Panini Donruss Optic WILL HOWARD #233 Rated Rookie Steelers,1.99,1.99,+0.00,+0.0%,NO CHANGE,84%,
227449170157,KKCWHT-072626-00001-84891,2025 Panini Donruss Optic MALIK NABERS #2 Chain Reaction Giants,1.50,1.99,+0.49,+32.7%,UP,68%,
227449274414,KKCWHT-072626-00027-00236,Sudowoodo 1105/05 CBB1C Chinese Gem Pack Vol. 1 STAMPED Holo Pokemon Card,2.99,NO MATCH,,,NO PRICE,,
227449274419,KKCWHT-072626-00012-73870,Psyduck 65/82 Common Team Rocket Pokemon Unlimited 2000,2.49,NO MATCH,,,NO PRICE,,
227449274421,KKCWHT-072626-00020-33205,2025 Pokemon Gem Pack Vol.1 (SC) - CBB1C Floragato #0206/08,2.99,NO MATCH,,,NO PRICE,,
227449274422,KKCWHT-072626-00010-91764,Fuecoco 0306/09 Baby Shiny Holo Gem Pack Vol 1 Chinese Pokemon,2.49,NO MATCH,,,NO PRICE,,
227449274424,KKCWHT-072626-00014-16132,Magnemite 51/162 Common BREAKthrough Pokemon Near Mint,2.49,NO MATCH,,,NO PRICE,,
227449274472,KKCWHT-072626-00025-32252,Quaxwell 0607/08 Stamped Pokemon CBB1C Gem Pack Vol. 1 S-Chinese,2.99,NO MATCH,,,NO PRICE,,
227449274477,KKCWHT-072626-00015-84432,Scraggy 50/73 Reverse Holo Shining Legends Pokemon Card NM,1.99,NO MATCH,,,NO PRICE,,
227449274479,KKCWHT-072626-00021-42666,Crocalor Stamped Holo 0407/08 Chinese Pokemon Gem Pack Vol 1,1.99,NO MATCH,,,NO PRICE,,
227449274487,KKCWHT-072626-00017-25964,Drednaw 44/142 Stellar Crown Rare Holo,1.59,NO MATCH,,,NO PRICE,,
227449274490,KKCWHT-072626-00026-18357,Quaxly Baby Shiny Holo 0506/09 Chinese Pokemon Gem Pack Vol 1,2.49,NO MATCH,,,NO PRICE,,
227449274505,KKCWHT-072626-00019-73495,Quaxwell 0606/08 Baby Shiny Holo Pokemon CBB1C Gem Pack Vol.1 Chinese Edition,2.49,NO MATCH,,,NO PRICE,,
227449274528,KKCWHT-072626-00013-94684,Reuniclus 76/113 Rare Legendary Treasures Pokemon NM/M,2.49,NO MATCH,,,NO PRICE,,
227449274553,KKCWHT-072626-00018-28196,2025 Pokemon Gem Pack Vol.1 Crocalor #0406/08,2.59,NO MATCH,,,NO PRICE,,
227449274556,KKCWHT-072626-00022-16291,Floragato 0207/08 Stamped Holo Chinese Gem Pack Vol 1 Pokemon,2.59,NO MATCH,,,NO PRICE,,
227449274560,KKCWHT-072626-00024-02033,Pawmo 0905/05 Gem Pack Volume 1 Pokemon Chinese,1.99,NO MATCH,,,NO PRICE,,
227449274564,KKCWHT-072626-00023-03480,Pokemon Chansey [Stamped] Chinese Gem Pack Vol 1 Double Rare 1505/05 Holo,2.99,NO MATCH,,,NO PRICE,,
227449274611,KKCWHT-072626-00028-22051,2025 Rockruff 1205/05 Pokemon Gem Pack Volume 1 Chinese,1.99,NO MATCH,,,NO PRICE,,
227449274621,KKCWHT-072626-00016-14367,PINECO 77/105 COMMON NEO DESTINY POKEMON UNLIMITED,2.49,NO MATCH,,,NO PRICE,,
227449274658,KKCWHT-072626-00011-91703,Sprigatito 0106/09 Baby Shiny Holo Chinese Pokemon Gem Pack Vol 1,2.49,NO MATCH,,,NO PRICE,,
227449274660,KKCWHT-072626-00029-06502,2016 POKEMON XY TRAINER KIT: PIKACHU LIBRE & SUICUNE BLITZLE,1.99,NO MATCH,,,NO PRICE,,
227451129302,WHATNOT-0003-00030-08352,2025 Bowman's Best NICK KURTZ #42 Purple Lazer Ref /250 RC Athletics Rookie ROY!,15.99,16.49,+0.50,+3.1%,UP,100%,
227455465003,RBLOT-073026-00004-12732,2025 Topps Inception MARCELO MAYER #30 Green RC Red Sox,5.19,5.19,+0.00,+0.0%,NO CHANGE,88%,
227455465033,RBLOT-073026-00025-48751,2026 Bowman KAZUMA OKAMOTO #28 RC Blue Jays,7.99,NO MATCH,,,NO PRICE,56%,
227455465139,RBLOT-073026-00008-22021,2026 Bowman Mega Box SAL STEWART #6 Mojo Refractor RC Reds,3.49,1.99,-1.50,-43.0%,DOWN,80%,
227455465146,RBLOT-073026-00016-40014,2026 Bowman Mega Box ETHAN HOLLIDAY #BCP-1 Mojo Refractor 1st Prospect Rockies,4.19,4.19,+0.00,+0.0%,NO CHANGE,87%,
227455465223,RBLOT-073026-00010-30202,2025 Topps Inception CARLOS NARVAEZ #77 Green RC Red Sox,3.39,2.69,-0.70,-20.6%,DOWN,86%,
227455465228,RBLOT-073026-00022-46528,2026 Bowman Mega Box MUNETAKA MURAKAMI #9 Mojo Refractor RC White Sox,10.99,8.69,-2.30,-20.9%,DOWN,90%,
227455465304,RBLOT-073026-00014-70192,2026 Bowman Mega Box CHASE BURNS #3 Mojo Refractor RC Reds,3.99,1.99,-2.00,-50.1%,DOWN,86%,
227455465381,RBLOT-073026-00020-99749,2026 Bowman ERIC HARTMAN #BCP-102 X-Fractor 1st Prospect Braves,13.99,11.59,-2.40,-17.2%,DOWN,68%,
227455465399,RBLOT-073026-00005-16096,2026 Topps Tier One JULIO RODRIGUEZ #47 Bronze Foil Mariners,5.49,6.29,+0.80,+14.6%,UP,100%,
227455465472,RBLOT-073026-00001-15056,2026 Bowman JACOB MISIOROWSKI #BST-13 RC Brewers,4.79,4.19,-0.60,-12.5%,DOWN,84%,
227455465476,RBLOT-073026-00017-74427,2026 Bowman Mega Box SHOHEI OHTANI #52 Mojo Refractor Dodgers,10.99,9.09,-1.90,-17.3%,DOWN,65%,
227455465500,RBLOT-073026-00012-96963,2026 Bowman Mega Box ROMAN ANTHONY #BST-12 Mojo Refractor Red Sox,2.49,3.19,+0.70,+28.1%,UP,64%,
227455465588,RBLOT-073026-00003-62471,2025 Topps Inception MICK ABEL #75 RC Twins,2.49,1.99,-0.50,-20.1%,DOWN,87%,
227455465601,RBLOT-073026-00018-78598,2026 Bowman Mega Box JACOB MISIOROWSKI #35 Mojo Refractor RC Brewers,9.99,6.59,-3.40,-34.0%,DOWN,89%,
227455465619,RBLOT-073026-00011-25725,2026 Bowman Mega Box CHASE BURNS #BST-10 Mojo Refractor Reds,2.49,2.19,-0.30,-12.0%,DOWN,68%,
227455465680,RBLOT-073026-00009-32274,2026 Bowman Mega Box JJ WETHERHOLT #BCP-115 Mojo Refractor Cardinals,2.49,2.89,+0.40,+16.1%,UP,88%,
227455465693,RBLOT-073026-00007-24903,2026 BOWMAN MEGA BOX EDWARD FLORENTINO #BCP-82 MOJO REFRACTOR 1ST PROSPECT,2.99,2.99,+0.00,+0.0%,NO CHANGE,88%,
227455465700,RBLOT-073026-00002-29424,2025 Topps Inception RYAN BLISS #24 RC Mariners,2.49,2.19,-0.30,-12.0%,DOWN,85%,
227455465761,RBLOT-073026-00024-99349,2026 Bowman Mega Box CAM SCHLITTLER #53 Mojo Refractor RC Yankees,4.69,4.39,-0.30,-6.4%,DOWN,86%,
227455465805,RBLOT-073026-00015-33913,2026 Bowman DANIEL PIERCE #BP-77 Sky Blue Border /499 1st Prospect Rays,10.99,6.19,-4.80,-43.7%,DOWN,88%,
227455465848,RBLOT-073026-00006-09209,2025 Topps Inception JAMES WOOD #31 RC Nationals,6.09,6.09,+0.00,+0.0%,NO CHANGE,85%,
227455465869,RBLOT-073026-00013-69829,2026 Bowman Mega Box KEVIN MCGONIGLE #BCP-145 Mojo Refractor Tigers,2.89,3.29,+0.40,+13.8%,UP,68%,
227455465883,RBLOT-073026-00023-35576,2026 Bowman DANIEL PIERCE #BP-77 Fuchsia Border /299 1st Prospect Rays,4.49,4.69,+0.20,+4.5%,UP,100%,
227455555845,SocBox-073026-00024-94572,2026 PANINI PRIZM WORLD CUP KHOZHIAKBAR ALIZHONOV WAVE UZBEKISTAN NT,2.49,3.39,+0.90,+36.1%,UP,100%,
227455555946,SocBox-073026-00025-65195,2026 PANINI PRIZM WORLD CUP MALICK FOFANA FLUORESCENT BLUE WAVE /225 BELGIUM,2.49,3.39,+0.90,+36.1%,UP,100%,
227455555950,SocBox-073026-00020-09020,2026 PANINI PRIZM WORLD CUP TAJON BUCHANAN WAVE CANADA,2.49,1.99,-0.50,-20.1%,DOWN,72%,
227455556020,SocBox-073026-00019-29515,2026 PANINI PRIZM WORLD CUP NGAL'AYEL MUKAU WAVE COD,5.99,6.79,+0.80,+13.4%,UP,100%,
227455556021,SocBox-073026-00027-46462,2026 PANINI PRIZM WORLD CUP AYOUB EL KAABI WAVE RC MOROCCO,2.49,1.99,-0.50,-20.1%,DOWN,83%,
227455556079,SocBox-073026-00004-53822,2026 PANINI PRIZM WORLD CUP MARCUS RASHFORD SCORERS CLUB ENGLAND,2.49,1.99,-0.50,-20.1%,DOWN,79%,
227455556088,SocBox-073026-00005-72185,2026 PANINI PRIZM WORLD CUP LUKA VUSKOVIC WAVE RC CROATIA,2.49,2.69,+0.20,+8.0%,UP,84%,
227455556117,SocBox-073026-00014-00661,2026 PANINI PRIZM WORLD CUP KEVIN PINA WAVE CPV,2.49,3.39,+0.90,+36.1%,UP,100%,
227455556130,SocBox-073026-00002-81040,2026 PANINI PRIZM WORLD CUP BRADLEY BARCOLA SCREAMERS SILVER FRANCE,2.49,2.19,-0.30,-12.0%,DOWN,85%,
227455556172,SocBox-073026-00011-66305,2026 PANINI PRIZM WORLD CUP PAU CUBARSI NEW ERA SPAIN,2.49,1.99,-0.50,-20.1%,DOWN,87%,
227455556218,SocBox-073026-00021-70734,2026 PANINI PRIZM WORLD CUP KYLIAN MBAPPE WAVE FRANCE,9.99,3.19,-6.80,-68.1%,DOWN,68%,
227455556231,SocBox-073026-00016-26893,2026 PANINI PRIZM WORLD CUP PELE BRAZIL,2.49,1.99,-0.50,-20.1%,DOWN,63%,
227455556238,SocBox-073026-00009-98120,2026 PANINI PRIZM WORLD CUP MUSAB AL-JUWAYR WAVE SAUDI ARABIA NT,2.49,3.39,+0.90,+36.1%,UP,100%,
227455556303,SocBox-073026-00013-58610,2026 PANINI PRIZM WORLD CUP KEREM AKTURKOGLU FUCHSIA WAVE /65 TURKEY,5.99,6.79,+0.80,+13.4%,UP,100%,
227455556320,SocBox-073026-00010-44772,2026 PANINI PRIZM WORLD CUP GABRIEL MARTINELLI PHENOMENON SILVER BRAZIL,2.49,1.99,-0.50,-20.1%,DOWN,87%,
227455556348,SocBox-073026-00017-84718,2026 PANINI PRIZM WORLD CUP LAMINE YAMAL SPAIN,5.99,1.99,-4.00,-66.8%,DOWN,64%,
227455556366,SocBox-073026-00008-01825,2026 PANINI PRIZM WORLD CUP MATHEW RYAN TROPHY HUNTING WAVE AUSTRALIA,2.49,1.99,-0.50,-20.1%,DOWN,77%,
227455556373,SocBox-073026-00022-91273,2026 PANINI PRIZM WORLD CUP DEAN HUIJSEN WAVE SPAIN,2.49,1.99,-0.50,-20.1%,DOWN,67%,
227455556388,SocBox-073026-00026-28557,2026 PANINI PRIZM WORLD CUP VIRGIL VAN DIJK TROPHY HUNTING SILVER NETHERLANDS,2.49,1.99,-0.50,-20.1%,DOWN,86%,
227455556401,SocBox-073026-00015-91870,2026 PANINI PRIZM WORLD CUP ALESSANDRO CIRCATI WAVE AUSTRALIA,3.99,1.99,-2.00,-50.1%,DOWN,85%,
227455556404,SocBox-073026-00023-87042,2026 PANINI PRIZM WORLD CUP EMMANUEL EMEGHA NEW ERA NETHERLANDS,4.00,1.99,-2.01,-50.2%,DOWN,86%,
227455556420,SocBox-073026-00018-31509,2026 PANINI PRIZM WORLD CUP IBRAHIM MAZA NEW ERA WAVE ALGERIA,5.99,2.69,-3.30,-55.1%,DOWN,67%,
227455556439,SocBox-073026-00003-17039,2026 PANINI PRIZM WORLD CUP LIBERATO CACACE WAVE NZL NT,2.49,3.39,+0.90,+36.1%,UP,100%,
227455556446,SocBox-073026-00028-09529,2026 PANINI PRIZM WORLD CUP HICHAM BOUDAOUI ALGERIA,2.99,1.99,-1.00,-33.4%,DOWN,64%,
227455556499,SocBox-073026-00001-81252,2026 PANINI PRIZM WORLD CUP HIROKI SEKINE WAVE RC JAPAN,2.49,1.99,-0.50,-20.1%,DOWN,70%,
227455556505,SocBox-073026-00006-67915,2026 PANINI PRIZM WORLD CUP KENDRY PAEZ WAVE ECU,5.99,6.79,+0.80,+13.4%,UP,100%,
227455556520,SocBox-073026-00012-33059,2026 PANINI PRIZM WORLD CUP SAEID EZATOLAHI WAVE IRAN,2.49,1.99,-0.50,-20.1%,DOWN,85%,
227459491116,RBLOT-073026-00054-06377,2026 PANINI PRIZM FIFA WORLD CUP LIONEL MESSI PHENOMENON SILVER Prizm ARGENTINA,12.99,3.89,-9.10,-70.1%,DOWN,68%,
227459491144,RBLOT-073026-00033-56981,2025 TOPPS UEFA CLUB COMPETITION FINEST ERLING HAALAND #FM-7 Soccer,4.50,5.29,+0.79,+17.6%,UP,100%,
227459491147,RBLOT-073026-00027-30544,2025-26 Bowman ADDISON DEAL #CPA-AE Chrome Auto 1st Prospect Hawkeyes,10.99,11.59,+0.60,+5.5%,UP,100%,
227459491342,RBLOT-073026-00038-14684,2025-26 Topps Hoops SPUD WEBB #D-7 Dunk-umentory Hawks,3.89,3.89,+0.00,+0.0%,NO CHANGE,81%,
227459491346,RBLOT-073026-00058-85556,2026 PANINI PRIZM FIFA WORLD CUP DAYOT UPAMECANO SCREAMERS WAVE Prizm FRANCE,3.99,1.99,-2.00,-50.1%,DOWN,87%,
227459491374,RBLOT-073026-00045-61071,2026 Bowman VICTOR FIGUEROA #BP-117 Neon Green Border /399 1st Prospect Orioles,4.99,5.79,+0.80,+16.0%,UP,100%,
227459491427,RBLOT-073026-00034-82367,2025-26 Topps Hoops THOMAS SORBER #HRS-TS Rookie Signatures RC Auto Thunder,9.99,7.09,-2.90,-29.0%,DOWN,88%,
227459491560,RBLOT-073026-00049-99543,2026 PANINI PRIZM FIFA WORLD CUP ALI MAJRASHI OLD GLORY /94 SAUDI ARABIA NT,3.49,4.39,+0.90,+25.8%,UP,100%,
227459491585,RBLOT-073026-00056-45187,2026 PANINI PRIZM FIFA WORLD CUP HARRY KANE SCORERS CLUB Silver Prizm ENGLAND,3.99,3.19,-0.80,-20.1%,DOWN,83%,
227459491600,RBLOT-073026-00044-66133,2026 Bowman ANDREW FISCHER #BCP-149 Reptilian Refractor 1st Prospect Brewers,6.99,7.69,+0.70,+10.0%,UP,100%,
227459491626,RBLOT-073026-00037-76973,2025-26 Topps Hoops DEJOUNTE MURRAY #231 Light Burst Purple /99 Pelicans,4.99,5.79,+0.80,+16.0%,UP,100%,
227459491647,RBLOT-073026-00048-34979,2026 PANINI PRIZM FIFA WORLD CUP MUSAB AL-JUWAYR PANDORA SAUDI ARABIA NT Soccer,2.49,2.39,-0.10,-4.0%,DOWN,100%,
227459491672,RBLOT-073026-00046-53194,2025 TOPPS CHROME UEFA CLUB COMPETITIONS JUDE BELLINGHAM #64 REFRACTOR Soccer,2.99,2.39,-0.60,-20.1%,DOWN,87%,
227459491690,RBLOT-073026-00059-99388,2026 PANINI PRIZM FIFA WORLD CUP LUKA VUSKOVIC NEW ERA WAVE Prizm CROATIA Soccer,2.69,1.99,-0.70,-26.0%,DOWN,86%,
227459491699,RBLOT-073026-00053-92116,2026 PANINI PRIZM FIFA WORLD CUP ERLING HAALAND SCREAMERS SILVER Prizm NORWAY,9.99,5.79,-4.20,-42.0%,DOWN,65%,
227459491729,RBLOT-073026-00043-15886,2026 Bowman Mega Box JAKOB MARSEE #86 Sky Blue Mojo Refractor /499 RC Marlins,2.49,2.39,-0.10,-4.0%,DOWN,100%,
227459491765,RBLOT-073026-00051-12162,2026 PANINI PRIZM FIFA WORLD CUP NICO WILLIAMS UNAI SIMON CONNECTIONS WAVE SPAIN,4.99,2.89,-2.10,-42.1%,DOWN,86%,
227459491789,RBLOT-073026-00036-90735,SHAI GILGEOUS-ALEXANDER 2025 Topps Hoops #FP-1 First Round NBA Basketball Card,7.99,8.69,+0.70,+8.8%,UP,100%,
227459491796,RBLOT-073026-00039-65798,2025-26 Topps Hoops SHAI GILGEOUS-ALEXANDER #H-2 Hoopers Thunder,4.19,3.59,-0.60,-14.3%,DOWN,88%,
227459491820,RBLOT_-_07-30-26-11623,2026 Bowman CARLOS VIRAHONDA #BCP-28 Purple Geo Refractor /250 1st Prospect RC,3.99,4.79,+0.80,+20.1%,UP,100%,
227459491889,RBLOT-073026-00052-34979,2026 PANINI PRIZM FIFA WORLD CUP ERLING HAALAND SCORERS CLUB WAVE Prizm NORWAY,18.99,3.89,-15.10,-79.5%,DOWN,70%,
227459491967,RBLOT-073026-00029-88716,ADDISON DEAL 🔥 2025 Bowman Chrome #BCP-50 Reptilian Refractor 1st Prospect RC,2.49,2.39,-0.10,-4.0%,DOWN,100%,
227459491969,RBLOT-073026-00026-48583,2025-26 Bowman JAYLON TYSON #BCV-173 Chrome Reptilian Refractor Cavaliers,2.49,1.99,-0.50,-20.1%,DOWN,100%,
227459491977,RBLOT-073026-00035-52808,2025-26 Topps Hoops JEREMIAH FEARS #BH-22 Bounce House RC Pelicans,3.99,4.59,+0.60,+15.0%,UP,81%,
227459492254,RBLOT-073026-00032-35406,2025-26 TOPPS UEFA CLUB COMPETITION FINEST ERLING HAALAND SHOWMEN MAN CITY,3.99,NO MATCH,,,NO PRICE,,
227459492289,RBLOT-073026-00040-95265,ADDISON DEAL 2025 Bowman #BCP-50 Speckle Refractor /299 1st Prospect,2.49,2.39,-0.10,-4.0%,DOWN,100%,
227459591585,VINCEFB-072026-00002-96316,2026 Bowman Cam Schlittler #53 SP Rookie Red Chrome Variation RC Yankees Pitcher,21.99,30.19,+8.20,+37.3%,UP,100%,
227459724348,CARDSHQBK-0001-00005-01729,2026 Bowman MAX CLARK #BST-5 Sterling Chrome Tigers,2.49,1.99,-0.50,-20.1%,DOWN,87%,
227460740309,RBLOT-073026-00031-01242,2026 PANINI PRIZM FIFA WORLD CUP ERLING HAALAND SCORERS CLUB SILVER Prizm NORWAY,11.99,3.19,-8.80,-73.4%,DOWN,83%,
227461084456,RBLOT-073026-00092-99502,2025-26 Topps Hoops YVES MISSI #HS-YM Signs Auto Pelicans,3.25,4.09,+0.84,+25.8%,UP,85%,
227461084433,RBLOT-073026-00082-50792,2022-23 Topps Chrome MLS COREY BAIRD Pink X Fractor Dynamo,2.49,2.39,-0.10,-4.0%,DOWN,100%,
227461084449,RBLOT-073026-00089-31625,2026 Bowman JORGE QUINTANA #BCP-93 Reptilian Refractor 1st Prospect Padres,2.49,2.39,-0.10,-4.0%,DOWN,100%,
227461084448,RBLOT-073026-00065-51405,2026 Panini Prizm World Cup EDSON ALVAREZ Global Reach Silver Mexico,2.59,2.39,-0.20,-7.7%,DOWN,85%,
227461084434,RBLOT-073026-00091-75264,2026 Bowman MAREK HOUSTON #BCP-16 Lazer Refractor 1st Prospect Twins,2.49,2.39,-0.10,-4.0%,DOWN,100%,
227461084436,RBLOT-073026-00085-96467,2026 Panini Prizm World Cup JOAQUIN PANICHELLI Wave Argentina,4.99,1.99,-3.00,-60.1%,DOWN,82%,
227461032647,RBLOT-073026-00070-93169,2026 Panini Prizm World Cup VINI JR. Screamers Wave Brazil,2.99,2.99,+0.00,+0.0%,NO CHANGE,83%,
227461084444,RBLOT-073026-00083-35342,2026 Panini Prizm World Cup GABRIEL MARTINELLI Fluorescent Blue Wave /225 Brazil,4.99,5.79,+0.80,+16.0%,UP,100%,
227461084441,RBLOT-073026-00084-40941,2026 Panini Prizm World Cup ANTONIO SILVA Fluorescent Blue Wave /225 Portugal,5.39,2.39,-3.00,-55.7%,DOWN,100%,
227461084457,RBLOT-073026-00090-82693,2026 BOWMAN MEGA BOX EDGAR MONTERO #BCP-139 MOJO REFRACTOR 1ST PROSPECT,2.49,1.99,-0.50,-20.1%,DOWN,83%,
227461084428,RBLOT-073026-00066-34542,2026 Panini Prizm FIFA World Cup MIKEL OYARZABAL Silver Prizm Spain Soccer,2.79,1.99,-0.80,-28.7%,DOWN,83%,
227461084429,RBLOT-073026-00087-21293,2026 Panini Prizm FIFA World Cup DANI OLMO Wave Prizm Spain Soccer,2.49,1.99,-0.50,-20.1%,DOWN,85%,
227461084430,RBLOT-073026-00073-54307,2026 Panini Prizm FIFA World Cup KARIM ADEYEMI Orange Wave Prizm /125 Germany,2.79,3.69,+0.90,+32.3%,UP,100%,
227461084431,RBLOT-073026-00069-14496,2026 Panini Prizm FIFA World Cup NICO WILLIAMS Wave Prizm Spain Soccer,2.49,1.99,-0.50,-20.1%,DOWN,83%,
227461084432,RBLOT-073026-00080-67561,2026 Panini Prizm World Cup CHANCEL MBEMBA Fluorescent Blue Wave Prizm /225 COD,2.49,3.39,+0.90,+36.1%,UP,100%,
227461084433,RBLOT-073026-00082-50792,2022-23 Topps Chrome MLS COREY BAIRD Pink X Fractor Dynamo Soccer,2.49,2.39,-0.10,-4.0%,DOWN,88%,
227461084434,RBLOT-073026-00091-75264,2026 Bowman Chrome MAREK HOUSTON #BCP-16 Lazer Refractor 1st Prospect RC Twins,2.49,2.79,+0.30,+12.0%,UP,87%,
227461084435,RBLOT-073026-00088-53105,2026 Panini Prizm FIFA World Cup GIANLUCA PRESTIANNI Wave Prizm Argentina Soccer,2.49,1.99,-0.50,-20.1%,DOWN,87%,
227461084436,RBLOT-073026-00085-96467,2026 Panini Prizm FIFA World Cup JOAQUIN PANICHELLI Wave Prizm Argentina Soccer,4.99,1.99,-3.00,-60.1%,DOWN,85%,
227461084437,RBLOT-073026-00062-29623,2026 Panini Prizm World Cup JULIAN ALVAREZ Scorers Club Silver Prizm Argentina,3.29,3.19,-0.10,-3.0%,DOWN,68%,
227461084438,RBLOT-073026-00078-48585,2026 Panini Prizm World Cup ALESSANDRO CIRCATI Orange Wave Prizm /125 Australia,6.29,7.09,+0.80,+12.7%,UP,100%,
227461084439,RBLOT-073026-00064-92607,2026 Panini Prizm FIFA World Cup UNAI SIMON Wave Prizm Spain Soccer,2.49,2.19,-0.30,-12.0%,DOWN,87%,
227461084440,RBLOT-073026-00072-69966,2026 Panini Prizm FIFA World Cup PEDRI Aces Wave Prizm Spain Soccer,2.79,2.69,-0.10,-3.6%,DOWN,83%,
227461084441,RBLOT-073026-00084-40941,2026 Panini Prizm World Cup ANTONIO SILVA Fluorescent Blue Wave /225 Portugal,5.39,2.39,-3.00,-55.7%,DOWN,100%,
227461084442,RBLOT-073026-00068-87650,2026 Panini Prizm FIFA World Cup JESUS RODRIGUEZ Wave Prizm RC Spain Soccer,2.49,2.39,-0.10,-4.0%,DOWN,84%,
227461084444,RBLOT-073026-00083-35342,2026 Panini Prizm World Cup GABRIEL MARTINELLI Fluorescent Blue Wave /225 Brazil,4.99,5.79,+0.80,+16.0%,UP,100%,
227461084446,RBLOT-073026-00075-79219,2026 PANINI PRIZM WORLD CUP ALESSANDRO CIRCATI #140 FLUORESCENT BLUE WAVE /225,4.89,5.69,+0.80,+16.4%,UP,100%,
227461084447,RBLOT-073026-00071-10967,2026 Panini Prizm FIFA World Cup PEDRI Aces Silver Prizm Spain Soccer,2.99,2.69,-0.30,-10.0%,DOWN,83%,
227461084448,RBLOT-073026-00065-51405,2026 Panini Prizm FIFA World Cup EDSON ALVAREZ Global Reach Silver Prizm Mexico,2.59,2.39,-0.20,-7.7%,DOWN,87%,
227461084449,RBLOT-073026-00089-31625,2026 Bowman Chrome JORGE QUINTANA #BCP-93 Reptilian Refractor 1st Prospect RC,2.49,3.39,+0.90,+36.1%,UP,100%,
227461084450,RBLOT-073026-00067-48539,2026 Panini Prizm FIFA World Cup YEREMY PINO Wave Prizm Spain Soccer,2.49,1.99,-0.50,-20.1%,DOWN,85%,
227461084451,RBLOT-073026-00086-68461,2026 Panini Prizm FIFA World Cup PAU CUBARSI Wave Prizm Spain Soccer,2.49,1.99,-0.50,-20.1%,DOWN,74%,
227461084452,RBLOT-073026-00077-94329,2026 Panini Prizm World Cup LEON GORETZKA Fluorescent Blue Wave /225 Germany,2.49,3.39,+0.90,+36.1%,UP,100%,
227461084453,RBLOT-073026-00076-31245,2026 Panini Prizm World Cup FRANCK KESSIE Fluorescent Blue Wave Prizm /225 CIV,6.29,7.09,+0.80,+12.7%,UP,100%,
227461084454,RBLOT-073026-00074-10050,2026 Panini Prizm World Cup TREZEGUET Fluorescent Blue Wave Prizm /225 Egypt,8.29,4.49,-3.80,-45.8%,DOWN,86%,
227461084456,RBLOT-073026-00092-99502,2025-26 Topps Hoops YVES MISSI #HS-YM Hoops Signs Auto RC New Orleans Pelicans,3.25,4.09,+0.84,+25.8%,UP,100%,
227461084457,RBLOT-073026-00090-82693,2026 Bowman Mega Box EDGAR MONTERO #BCP-139 Mojo Refractor 1st Prospect RC A's,2.49,3.39,+0.90,+36.1%,UP,100%,
227461084458,RBLOT-073026-00081-09874,2026 Panini Prizm World Cup JOSHUA KIMMICH Fluorescent Blue Wave /225 Germany,2.99,3.89,+0.90,+30.1%,UP,100%,
227461084459,RBLOT-073026-00093-42036,2025-26 Topps Hoops TRAE YOUNG #293 Rainbow Gold And Green Foil /199 All-Star,6.39,7.19,+0.80,+12.5%,UP,100%,
227462336906,FBrelist-080426-0001,LUKE MCCAFFREY 2024 Panini Absolute Star Gazing #SG-LMY RC Rookie Football,2.49,1.99,-0.50,-20.1%,DOWN,86%,
227462336911,FBrelist-080426-0002,MICHAEL PENIX JR. 2024 Panini Illusions #4 RC Falcons Rookie Football,2.99,1.99,-1.00,-33.4%,DOWN,85%,
227462336918,FBrelist-080426-0005,XAVIER WORTHY 2024 Topps Chrome Rookies #208 RC KC Chiefs Football,2.99,1.99,-1.00,-33.4%,DOWN,76%,
227462336921,FBrelist-080426-0006,2024 Topps Chrome MARVIN HARRISON JR. FINESSE RC Rookie #F-5 Cardinals Football,3.49,1.99,-1.50,-43.0%,DOWN,88%,
227462336925,FBrelist-080426-0007,ROME ODUNZE 2024 Panini Absolute Star Gazing #SG-ROE RC Bears Rookie Football,2.99,1.99,-1.00,-33.4%,DOWN,79%,
227462336930,FBrelist-080426-0011,ANTHONY RICHARDSON PREMIER LEVEL 2023 Panini Select #117 RC Colts Rookie,3.99,1.99,-2.00,-50.1%,DOWN,79%,
227462336931,FBrelist-080426-0004,ROME ODUNZE 2024 Panini Illusions #14 RC Bears Rookie Football,2.99,1.99,-1.00,-33.4%,DOWN,74%,
227462336932,FBrelist-080426-0013,2023 Panini MOSAIC Football Ja'Marr Chase card #43 Cincinnati Bengals,2.99,1.99,-1.00,-33.4%,DOWN,60%,
227462336933,FBrelist-080426-0003,KEON COLEMAN 2024 Panini Absolute #BS-KCN RC Bills By Storm Rookie Football,2.99,1.99,-1.00,-33.4%,DOWN,89%,
227462336935,FBrelist-080426-0016,BROCK PURDY 2024 Panini Mosaic #190 49ERS Football,3.49,NO MATCH,,,NO PRICE,59%,
227462336937,FBrelist-080426-0014,JALEN HURTS 2023 Panini Absolute #28 Philadelphia Eagles Football,2.99,1.99,-1.00,-33.4%,DOWN,66%,
227462336938,FBrelist-080426-0017,JOE BURROW 2023 Panini Donruss #57 Bengals Football,3.49,1.99,-1.50,-43.0%,DOWN,60%,
227462336939,FBrelist-080426-0009,PATRICK MAHOMES II 2024 Panini Absolute #50 Football,2.99,1.99,-1.00,-33.4%,DOWN,87%,
227462336943,FBrelist-080426-0018,2023 Panini MOSAIC - #244 Brian Robinson Jr. Base Washington Commanders Football,1.50,NO MATCH,,,NO PRICE,58%,
227462336944,FBrelist-080426-0010,2024 Prizm CADE STOVER Football Orange Cracked Ice Prizm Rookie RC Texans #318,4.99,2.29,-2.70,-54.1%,DOWN,85%,
227462336969,FBrelist-080426-0012,2024 Donruss Optic TREY BENSON Rated Rookie #293 Cardinals RC Football,2.99,1.99,-1.00,-33.4%,DOWN,88%,
227462336974,FBrelist-080426-0021,2022 Panini Select Draft PICKS - Concourse #5 Chris Olave RC Buckeyes - Saints,1.99,1.99,+0.00,+0.0%,NO CHANGE,86%,
227462336985,FBrelist-080426-0015,2021 Select #31 Deebo Samuel 49ers RC Rookie Football,1.49,1.99,+0.50,+33.6%,UP,63%,
227462337005,FBrelist-080426-0023,2024 Topps Finest KEON COLEMAN Rookie Card Buffalo Bills #92 RC Football,2.99,1.99,-1.00,-33.4%,DOWN,72%,
227462337014,FBrelist-080426-0025,CONCOURSE TREVOR LAWRENCE 2024 Panini Select Silver #98 Silver Prizm Jaguars,3.99,1.99,-2.00,-50.1%,DOWN,76%,
227462337016,FBrelist-080426-0008,2024 Bowman Chrome U University Football PICK COMPLETE YOUR SET Pink Lava,3.49,1.99,-1.50,-43.0%,DOWN,81%,
227462337039,FBrelist-080426-0019,MOSIAC JOSH ALLEN 2024 Panini #22 Bills Football,2.99,NO MATCH,,,NO PRICE,59%,
227462337075,FBrelist-080426-0020,MOSIAC JORDAN LOVE PACKERS 2023 Panini #83 Football,3.49,2.69,-0.80,-22.9%,DOWN,68%,
227462337089,FBrelist-080426-0031,2023 Panini MOSAIC - Lamar Jackson #13 Ravens Football,3.49,1.99,-1.50,-43.0%,DOWN,87%,
227462337090,FBrelist-080426-0024,2024 Donruss Optic Rated Rookie DALLAS TURNER NEGATIVE Auto /325 #224 Vikings RC,31.09,39.09,+8.00,+25.7%,UP,100%,
227462337095,FBrelist-080426-0034,2022 Panini Select JOSH ALLEN Blue #100 Bills Football,1.99,1.99,+0.00,+0.0%,NO CHANGE,84%,
227462337098,FBrelist-080426-0030,2023 Panini MOSAIC - Keyshawn Johnson #81 Green Mosaic Prizm Jets Football,2.99,1.99,-1.00,-33.4%,DOWN,63%,
227462337101,FBrelist-080426-0026,2023 Panini Select Draft PICKS - Concourse Josh Allen #27 Blue Bills Football,1.49,1.99,+0.50,+33.6%,UP,86%,
227462337104,FBrelist-080426-0022,2024 Panini Donruss - RETRO 1994 Brock Bowers #29 RC Raiders Rookie Football,2.99,1.99,-1.00,-33.4%,DOWN,74%,
227462337111,FBrelist-080426-0028,JOE ALT 2024 Panini Absolute Rookies #105 Red white Blue RC Chargers Football,2.99,2.89,-0.10,-3.3%,DOWN,85%,
227462337113,FBrelist-080426-0032,ASHTON JEANTY 2024 Bowman University Chrome #17 RC Raiders Boise State Football,5.99,4.19,-1.80,-30.1%,DOWN,78%,
227462337115,FBrelist-080426-0035,2023 Panini MOSAIC - Amari Cooper #50 Browns Football,2.99,1.99,-1.00,-33.4%,DOWN,66%,
227462337116,FBrelist-080426-0033,CONCOURSE TUA TAGOVAILOA 2022 Panini Select #94 Dolphins Football,3.49,NO MATCH,,,NO PRICE,59%,
227462337121,FBrelist-080426-0029,2024 Panini MOSAIC - Bijan Robinson #9 Falcons Football,2.99,1.99,-1.00,-33.4%,DOWN,66%,
227462337126,FBrelist-080426-0027,2023 Panini MOSAIC - National Pride Lamar Jackson #260 Ravens Football,2.99,1.99,-1.00,-33.4%,DOWN,86%,
227462337133,FBrelist-080426-0040,FRANK GORE JR. 2024 Topps Finest Common #81 RC Bills Rookie Football,2.99,1.99,-1.00,-33.4%,DOWN,77%,
227462337135,FBrelist-080426-0036,ZAY FLOWERS 2024 Panini Mosaic #17 Ravens Football,2.99,NO MATCH,,,NO PRICE,58%,
227462337155,FBrelist-080426-0042,2024 Bowman Chrome University Football #182 Will Howard Ohio State Buckeyes,1.99,1.99,+0.00,+0.0%,NO CHANGE,64%,
227462337157,FBrelist-080426-0039,LADD MCCONKEY 2024 Panini Absolute Rookies #134 RC Chargers Football,2.99,1.99,-1.00,-33.4%,DOWN,68%,
227462337158,FBrelist-080426-0037,JA'MARR CHASE 2023 Panini Absolute #85 Bengals Football,3.49,NO MATCH,,,NO PRICE,57%,
227462337166,FBrelist-080426-0041,JAWHAR JORDAN 2024 Panini Prizm Rookies #346 RC Texans Football,2.99,NO MATCH,,,NO PRICE,57%,
227462337169,FBrelist-080426-0047,CHRISTIAN KIRK 2024 Panini Prizm Green Cracked Ice #131 Jaguars Football,2.99,3.89,+0.90,+30.1%,UP,100%,
227462337172,FBrelist-080426-0044,DAVID MONTGOMERY 2024 Panini Prizm #94 Lazer Prizm Lions Football,3.49,1.99,-1.50,-43.0%,DOWN,67%,
227462337178,FBrelist-080426-0048,LAIATU LATU FOOTBALL 2024 Panini Prizm #5 PRIZMATIC GREEN ICE COLTS RC ROOKIE,3.49,1.99,-1.50,-43.0%,DOWN,76%,
227462337179,FBrelist-080426-0052,ROBBY RAY 2025 Topps Series 2 #459 Gold Parallel #0651/2025 Giants Football,3.99,4.79,+0.80,+20.1%,UP,100%,
227462337180,FBrelist-080426-0049,MAXX CROSBY 2024 Panini Contenders Season Ticket Las Vegas Raiders NFL #52,2.99,1.99,-1.00,-33.4%,DOWN,80%,
227462337191,FBrelist-080426-0045,CHRIS OLAVE 2024 Panini Prizm #206 Black & White Checker Prizm Saints Football,4.99,1.99,-3.00,-60.1%,DOWN,71%,
227462337207,FBrelist-080426-0057,2025 Bowman #BP-53 Jacob Bresnahan Prospects Giants Baseball,1.49,1.99,+0.50,+33.6%,UP,60%,
227462337209,FBrelist-080426-0056,2023 Panini MOSAIC #13 Lamar Jackson Ravens Football,1.99,1.99,+0.00,+0.0%,NO CHANGE,87%,
227462337211,FBrelist-080426-0059,2024 Panini Prizm #89 John Elway Broncos Silver Prizm Football,1.49,NO MATCH,,,NO PRICE,58%,
227462337215,FBrelist-080426-0050,DEVONTEZ WALKER 2024 Panini Prizm Rookies #328 RC Ravens Football,2.99,1.99,-1.00,-33.4%,DOWN,60%,
227462337221,FBrelist-080426-0060,2023 Donruss Optic #CR-TT Tua Tagovailoa Chain Reaction Dolphins Football,2.99,1.99,-1.00,-33.4%,DOWN,86%,
227462337223,FBrelist-080426-0061,2023 Prestige LAMAR JACKSON XTRA POINTS Purple #/99 #24 Ravens Football,9.29,9.99,+0.70,+7.5%,UP,100%,
227462337226,FBrelist-080426-0053,BRENDEN RICE 2024 Panini Prizm Rookies #313 RC Chargers Football,2.99,NO MATCH,,,NO PRICE,59%,
227462337234,FBrelist-080426-0062,LADD MCCONKEY 2024 Panini Donruss Rated Rookie #328 RC chargers Football,3.49,1.99,-1.50,-43.0%,DOWN,68%,
227462337235,FBrelist-080426-0063,2024 Topps Bowman U Chrome Football CAM WARD Base #38 Miami Hurricanes,4.99,2.49,-2.50,-50.1%,DOWN,85%,
227462337241,FBrelist-080426-0054,2024 Topps Finest #288 Audric Estime Broncos Football,1.99,2.19,+0.20,+10.1%,UP,62%,
227462337247,FBrelist-080426-0055,2024 Panini Prizm #295 LaVar Arrington commanders Football,1.99,NO MATCH,,,NO PRICE,57%,
227462337251,FBrelist-080426-0058,2024 Donruss Optic #268 Luke McCaffrey Commanders RC Rookie Football,2.99,1.99,-1.00,-33.4%,DOWN,66%,
227462337252,FBrelist-080426-0065,2024 Panini CLEARLY Donruss Xavier Legette #16 Base The Rookies Panthers RC,2.99,3.89,+0.90,+30.1%,UP,100%,
227462337254,FBrelist-080426-0066,2024 Select XAVIER LEGETTE Rookie Swatches Prizm #RS-XLE RC /125 Patch Panthers,9.79,10.49,+0.70,+7.2%,UP,100%,
227462337267,FBrelist-080426-0069,BLAKE CORUM 2024 Panini Select #9 Rams Football,2.99,1.99,-1.00,-33.4%,DOWN,68%,
227462337268,FBrelist-080426-0070,JAYDEN DANIELS 2024 Panini Select #4 Commanders Football,3.99,1.99,-2.00,-50.1%,DOWN,63%,
