TransactionType,Description,GrossAmount,Fees,NetAmount,TransactionDate,RunningBalance
Sale,2024-25 Select Stephon Castle Premier RC Blue Cracked Ice Prizm #175 PSA 10,$75.00,$10.74,$64.26,01/28/2026 02:23:52 +00:00,$64.26
Sale,2025 Absolute Travis Hunter Rookie Premiere Jumbo Patch RC Auto #/99 Jaguars,$89.00,$12.56,$76.44,01/28/2026 02:39:09 +00:00,$140.70
Sale,2023 Topps Composite Ricky Williams Chrome Auto Orange Refractor #/25 Dolphins,$41.00,$6.32,$34.68,01/28/2026 04:09:45 +00:00,$175.38
Sale,2024-25 Select Stephon Castle Concourse RC Disco Prizm #72 Spurs PSA 9,$26.36,$4.42,$21.94,01/28/2026 04:09:52 +00:00,$197.32
Sale,2025 Topps Tier One Spencer Strider Prime Performers Auto #/199 Braves,$23.50,$5.22,$18.28,01/28/2026 04:23:47 +00:00,$215.60
Sale,2025-26 Topps Ben Sheppard 1980-81 Auto Orange Rainbow #/25 Pacers,$8.73,$2.74,$5.99,01/28/2026 14:49:41 +00:00,$221.59
Sale,2025 Panini Score Cam Skattebo Rookies RC Signatures Rookie Auto #1 Giants,$45.00,$6.84,$38.16,01/29/2026 07:00:16 +00:00,$259.75
Sale,2024 Topps Allen & Ginter Juan Soto In Action Variations #IA-26 Yankees PSA 9,$10.50,$2.88,$7.62,01/29/2026 12:33:00 +00:00,$267.37
Payout,Requested payout via ACH,-$267.37,$0.00,-$267.37,01/29/2026 14:47:57 +00:00,$0.00
Sale,2024 Zenith Ricky Pearsall Contenders Optic Rookie Ticket Preview Blue Auto #/24,$51.00,$7.62,$43.38,01/30/2026 11:00:23 +00:00,$43.38
Sale,2025 Topps Holiday Tarik Skubal Red Metallic #H74 Tigers,$16.81,$4.02,$12.79,01/31/2026 15:46:56 +00:00,$56.17
Sale,2024 Bowman Chrome Moises Ballesteros Prospect Auto Mega Box Refractor #BMA-MB,$20.50,$4.68,$15.82,02/01/2026 05:03:17 +00:00,$71.99
Sale,2024 Contenders Brian Thomas Jr. Rookie Ticket RPS Auto RC Playoff #/149 Jaguars,$37.00,$5.80,$31.20,02/01/2026 22:00:27 +00:00,$103.19
Payout,Requested payout via ACH,-$103.19,$0.00,-$103.19,02/04/2026 16:04:41 +00:00,$0.00
Sale,2025 Topps Cosmic Chrome Pete Crow-Armstrong Planetary Pursuit Mercury #PPM-9,$107.50,$14.96,$92.54,03/22/2026 01:45:35 +00:00,$92.54
Sale,2023-24 Panini Donruss Optic Scotty Pippen Jr. Signature Series Gold Auto #/10,$21.50,$4.86,$16.64,03/22/2026 02:00:11 +00:00,$109.18
Sale,2025 Topps Cosmic Chrome Marcelo Mayer Planetary Pursuit RC Sun #PPS-10 Red Sox,$20.51,$4.68,$15.83,03/22/2026 02:16:13 +00:00,$125.01
Sale,2025 Topps Pro Debut Dante Nori Chrome Auto Black Refractor #/10,$187.50,$25.36,$162.14,03/22/2026 02:16:14 +00:00,$287.15
Sale,2025 Topps Jacob Wilson RC Orange Diamante Rookie #/25 Athletics PSA 9,$56.00,$8.27,$47.73,03/22/2026 02:26:25 +00:00,$334.88
Sale,2025-26 Topps Chrome VJ Edgecombe RC Negative Refractor Rookie #253 76ers,$100.00,$13.99,$86.01,03/22/2026 03:45:08 +00:00,$420.89
Sale,2020-21 Panini Clearly Donruss Trae Young Retro Rated Rookie 2018 19 #8 PSA 10,$22.50,$5.04,$17.46,03/22/2026 18:45:50 +00:00,$438.35
Payout,Requested payout via ACH,-$438.35,$0.00,-$438.35,03/23/2026 11:47:45 +00:00,$0.00
Sale,2025 Topps Cosmic Chrome Roki Sasaki Planetary Pursuit RC Sun #PPS-6 Dodgers,$32.00,$5.15,$26.85,03/25/2026 20:30:31 +00:00,$26.85
Payout,Requested payout via ACH,-$26.85,$0.00,-$26.85,03/26/2026 15:59:44 +00:00,$0.00
Sale,2024 Topps Update Jim Abbott 1989 Auto #89BA2-JA Angels,$16.50,$3.96,$12.54,03/30/2026 01:04:48 +00:00,$12.54
Sale,2025 Bowman Chrome Shotaro Morii Blue Refractor 1st Prospect #/150 Athletics,$68.00,$9.83,$58.17,03/30/2026 01:15:46 +00:00,$70.71
Sale,2025 Bowman Draft JB Middleton Chrome Auto Gold Shimmer Refractor 1st #/50,$36.09,$5.68,$30.41,03/30/2026 01:16:08 +00:00,$101.12
Sale,2025 Topps Pro Debut Pablo Guerrero Chrome Auto Orange Refractor #/25,$7.16,$2.42,$4.74,03/30/2026 01:31:11 +00:00,$105.86
Sale,2024 Panini Flawless Rhett Lowder Draft Patch Auto Gold #/10 Reds,$91.00,$12.82,$78.18,03/30/2026 01:37:43 +00:00,$184.04
Sale,2025 Topps Pristine Yoshinobu Yamamoto Aqua Refractor #/199 Dodgers,$23.50,$5.22,$18.28,03/30/2026 01:53:37 +00:00,$202.32
Sale,2026 Topps Dominic Canzone Orange Sandglitter #/25 Mariners,$12.11,$3.17,$8.94,03/30/2026 02:21:23 +00:00,$211.26
Sale,2025 Topps Cosmic Chrome Jose Altuve Auto Gold Interstellar Refractor #/50,$102.50,$14.31,$88.19,03/30/2026 02:46:14 +00:00,$299.45
Sale,2025 Bowman Draft Sapphire Max Belyeu Chrome Auto Green Refractor 1st #/99,$59.00,$8.66,$50.34,03/30/2026 02:50:12 +00:00,$349.79
Sale,2025 Bowman Draft Kade Anderson In Action Gold Refractor #/50 Mariners,$34.00,$5.41,$28.59,03/30/2026 03:45:18 +00:00,$378.38
Sale,2025 Bowman Chrome Mega Box Cris Rodriguez Auto Refractor 1st #BMA-CR,$40.00,$6.19,$33.81,03/30/2026 04:00:12 +00:00,$412.19
Sale,2025 Topps Jose Altuve Wood #/25 Astros,$178.50,$24.19,$154.31,03/30/2026 04:34:14 +00:00,$566.50
Sale,2025 Topps Hyeseong Kim Real One Auto RC Green Foil #/99 Dodgers,$87.00,$12.30,$74.70,03/30/2026 06:19:12 +00:00,$641.20
Payout,Requested payout via ACH,-$641.20,$0.00,-$641.20,03/30/2026 15:53:19 +00:00,$0.00
Sale,2025 Bowman Draft Miguel Sime Jr. Chrome Auto Green Refractor 1st #/99 Nationals,$100.00,$13.99,$86.01,03/31/2026 00:25:28 +00:00,$86.01
Sale,2025 Bowman Draft Eli Willits Chrome Aqua Reptilian Refractor 1st #/125,$41.00,$6.32,$34.68,03/31/2026 00:25:30 +00:00,$120.69
Sale,2025 Topps Update Nick Kurtz RC Gold Border Rookie #/2025 Athletics,$69.69,$10.05,$59.64,03/31/2026 02:17:14 +00:00,$180.33
Sale,2025-26 Topps Midnight Tyrese Haliburton Insomnia #/12 Pacers,$42.00,$6.45,$35.55,04/01/2026 01:01:44 +00:00,$215.88
Sale,2025-26 Topps Chrome Victor Wembanyama Negative Refractor #221 Spurs,$89.00,$12.56,$76.44,04/01/2026 02:02:16 +00:00,$292.32
Sale,2025 Bowman Draft Kyson Witherspoon Chrome Auto 1st Prospect #CPA-KW Red Sox,$36.17,$5.69,$30.48,04/01/2026 02:07:19 +00:00,$322.80
Sale,2024 Panini Donruss Optic Drake Maye Blue Hyper Rated Rookie #229 Patriots PSA 9,$61.00,$8.92,$52.08,04/01/2026 02:16:27 +00:00,$374.88
Sale,2025-26 Topps Chrome Cooper Flagg RC Rookie #251 Mavericks,$27.75,$4.60,$23.15,04/01/2026 03:12:27 +00:00,$398.03
Sale,2024 Topps Inception Matt Olson Short Prints Alpha #124 Braves,$12.22,$3.19,$9.03,04/01/2026 04:00:13 +00:00,$407.06
Sale,2025 Topps Cosmic Chrome Kristian Campbell Launched Into Orbit RC Orange #/25,$28.00,$4.63,$23.37,04/01/2026 04:31:21 +00:00,$430.43
Sale,2025 Topps Cosmic Chrome Alex Bregman Launched Into Orbit Orange Refractor #/25,$28.00,$4.63,$23.37,04/01/2026 11:20:34 +00:00,$453.80
Sale,2025 Bowman Draft Kade Anderson Chrome Sky Blue Refractor 1st #BDC-3 Mariners,$13.02,$3.33,$9.69,04/01/2026 13:16:05 +00:00,$463.49
Sale,2025-26 Topps Chrome Cooper Flagg Activators RC Refractor #AC-11 Mavericks,$23.50,$5.22,$18.28,04/01/2026 13:34:35 +00:00,$481.77
Sale,2023-24 Panini Prizm Draft Picks Victor Wembanyama RC Silver Rookie #2 USA,$37.99,$5.93,$32.06,04/01/2026 13:34:37 +00:00,$513.83
Sale,2018 Topps Diamond Icons Ivan Rodriguez Jersey Auto Red #/5,$94.00,$13.21,$80.79,04/01/2026 15:00:06 +00:00,$594.62
Sale,2023 Panini Black Christian Gonzalez RC Sapphire Rookie #/35 Patriots,$13.50,$3.42,$10.08,04/01/2026 15:21:51 +00:00,$604.70
Payout,Requested payout via ACH,-$604.70,$0.00,-$604.70,04/01/2026 15:39:50 +00:00,$0.00
Sale,2025 Bowman Draft Griffin Hugus Chrome Auto Aqua Lava Refractor 1st #/199,$14.50,$3.60,$10.90,04/02/2026 00:30:06 +00:00,$10.90
Sale,2025 Topps Cosmic Chrome Alex Bregman Gold Interstellar Refractor #/50 Red Sox,$13.50,$3.42,$10.08,04/02/2026 01:46:57 +00:00,$20.98
Sale,2025 Bowman Draft Tim Piasentin Chrome Auto HTA Choice Refractor 1st #/150,$27.00,$4.50,$22.50,04/03/2026 03:00:27 +00:00,$43.48
Sale,2025 Topps Cosmic Chrome Kristian Campbell RC Purple Nebula Refractor #/150,$8.50,$2.69,$5.81,04/04/2026 22:00:15 +00:00,$49.29
Sale,2025-26 Topps Finest Cooper Flagg Common RC Rookie #1 Mavericks,$22.50,$5.04,$17.46,04/06/2026 01:01:32 +00:00,$66.75
Sale,2025-26 Topps Midnight Joan Beringer Sun RC Moonrise Auto #/25 Rookie,$39.00,$6.06,$32.94,04/06/2026 02:05:38 +00:00,$99.69
Sale,2025 Bowman Draft Dominick Reid Chrome Orange Geometric Refractor 1st #/25 Cubs,$10.02,$2.79,$7.23,04/06/2026 02:06:36 +00:00,$106.92
Sale,2025 Panini Prizm Draft Picks Eric Dickerson Silver #193 Mustangs CGC 10,$11.50,$3.06,$8.44,04/06/2026 06:46:02 +00:00,$115.36
Sale,2024-25 Panini Mosaic Ausar Thompson White Mosaic #/25 Pistons,$13.50,$3.42,$10.08,04/07/2026 00:15:59 +00:00,$125.44
Payout,Requested payout via ACH,-$125.44,$0.00,-$125.44,04/07/2026 15:48:07 +00:00,$0.00
Sale,2023-24 Panini Donruss Amen Thompson Rated Rookie Choice RC Auto #253 Rockets,$69.02,$9.96,$59.06,04/17/2026 01:15:17 +00:00,$59.06
Payout,Requested payout via ACH,-$59.06,$0.00,-$59.06,04/17/2026 01:20:13 +00:00,$0.00
Sale,2025-26 Topps Finest Kon Knueppel First RC X-Fractor Rookie #F-4 Hornets,$52.00,$7.75,$44.25,04/19/2026 00:45:12 +00:00,$44.25
Sale,2025 Bowman Draft JJ Wetherholt Chrome Yellow Geometric Refractor #/75 Cardinals,$49.00,$7.36,$41.64,04/19/2026 00:56:57 +00:00,$85.89
Sale,2025 Bowman Chrome Rainiel Rodriguez Purple Geometric Refractor 1st #/250 PSA 10,$89.00,$12.56,$76.44,04/19/2026 01:43:18 +00:00,$162.33
Sale,2021 Topps Sterling Yordan Alvarez Swings Jersey Auto #/25 Astros,$71.00,$10.22,$60.78,04/19/2026 01:45:46 +00:00,$223.11
Sale,2025 Bowman Draft JoJo Parker Chrome Purple Geometric Refractor 1st #/250,$40.00,$6.19,$33.81,04/19/2026 02:01:33 +00:00,$256.92
Sale,2025 Bowman Draft Ethan Conrad Green Border 1st Prospect #/99 Cubs,$15.50,$3.78,$11.72,04/19/2026 02:05:05 +00:00,$268.64
Sale,2025 Bowman Draft Nolan Sailors Chrome Auto 1st Prospect #CPA-NSA Royals,$12.50,$3.24,$9.26,04/19/2026 02:05:08 +00:00,$277.90
Sale,2025 Bowman Chrome Mega Box Jesus Made Prospects Pink Refractor #/199 PSA 10,$122.50,$16.91,$105.59,04/19/2026 15:00:37 +00:00,$383.49
Sale,2024 Topps Anthony Volpe Team Color Border Variation #180 Yankees,$8.51,$2.69,$5.82,04/19/2026 19:00:35 +00:00,$389.31
Sale,2025 Bowman's Best JJ Wetherholt Top Prospects Purple Lazer Refractor #/250,$12.51,$3.24,$9.27,04/20/2026 01:00:13 +00:00,$398.58
Sale,2025 Bowman Draft Jacob Reimer Chrome Yellow Geometric Refractor #/75 Mets,$3.76,$1.74,$2.02,04/20/2026 01:32:28 +00:00,$400.60
Sale,2025-26 Topps Chrome Cactus Jack x NBA All-Star Tyrese Proctor RC Black #/10,$42.00,$6.45,$35.55,04/20/2026 01:42:13 +00:00,$436.15
Payout,Requested payout via ACH,-$436.15,$0.00,-$436.15,04/20/2026 03:36:17 +00:00,$0.00
Sale,2025 Topps Cosmic Chrome Jose Altuve Aqua Equinox Refractor #/199 Astros,$6.50,$2.29,$4.21,04/20/2026 04:15:53 +00:00,$4.21
Sale,2025 Topps Cosmic Chrome Paul Skenes Stella Nova #SN-9 Pirates,$17.02,$4.05,$12.97,04/20/2026 10:49:15 +00:00,$17.18
Sale,2026 Topps Aaron Judge Purple Rainbow Foil #/250 Yankees,$20.50,$4.68,$15.82,04/21/2026 02:02:10 +00:00,$33.00
Sale,2025 Bowman Draft Felnin Celesten Chrome Yellow Reptilian Refractor #/75,$7.50,$2.49,$5.01,04/23/2026 15:45:11 +00:00,$38.01
Sale,2025 Topps Cosmic Chrome Pete Crow-Armstrong Planetary Pursuit Mercury #PPM-9,$63.50,$9.24,$54.26,04/24/2026 13:34:49 +00:00,$92.27
Sale,2025 Topps Update Aaron Judge Jazz Chisholm Jr. Holiday Jack O'Lantern #US85,$3.25,$1.64,$1.61,04/24/2026 13:57:39 +00:00,$93.88
Sale,2025-26 Topps Chrome Cactus Jack x NBA All-Star Franz Wagner Black #/10,$61.00,$8.92,$52.08,04/26/2026 02:10:22 +00:00,$145.96
Sale,2025 Topps Cosmic Chrome Cam Smith Ultraviolet Beam RC Green Refractor #/75,$20.50,$4.68,$15.82,04/26/2026 02:13:22 +00:00,$161.78
Payout,Requested payout via ACH,-$161.78,$0.00,-$161.78,04/26/2026 21:04:21 +00:00,$0.00
Sale,2025 Bowman Chrome Marcelo Mayer Auto RC Refractor #/499 Red Sox Rookie,$89.00,$12.56,$76.44,04/29/2026 01:00:52 +00:00,$76.44
Sale,2025 Topps Cosmic Chrome Marcelo Mayer Planetary Pursuit RC Sun #PPS-10 Red Sox,$30.00,$4.89,$25.11,04/29/2026 01:01:59 +00:00,$101.55
Sale,2025-26 Topps Finest Kon Knueppel Arrivals RC Rookie #A-4 Hornets,$7.50,$2.49,$5.01,04/29/2026 01:16:39 +00:00,$106.56
Sale,2025 Bowman's Best Billy Carlson Auto Purple Refractor #/75 White Sox,$26.00,$4.37,$21.63,04/29/2026 01:31:03 +00:00,$128.19
Sale,2025 Bowman Draft Andrew Salas Chrome Yellow Geometric Refractor #/75 Marlins,$10.59,$2.90,$7.69,04/29/2026 01:40:35 +00:00,$135.88
Sale,2026 Topps Julio Rodriguez 1991 Chrome Silver Pack Aqua Refractor #/199,$10.00,$2.79,$7.21,04/29/2026 01:44:07 +00:00,$143.09
Sale,2026 Topps Cam Schlittler RC Team Color Border Variation SP Rookie #111 Yankees,$52.00,$7.75,$44.25,04/29/2026 01:59:21 +00:00,$187.34
Sale,2025 Bowman's Best Liam Doyle Auto #B25-LDO Cardinals,$19.51,$4.50,$15.01,04/29/2026 03:18:36 +00:00,$202.35
Sale,2025 Bowman Draft Xavier Neyens In Action Green Refractor #/99 Astros,$4.01,$1.79,$2.22,04/29/2026 05:04:18 +00:00,$204.57
Sale,2026 Topps Ronald Acuna Jr. 1991 Chrome Silver Pack Orange Refractor #/25,$63.51,$9.25,$54.26,04/29/2026 05:10:59 +00:00,$258.83
Sale,2025 Bowman Draft Jamie Arnold In Action Green Refractor #/99 Athletics,$23.25,$5.17,$18.08,04/29/2026 12:16:00 +00:00,$276.91
Sale,2025 Bowman Draft Tim Piasentin Chrome Gold Geometric Refractor 1st #/50,$17.50,$4.14,$13.36,04/29/2026 15:42:45 +00:00,$290.27
Payout,Requested payout via ACH,-$290.27,$0.00,-$290.27,04/29/2026 18:04:42 +00:00,$0.00
ListingFee,2024-25 Panini Donruss Optic Amen Thompson Purple Prizm #169 Rockets,$0.00,$2.00,-$2.00,04/29/2026 23:53:49 +00:00,-$2.00
Sale,2024 Bowman Chrome Starlyn Nunez Reptilian Blue Refractor 1st #/150 Red Sox,$8.50,$2.69,$5.81,04/30/2026 00:01:36 +00:00,$3.81
ListingFee,2022-23 Panini Flux Tyrese Maxey #70 76ers,$0.00,$2.00,-$2.00,04/30/2026 00:09:46 +00:00,$1.81
ListingFee,2025 Panini Phoenix Jayden Daniels #8 Commanders,$0.00,$2.00,-$2.00,04/30/2026 00:25:56 +00:00,-$0.19
ListingFee,2025 Panini Mosaic Cam Skattebo Variation RC #271 Giants Rookie,$0.00,$2.00,-$2.00,04/30/2026 00:36:19 +00:00,-$2.19
Sale,2025-26 Topps Anthony Edwards Gold #/2025 Timberwolves,$7.50,$2.49,$5.01,04/30/2026 01:00:51 +00:00,$2.82
Sale,2025 Topps Cosmic Chrome Jacob deGrom Green Space Dust Refractor #/75 Rangers,$21.50,$4.86,$16.64,04/30/2026 01:01:19 +00:00,$19.46
Sale,2025 Bowman Draft Sapphire JJ Wetherholt Chrome #BDC-145 Cardinals,$9.00,$2.79,$6.21,04/30/2026 01:31:26 +00:00,$25.67
Sale,2025 Bowman Draft Dominick Reid Chrome Purple Refractor 1st Prospect #/250 Cubs,$5.50,$2.09,$3.41,04/30/2026 02:00:44 +00:00,$29.08
Sale,2025 Panini Mosaic Drake Maye Mosaic Prizm #28 Patriots,$2.00,$1.39,$0.61,04/30/2026 02:32:27 +00:00,$29.69
Sale,2026 Topps Roman Anthony Stars of MLB RC Rookie #SMLB-25 Red Sox,$0.99,$0.99,$0.00,04/30/2026 02:32:29 +00:00,$29.69
Sale,2025 Panini Mosaic Drake Maye International Games #258 Patriots,$0.99,$0.99,$0.00,04/30/2026 02:32:29 +00:00,$29.69
Sale,2025 Bowman Chrome Sapphire Elorky Rodriguez Yellow Refractor 1st #/75 Rangers,$11.50,$3.06,$8.44,04/30/2026 03:01:21 +00:00,$38.13
Sale,2025 Panini Mosaic Drake Maye Notoriety Green Prizm #3 Patriots,$2.24,$1.44,$0.80,04/30/2026 03:45:38 +00:00,$38.93
Sale,2024-25 Panini Mosaic Jaylen Brown Jam Masters Orange Ice Mosaic #/49 Celtics,$13.00,$3.33,$9.67,04/30/2026 12:46:58 +00:00,$48.60
Sale,2025 Bowman Draft Cameron Millar Chrome Purple Geometric Refractor 1st #/250,$2.51,$1.49,$1.02,04/30/2026 13:01:21 +00:00,$49.62
Sale,2025 Bowman Draft Mason McConnaughey Chrome Green Refractor 1st #/99 Rangers,$4.55,$1.90,$2.65,04/30/2026 13:01:22 +00:00,$52.27
Sale,2025 Bowman Draft Jake Munroe Chrome Auto 1st Prospect #CPA-JMU Angels,$5.51,$2.09,$3.42,04/30/2026 13:01:23 +00:00,$55.69
Sale,2025 Bowman Draft Yandel Ricardo Chrome Fuchsia Reptilian Refractor #/199 Royals,$1.55,$1.30,$0.25,04/30/2026 13:01:26 +00:00,$55.94
Sale,2025 Bowman Draft Walker Janek Chrome Aqua Wave Refractor #/125 Astros,$3.51,$1.69,$1.82,04/30/2026 13:01:26 +00:00,$57.76
Sale,2025 Bowman Jose Perdomo Chrome Fuchsia Refractor 1st Prospect #/199 Braves,$0.99,$0.99,$0.00,04/30/2026 13:01:31 +00:00,$57.76
Sale,2025 Bowman Draft Nolan Sailors Chrome Blue Refractor 1st Prospect #/150 Royals,$9.59,$2.91,$6.68,04/30/2026 14:15:38 +00:00,$64.44
Sale,2025 Bowman Draft Sapphire Liam Doyle Chrome 1st Prospect #BDC-12 Cardinals,$6.50,$2.29,$4.21,05/01/2026 02:00:47 +00:00,$68.65
Sale,2025 Bowman Draft Walker Janek Gold Border #/50 Astros,$3.85,$1.76,$2.09,05/01/2026 02:31:12 +00:00,$70.74
Sale,2025 Bowman's Best Kevin McGonigle Top Prospects Mini Diamond Refractor #/299,$26.00,$4.37,$21.63,05/01/2026 02:45:08 +00:00,$92.37
Sale,2025 Bowman's Best Cal Raleigh Yellow Refractor #/75 Mariners,$12.50,$3.24,$9.26,05/01/2026 02:45:09 +00:00,$101.63
Sale,2025 Topps Cosmic Chrome Jacob Wilson RC Nucleus Refractor Rookie #139 Athletics,$15.50,$3.78,$11.72,05/01/2026 13:46:38 +00:00,$113.35
Sale,2025 Bowman Mike Trout Mega Box Burgundy Refractor #/275 Angels,$4.76,$1.94,$2.82,05/01/2026 14:46:13 +00:00,$116.17
Sale,2025 Topps Chrome Update Nick Kurtz RC RayWave Refractor #USC178 Athletics,$10.00,$2.79,$7.21,05/01/2026 14:46:26 +00:00,$123.38
Sale,2026 Topps Jeff Bagwell 1991 Chrome Silver Pack Purple Refractor #/250,$2.26,$1.44,$0.82,05/01/2026 14:46:30 +00:00,$124.20
Sale,2024 Bowman Chrome Sapphire Christian Yelich Refractor Yellow #/75 Brewers,$3.51,$1.69,$1.82,05/01/2026 14:46:32 +00:00,$126.02
Sale,2023 Topps Chrome Christian Yelich Purple Refractor #/250 Brewers,$2.26,$1.44,$0.82,05/01/2026 14:46:40 +00:00,$126.84
Sale,2025 Bowman's Best Kevin McGonigle Top Prospects Blue X-Fractor #/150 Tigers,$36.15,$5.69,$30.46,05/02/2026 14:10:45 +00:00,$157.30
Sale,2025-26 Topps Draymond Green Purple Rainbow #/250 Warriors,$1.04,$1.04,$0.00,05/02/2026 15:12:06 +00:00,$157.30
Sale,2024-25 Topps Chrome Cam Spencer RC Magenta Speckle Refractor #/350 Grizzlies,$0.99,$0.99,$0.00,05/02/2026 15:12:09 +00:00,$157.30
Sale,2025 Bowman Draft Sapphire Ethan Frey Chrome 1st Prospect #BDC-67 Astros,$2.25,$1.44,$0.81,05/02/2026 16:13:35 +00:00,$158.11
Sale,2024 Bowman Draft Jonny Farmelo Chrome Green Refractor #/99 Mariners,$3.51,$1.69,$1.82,05/02/2026 16:13:35 +00:00,$159.93
Sale,2024 Panini Select Caleb Williams Premier RC Rookie #114 Bears,$1.25,$1.24,$0.01,05/03/2026 00:00:49 +00:00,$159.94
Sale,2024 Panini Select Drake Maye Concourse RC Rookie #27 Patriots,$1.76,$1.34,$0.42,05/03/2026 01:25:59 +00:00,$160.36
Sale,2024 Panini Select Drake Maye Premier RC Rookie #113 Patriots,$1.30,$1.25,$0.05,05/03/2026 11:17:02 +00:00,$160.41
Sale,2025 Bowman Draft Walker Janek Chrome Green Grass Refractor #/99 Astros,$5.50,$2.09,$3.41,05/03/2026 13:11:50 +00:00,$163.82
Sale,2023 Bowman Draft Kristian Campbell Aqua/Pink Gradient 1st #/199 Red Sox,$3.51,$1.69,$1.82,05/03/2026 15:00:17 +00:00,$165.64
Sale,2020-21 Panini Donruss Optic Luka Doncic #86 Mavericks,$0.99,$0.99,$0.00,05/03/2026 15:37:46 +00:00,$165.64
Payout,Requested payout via ACH,-$165.64,$0.00,-$165.64,05/03/2026 19:37:26 +00:00,$0.00
Sale,2025 Bowman Draft Andrew Salas Chrome Green Refractor #/99 Marlins,$3.01,$1.59,$1.42,05/04/2026 01:45:54 +00:00,$1.42
Sale,2026 Topps Roman Anthony Titans Of The Game RC Rookie #TOG-9 Red Sox,$3.25,$1.64,$1.61,05/04/2026 11:03:28 +00:00,$3.03
Sale,2025 Bowman Draft JoJo Parker Chrome Refractor 1st Prospect #BDC-8 Blue Jays,$7.50,$2.49,$5.01,05/04/2026 11:43:13 +00:00,$8.04
Sale,2025 Bowman Draft Ethan Frey Chrome Blue Refractor 1st Prospect #/150 Astros,$9.37,$2.86,$6.51,05/04/2026 15:15:39 +00:00,$14.55
Sale,2025 Bowman Draft Nolan Sailors Chrome Auto 1st Prospect #CPA-NSA Royals,$7.50,$2.49,$5.01,05/05/2026 02:08:16 +00:00,$19.56
Sale,2025 Bowman Chrome Zac Veen RC Orange Refractor Rookie #/25 Rockies,$17.50,$4.14,$13.36,05/05/2026 02:09:08 +00:00,$32.92
Sale,2023 Topps Composite Jim McMahon Chrome Blue Refractor #/150 Bears,$1.94,$1.38,$0.56,05/05/2026 02:14:15 +00:00,$33.48
Sale,2025 Bowman Draft Tommy White Sky Blue Border #/499 Athletics,$0.99,$0.99,$0.00,05/05/2026 02:15:50 +00:00,$33.48
Sale,2025-26 Topps Andrew Wiggins Gold #/2025 Heat,$0.99,$0.99,$0.00,05/05/2026 02:59:49 +00:00,$33.48
Sale,2025 Topps Update Eli White Orange Holo Foil #/25 Braves,$7.50,$2.49,$5.01,05/05/2026 11:46:12 +00:00,$38.49
Sale,2024-25 Panini Select Jared McCain Concourse RC Green Wave Prizm #/50 76ers,$16.51,$3.96,$12.55,05/06/2026 01:31:30 +00:00,$51.04
Sale,2025 Topps Cosmic Chrome James Wood Planetary Pursuit RC Mercury Rookie #PPM-7,$63.00,$9.18,$53.82,05/06/2026 02:15:37 +00:00,$104.86
Sale,2026 Topps Roman Anthony 1991 Chrome Silver Pack RC Refractor #91C-60,$16.50,$3.96,$12.54,05/06/2026 02:15:39 +00:00,$117.40
Payout,Requested payout via ACH,-$117.40,$0.00,-$117.40,05/06/2026 03:25:02 +00:00,$0.00
Sale,2025 Topps Allen & Ginter Jacob Wilson Mini RC Stained Glass #105 Athletics,$49.00,$7.36,$41.64,05/06/2026 05:15:55 +00:00,$41.64
Sale,2025 Panini Phoenix Bo Nix Paragon #14 Broncos,$1.25,$1.24,$0.01,05/07/2026 02:01:19 +00:00,$41.65
Sale,2026 Topps Mauricio Dubon Yellow Rainbow Foil #/399 Astros,$1.25,$1.24,$0.01,05/07/2026 02:13:17 +00:00,$41.66
Sale,2025 Panini Ohio State University Quinshon Judkins Trophy Hunting Holo #TH-7,$0.99,$0.99,$0.00,05/07/2026 02:13:34 +00:00,$41.66
Payout,Requested payout via ACH,-$41.66,$0.00,-$41.66,05/07/2026 18:46:58 +00:00,$0.00
Sale,2025 Bowman's Best Konnor Griffin Top Prospects Purple Mojo Refractor #/250,$18.00,$5.23,$12.77,07/29/2026 00:45:24 +00:00,$12.77
Sale,2025 Bowman Luke Sinnard Chrome Black Geometric Refractor 1st #/10 Braves,$67.00,$10.70,$56.30,07/29/2026 02:06:32 +00:00,$69.07
Sale,2025-26 Topps Chrome Kon Knueppel RC Rookie #254 Hornets PSA 10 GEM MINT,$133.50,$19.34,$114.16,07/29/2026 02:06:35 +00:00,$183.23
Sale,2025-26 Topps Chrome Stephen Curry Sleek Finishers Blue Refractor #/150 Warriors,$48.00,$8.23,$39.77,07/29/2026 02:30:46 +00:00,$223.00
Sale,2025-26 Topps Finest Kon Knueppel Rare RC Sky Blue Refractor #/150 Hornets,$75.00,$11.74,$63.26,07/29/2026 02:34:43 +00:00,$286.26
Sale,2022 Panini Prizm Mike Trout Illumination Blue Mojo #/199 Angels PSA 9,$31.00,$6.02,$24.98,07/29/2026 02:45:21 +00:00,$311.24
Sale,2024-25 Topps UEFA Cristiano Ronaldo Ultimate Stage Chrome #USC-28 Real Madrid,$60.00,$9.79,$50.21,07/29/2026 05:29:17 +00:00,$361.45
Sale,2025 Bowman's Best Kevin McGonigle Top Prospects Aqua Lava Refractor #/199,$18.50,$5.32,$13.18,07/29/2026 06:29:27 +00:00,$374.63
Sale,2025 Bowman's Best Jac Caglianone Top Prospects Blue Refractor #/150 Royals,$21.05,$5.78,$15.27,07/29/2026 06:30:53 +00:00,$389.90
Payout,Requested payout via ACH,-$389.90,$0.00,-$389.90,07/29/2026 15:50:54 +00:00,$0.00
Sale,2025 Bowman Chrome Mega Box Chase Dollander RC Black Mojo Refractor #/10 Rockies,$34.00,$6.41,$27.59,07/30/2026 00:01:59 +00:00,$27.59
Sale,2025 Bowman Draft Ethan Frey Chrome Auto Refractor 1st Prospect #/499 Astros,$31.00,$6.02,$24.98,07/30/2026 02:40:29 +00:00,$52.57
Sale,2025 Bowman Chrome Paul Skenes Blue Wave Refractor #/150 Pirates,$18.97,$5.40,$13.57,07/30/2026 08:15:09 +00:00,$66.14
Sale,2026 Topps Caleb Durbin Red Rainbow Foil #/5 Brewers,$17.50,$5.14,$12.36,07/30/2026 12:34:06 +00:00,$78.50
Payout,Requested payout via ACH,-$78.50,$0.00,-$78.50,07/30/2026 14:24:43 +00:00,$0.00
Sale,2021-22 Panini NBA Player of the Day Bill Russell Kaboom SSP #/99 Celtics,$21.50,$5.86,$15.64,07/30/2026 14:34:19 +00:00,$15.64
Sale,2026 Bowman Leo De Vries Chrome Prospect Auto Purple Refractor #/250 Athletics,$82.75,$12.75,$70.00,07/30/2026 15:45:32 +00:00,$85.64
Payout,Requested payout via ACH,-$85.64,$0.00,-$85.64,07/30/2026 15:56:33 +00:00,$0.00
Sale,2022 Topps Chrome Ronald Acuna Jr. Blue Wave Refractor #/75 Braves PSA 9,$21.50,$5.86,$15.64,07/30/2026 22:39:35 +00:00,$15.64
Sale,2024 Topps Five Star Austin Wells RC Green Rookie Auto Autograph #/15 Yankees,$16.50,$4.96,$11.54,08/02/2026 02:04:32 +00:00,$27.18
Sale,2023-24 Topps Chrome Lionel Messi Starball Debuts Aqua Mini Diamond #/199,$76.00,$11.87,$64.13,08/03/2026 00:16:41 +00:00,$91.31
Sale,2025 Bowman JJ Wetherholt Very Important Prospects Chrome Mini Diamond #/150,$9.25,$3.84,$5.41,08/03/2026 00:52:08 +00:00,$96.72
Sale,2025 Bowman Draft Steele Hall In Action Auto Autograph #/99 Reds,$32.00,$6.15,$25.85,08/03/2026 01:08:07 +00:00,$122.57
Sale,2023 Bowman Draft Jacob Wilson Chrome Auto 1st Prospect #CDA-JWI Athletics,$70.00,$11.09,$58.91,08/03/2026 01:15:31 +00:00,$181.48
Sale,2025 Bowman's Best Pete Crow-Armstrong Blue Lazer Refractor #/150 Cubs,$11.05,$3.98,$7.07,08/03/2026 01:30:39 +00:00,$188.55
Sale,2025 Bowman Chrome Elly De La Cruz Ascensions #BA-18 Reds,$46.55,$8.04,$38.51,08/03/2026 01:58:31 +00:00,$227.06
Sale,2025 Topps Cosmic Chrome Shohei Ohtani Light Speed #LS-15 Dodgers,$31.00,$6.02,$24.98,08/03/2026 01:58:51 +00:00,$252.04
Sale,2022 Bowman Elly De La Cruz Chrome 1st Prospect #BCP-50 Reds PSA 9,$17.51,$5.14,$12.37,08/03/2026 02:11:54 +00:00,$264.41
Sale,2019 Topps Chrome Shohei Ohtani All-Star #1 Angels,$44.00,$7.71,$36.29,08/03/2026 02:27:19 +00:00,$300.70
Sale,2024 Topps Fernando Tatis Jr. 1989 35th Anniversary Auto Autograph Gold #/50,$78.23,$12.16,$66.07,08/03/2026 02:37:08 +00:00,$366.77
Sale,2021-22 National Treasures Cade Cunningham Rookie RC Jersey Materials #/99,$71.00,$11.22,$59.78,08/03/2026 02:49:51 +00:00,$426.55
Sale,2024-25 Panini Donruss Lionel Messi Pitch Kings Red #10 Argentina PSA 9,$54.00,$9.01,$44.99,08/03/2026 03:00:09 +00:00,$471.54
Sale,2023-24 Topps Chrome Merlin UEFA Lamine Yamal Chosen One RC #MC-1,$33.00,$6.28,$26.72,08/03/2026 04:22:39 +00:00,$498.26
Sale,2022-23 Topps Chrome UEFA Jude Bellingham 1959 #59-5 Dortmund PSA 10 GEM MINT,$55.00,$9.14,$45.86,08/03/2026 11:16:53 +00:00,$544.12
Payout,Requested payout via ACH,-$544.12,$0.00,-$544.12,08/03/2026 14:29:29 +00:00,$0.00
Sale,2026 Bowman Gage Jump Chrome Reptilian Green Refractor 1st #/99 Athletics,$12.50,$4.24,$8.26,08/03/2026 14:30:41 +00:00,$8.26
Sale,2025 Bowman's Best Tyler Bremner Auto Autograph Gold Refractor #/50 Angels,$28.00,$5.63,$22.37,08/03/2026 21:53:57 +00:00,$30.63
Sale,2025 Bowman's Best Tyler Bremner Auto Autograph Orange X-Fractor #/25 Angels,$46.00,$7.97,$38.03,08/03/2026 21:53:58 +00:00,$68.66
Sale,2026 Topps Mike Trout 1991 Chrome Silver Pack Orange Mojo Refractor #/25,$39.55,$7.13,$32.42,08/04/2026 01:09:50 +00:00,$101.08
Sale,2025 Bowman Draft Eli Willits In Action Green Mojo Refractor #/99 Nationals,$8.50,$3.69,$4.81,08/04/2026 02:06:28 +00:00,$105.89
Payout,Requested payout via ACH,-$105.89,$0.00,-$105.89,08/04/2026 15:12:08 +00:00,$0.00
Sale,2024 Topps Update Pete Crow-Armstrong RC Green Crackle Foilboard #/499 Cubs,$29.00,$5.76,$23.24,08/05/2026 02:09:11 +00:00,$23.24
Sale,2020 Topps Chrome Sapphire UEFA Erling Haaland SP VAR #49b Dortmund PSA 9,$49.00,$8.36,$40.64,08/07/2026 14:56:16 +00:00,$63.88
Payout,Requested payout via ACH,-$63.88,$0.00,-$63.88,08/07/2026 16:22:17 +00:00,$0.00
Sale,2025 Bowman Draft Steele Hall Spotlights Chrome #BS-15 Reds,$47.00,$8.10,$38.90,08/08/2026 23:46:01 +00:00,$38.90
Sale,2026 Bowman Edward Florentino Retail Auto Autograph 1st Prospect #BPA-EF Pirates,$32.87,$6.26,$26.61,08/10/2026 01:01:38 +00:00,$65.51
Sale,2026 Topps Finest Nick Kurtz Rare Aqua Mini-Diamond Refractor #/199 Athletics,$15.50,$4.78,$10.72,08/10/2026 01:23:52 +00:00,$76.23
Sale,2026 Topps Finest Paul Skenes Green Mini-Diamond Refractor #/99 Pirates,$26.00,$5.37,$20.63,08/10/2026 01:25:00 +00:00,$96.86
Sale,2025 Bowman Jhostynxon Garcia Chrome Yellow Refractor 1st Prospect #/75 Red Sox,$7.00,$3.39,$3.61,08/10/2026 01:37:46 +00:00,$100.47
Sale,2025 Bowman Draft AJ Russell Chrome Green Grass Refractor 1st #/99 Rangers,$4.25,$2.84,$1.41,08/10/2026 02:10:35 +00:00,$101.88
Sale,2025-26 Topps Signature Class Cooper Flagg Chrome Rookie Pandora Refractor #101,$39.00,$7.06,$31.94,08/10/2026 02:29:29 +00:00,$133.82
Sale,2025 Bowman's Best Charlie Condon Auto Autograph Purple Refractor #/75 Rockies,$45.52,$7.91,$37.61,08/10/2026 02:45:37 +00:00,$171.43
Payout,Requested payout via ACH,-$171.43,$0.00,-$171.43,08/10/2026 04:06:21 +00:00,$0.00
Sale,2022-23 Panini Prizm Premier League Christian Pulisic Choice Red #/30 PSA 10,$55.00,$9.14,$45.86,08/10/2026 08:29:59 +00:00,$45.86
Sale,2024 Panini Flawless Rafael Palmeiro Auto Autograph #/15 Rangers,$26.00,$5.37,$20.63,08/10/2026 11:49:38 +00:00,$66.49
Payout,Requested payout via ACH,-$66.49,$0.00,-$66.49,08/10/2026 15:03:19 +00:00,$0.00
Sale,2021 Bowman Zac Veen Chrome Prospect Auto Autograph #CPA-ZV Rockies,$8.50,$3.69,$4.81,08/10/2026 22:03:05 +00:00,$4.81
Sale,2026 Topps Collector's Kit Exclusive Shohei Ohtani Wave Foil #MLB-1,$9.51,$3.89,$5.62,08/10/2026 22:46:41 +00:00,$10.43
Sale,2026 Bowman Gage Jump Logo Pattern 1st Prospect #BP-15 Athletics,$4.25,$2.84,$1.41,08/11/2026 09:30:05 +00:00,$11.84
Sale,2023-24 Topps UEFA Lionel Messi Ultimate Stage Chrome #USC-15 Barcelona,$13.35,$4.39,$8.96,08/11/2026 23:20:46 +00:00,$20.80
Sale,2024 Topps Shohei Ohtani All Star Game Bonus #2 Dodgers,$35.99,$6.67,$29.32,08/12/2026 01:30:38 +00:00,$50.12
Sale,2025 Panini One and One WNBA Sue Bird #/99 Storm,$8.50,$3.69,$4.81,08/12/2026 13:12:05 +00:00,$54.93
Payout,Requested payout via ACH,-$54.93,$0.00,-$54.93,08/12/2026 16:19:51 +00:00,$0.00
Sale,2025 Bowman Draft Ike Irish Chrome Prized Prospects Gold Refractor #/50 Orioles,$16.50,$4.96,$11.54,08/13/2026 04:14:17 +00:00,$11.54
Sale,2025 Bowman's Best Roman Anthony Performance Mini Diamond Refractor #BP-19,$2.25,$2.44,-$0.19,08/14/2026 14:30:05 +00:00,$11.35
Sale,2025 Bowman Draft Bryce Cunningham Chrome Orange Refractor #/25 Yankees,$22.50,$6.04,$16.46,08/15/2026 18:38:54 +00:00,$27.81
Sale,2025 Bowman Draft Steele Hall In Action #BIA-2 Reds,$10.50,$3.88,$6.62,08/16/2026 01:56:05 +00:00,$34.43
Sale,2025 Bowman Wen-Hui Pan Chrome Orange Shimmer Refractor 1st #/25 Phillies,$20.51,$5.68,$14.83,08/17/2026 00:15:45 +00:00,$49.26
Sale,2025-26 Topps Finest Ace Bailey Common RC Green Refractor Rookie #/75 Jazz,$57.00,$9.40,$47.60,08/17/2026 00:45:49 +00:00,$96.86
Sale,2025 Panini Donruss Optic Jaxson Dart Rated Rookie Purple Shock Prizm #273,$9.50,$3.89,$5.61,08/17/2026 01:01:57 +00:00,$102.47
Sale,2025 Bowman's Best Josuar Gonzalez Auto Autograph Refractor #B25-JG Giants,$47.88,$8.21,$39.67,08/17/2026 01:11:03 +00:00,$142.14
Sale,2026 Topps Finest Bobby Witt Jr. Rare Pink Mini-Diamond Refractor #/250 Royals,$15.00,$4.69,$10.31,08/17/2026 01:21:44 +00:00,$152.45
Sale,2026 Topps Finest Munetaka Murakami Uncommon RC Mini-Diamond Refractor #145,$15.50,$4.78,$10.72,08/17/2026 02:22:06 +00:00,$163.17
Sale,2025-26 Topps Cooper Flagg RC Rainbow Foil Rookie #201 Mavericks,$48.95,$8.35,$40.60,08/17/2026 02:46:28 +00:00,$203.77
Sale,2025-26 Topps Now Cooper Flagg RC - Rookie #124 Mavericks PSA 10 GEM MINT,$90.00,$13.69,$76.31,08/17/2026 03:02:24 +00:00,$280.08
Payout,Requested payout via ACH,-$280.08,$0.00,-$280.08,08/17/2026 04:20:25 +00:00,$0.00
Sale,2025 NSCC Silver Packs Hailey Van Lith Rookies RC #/399,$1.25,$2.24,-$0.99,08/17/2026 05:16:00 +00:00,-$0.99
Sale,2025 Panini Caitlin Clark Chronicled WNBA Green Laser #36 Fever,$12.75,$4.28,$8.47,08/17/2026 11:32:10 +00:00,$7.48
Sale,2025 Topps Cosmic Chrome Cam Skattebo Stars In The Night RC Rookie #STN-5 Giants,$29.00,$5.76,$23.24,08/17/2026 12:30:42 +00:00,$30.72
Sale,2024 Bowman Shohei Ohtani #33 Dodgers GAS 10 (B),$14.50,$4.60,$9.90,08/17/2026 15:45:37 +00:00,$40.62
Payout,Requested payout via ACH,-$40.62,$0.00,-$40.62,08/17/2026 15:54:01 +00:00,$0.00
Sale,2024 Bowman Shohei Ohtani #33 Dodgers GAS 10 (A),$15.50,$4.78,$10.72,08/17/2026 16:00:40 +00:00,$10.72
Sale,2025 Bowman Draft Gage Wood Chrome Auto Orange Mojo Refractor #/25 Phillies,$107.00,$15.90,$91.10,08/17/2026 20:14:27 +00:00,$101.82
Sale,2022 Topps Garbage Pail Kids x MLB Anthony Rizzo #14b New York Yankees,$5.50,$3.09,$2.41,08/17/2026 20:14:34 +00:00,$104.23
Sale,2025 Topps Chrome Will Reichard Orange Geometric Refractor #/25 Vikings,$11.50,$4.06,$7.44,08/18/2026 01:10:10 +00:00,$111.67
Sale,2024 Bowman Chrome University DJ Lagway Auto 1st Green Refractor #/99 PSA 10,$143.50,$20.64,$122.86,08/18/2026 06:03:47 +00:00,$234.53
Payout,Requested payout via ACH,-$234.53,$0.00,-$234.53,08/18/2026 13:30:44 +00:00,$0.00
Sale,2026 Topps Finest Aaron Judge Rare Mini-Diamond Refractor #299 New York Yankees,$24.00,$6.31,$17.69,08/19/2026 02:07:48 +00:00,$17.69
Sale,2025 Bowman Draft Cade Obermueller Chrome Auto Aqua Lava Refractor 1st #/199,$13.27,$4.38,$8.89,08/19/2026 02:17:07 +00:00,$26.58
