confidence,card,cond,qty,collx_ask,ebay_sold_for,ebay_date,location,collx_id,ebay_title
High,2025 Sophie Cunningham #63,RAW,1,7.0,$19.75,Jul-12-26,,1106822475400514560,2025 Panini WNBA Prizm SOPHIE CUNNINGHAM #63 Pink /175 Fever
High,2024 LIONEL MESSI #10,PSA 9,1,125.0,$4.00,May-06-26,,1101223984940383232,2024-25 Donruss Lionel Messi #10 Magicians Argentina
High,2025 Charles McAdoo #BCP-150,RAW,1,8.0,$2.85,Apr-27-26,,1101072124602416128,2025 Bowman Sapphire Edition Charles Mcadoo #BCP-150 Toronto Blue Jays
High,2026 Roman Anthony #18,RAW,1,3.0,$3.20,Jul-02-26,,1091810373418332160,2026 Bowman Mega Box ROMAN ANTHONY #18 Chrome Mojo Refractor RC Red Sox Rookie
High,2025 Malcolm Moore #BDC-191,RAW,1,1.5,$1.38,Jun-18-26,,1072746286721276928,2025 Bowman Draft Sapphire MALCOLM MOORE #BDC-191 Chrome Rangers
High,2025 Ethan Petry #BDC-151,RAW,1,1.55,$1.75,Jun-03-26,,1072746265120611328,2025 Bowman Draft ETHAN PETRY #BDC-151 Chrome Refractor 1st Prospect Nationals
High,2025 Ethan Frey #BDC-67,RAW,1,1.25,$3.99,Apr-16-26,,1072746269784677376,2025 Bowman Draft Ethan Frey #BDC-67 Chrome X-Fractor 1st Prospect Astros
High,2025 Kaleb Wing #BDC-131,RAW,1,5.0,$4.00,May-23-26,,1072746253116513280,2025 Bowman Draft Sapphire KALEB WING #BDC-131 Chrome 1st Prospect Cubs
High,2025 Malachi Witherspoon #BDC-172,RAW,1,2.0,$1.75,May-24-26,,1072746239879289856,2025 Bowman Draft Sapphire Malachi Witherspoon #BDC-172 Chrome 1st Prospect
High,2025 Caleb Leys #BDC-195,RAW,1,2.0,$2.00,May-26-26,,1072746235785649152,2025 Bowman Draft Sapphire CALEB LEYS #BDC-195 Chrome 1st Prospect Tigers
High,2025 Aaron Watson #BDC-193,RAW,1,11.0,$1.49,Apr-28-26,,1072746212087831552,2025 Bowman Draft Sapphire Aaron Watson Chrome 1st Prospect #BDC-193 Reds
High,2025 Travis Sykora #BDC-137,RAW,1,2.0,$2.00,May-24-26,,1072746216382798848,2025 Bowman Draft Sapphire TRAVIS SYKORA #BDC-137 Chrome Nationals
High,2025 Braden Montgomery #BDC-18,RAW,2,2.0,$2.00,Jun-02-26,,1072746204580027392,2025 Bowman Draft Sapphire BRADEN MONTGOMERY #BDC-18 Chrome White Sox
High,2025 Ethan Frey #BDC-67,RAW,1,5.0,$3.99,Apr-16-26,,1072746189547641856,2025 Bowman Draft Ethan Frey #BDC-67 Chrome X-Fractor 1st Prospect Astros
High,2025 Colin Yeaman #BDC-47,RAW,1,2.0,$2.99,Jul-09-26,,1072746193540619264,2025 Bowman Draft Sapphire COLIN YEAMAN #BDC-47 Chrome 1st Prospect Orioles
High,2025 Kane Kepley #BDC-200,RAW,1,7.0,$5.50,Jun-19-26,,1072746181645573120,2025 Bowman Draft Kane Kepley #BD-200 Sky Blue Border Chicago Cubs #/499
High,2025 Caleb Leys #BDC-195,RAW,1,5.25,$2.00,May-26-26,,1062754457546322944,2025 Bowman Draft Sapphire CALEB LEYS #BDC-195 Chrome 1st Prospect Tigers
High,2025 Carlos Lagrange #BDC-132,RAW,1,3.5,$19.95,May-10-26,,1062754403750179840,2025 Bowman Draft Carlos Lagrange #BDC-132 Chrome Purple Geometric Ref /250
High,2025 Kevin McGonigle #BDC-59,RAW,1,15.0,$2.00,May-10-26,,1062754357889659904,2025 Bowman Draft KEVIN MCGONIGLE #BDC-59 Chrome Tigers
High,2025 Bryce Eldridge #BCP-180,RAW,1,2.99,$6.00,May-05-26,,1062754353359811584,2025 Bowman Chrome Bryce Eldridge #BCP-180 Prospects Fuchsia Geometric /299
High,2025 Eli Willits #BDN-1,RAW,1,1.5,$3.00,May-08-26,,1061304663392948224,2025 Bowman Draft ELI WILLITS #BDC-1 Chrome 1st Prospect Nationals
High,2025 JoJo Parker #BDC-8,RAW,1,3.5,$3.50,Apr-19-26,,1061304645147725824,2025 Bowman Draft JoJo Parker #BDC-8 Chrome Mojo Refractor 1st Prospect
High,2025 Cris Rodriguez #BCP-250,RAW,1,1.69,$1.69,Jul-02-26,,1061304648729661440,2025 Bowman Chrome CRIS RODRIGUEZ #BCP-250 1st Prospect Tigers
High,2025 Ethan Petry #BDC-151,RAW,1,1.75,$1.75,Jun-03-26,,1061304587492823040,2025 Bowman Draft ETHAN PETRY #BDC-151 Chrome Refractor 1st Prospect Nationals
High,2025 Colin Yeaman #BDC-47,RAW,1,1.0,$2.99,Jul-09-26,,1061304579691417600,2025 Bowman Draft Sapphire COLIN YEAMAN #BDC-47 Chrome 1st Prospect Orioles
High,2025 Cris Rodriguez #BCP-250,RAW,1,1.69,$1.69,Jul-02-26,,1061304575639719936,2025 Bowman Chrome CRIS RODRIGUEZ #BCP-250 1st Prospect Tigers
High,2025 Nick Kurtz #42,RAW,1,2.0,$2.99,Jul-09-26,,1061304543318413312,2025 Bowman's Best NICK KURTZ #42 RC Athletics Rookie
High,2025 Ethan Frey #BDC-67,RAW,1,5.0,$3.99,Apr-16-26,,1061304494597378048,2025 Bowman Draft Ethan Frey #BDC-67 Chrome X-Fractor 1st Prospect Astros
High,2025 Nick Kurtz #P-8,RAW,1,6.0,$6.00,Jun-06-26,,1061304498917511168,2025 Bowman's Best NICK KURTZ #P-8 Pixel Portraits RC Athletics
High,2025 Eli Willits #BDC-1,RAW,1,3.0,$3.00,May-08-26,,1061304481888636928,2025 Bowman Draft ELI WILLITS #BDC-1 Chrome 1st Prospect Nationals
High,2025 Eli Willits #A-1,RAW,1,1.0,$3.00,May-08-26,,1061304469842595840,2025 Bowman Draft ELI WILLITS #BDC-1 Chrome 1st Prospect Nationals
High,2025 Jacob Wilson #31,RAW,2,2.01,$1.99,May-16-26,,1061304465455353856,2025 Bowman's Best JACOB WILSON #31 Refractor RC Athletics
High,2025 Caden Bodine #BDC-63,RAW,1,1.85,$1.59,May-14-26,,1059872909126002688,2025 Bowman Draft CADEN BODINE #BDC-63 Chrome Refractor 1st Prospect Orioles
High,2025 Bryce Cunningham #BDC-155,RAW,1,1.5,$4.00,May-02-26,,1059872883985344512,2025 Bowman Draft Bryce Cunningham #BDC-155 Chrome Green Refractor 98/99 Yankees
High,2025 Caleb Bonemer #BDC-184,RAW,1,1.49,$2.10,Jun-19-26,,1059872871318546432,2025 Bowman Draft CALEB BONEMER #BDC-184 Chrome Sparkle Refractor White Sox
High,2025 David Sandlin #BCP-195,RAW,1,2.25,$2.00,May-28-26,,1059872875470907392,2025 Bowman Chrome David Sandlin #BCP-195 Mini Diamond Refractor 1st Prospect
High,2025 Steele Hall #BDC-20,RAW,1,5.0,$16.50,Jun-24-26,,1059872862804109312,2025 Bowman Draft Steele Hall #BDC-20 Chrome Aqua Reptilian Refractor /125
High,2025 Nick Kurtz #BS-2,RAW,1,5.85,$12.00,May-24-26,,1059872854809765888,2025 Bowman's Best Nick Kurtz #BS-2 Showpieces Mini Diamond Refractor RC
High,2025 JT Quinn #BDC-85,RAW,1,1.75,$4.99,Jul-09-26,,1059872828771526656,2025 Bowman Draft Sapphire JT QUINN #BDC-85 Chrome 1st Prospect Orioles
High,2025 Konnor Griffin #IT-8,RAW,1,15.0,$15.00,May-28-26,,1054272341651492864,2025 Bowman Chrome Konnor Griffin #IT-8 It Came to the League Pirates
High,2005 Kobe Bryant #38,RAW,1,6.5,$10.00,May-18-26,,1054272321149734912,2005-06 Upper Deck Hardcourt Kobe Bryant #38 Lakers
High,2019 Jayson Tatum #190,RAW,1,5.0,$2.00,Jun-04-26,,1054272296042631168,2019-20 Panini Select Jayson Tatum #190 Red Wave Prizms Premier Level Celtics
High,2025 Gavin Kilen #BDC-40,RAW,1,2.0,$6.99,May-16-26,,1050399908413324288,2025 Bowman Draft Sapphire GAVIN KILEN #BDC-40 Chrome 1st Prospect Giants
High,2025 Ethan Conrad #BDC-17,RAW,1,3.25,$10.00,Apr-15-26,,1050399903958973440,2025 Bowman Draft Ethan Conrad #BD-17 Blue Border /150 1st Prospect Cubs
High,2025 Charlie Condon #P-6,RAW,1,1.99,$1.99,May-16-26,,1048879163692294144,2025 Bowman's Best Charlie Condon #P-6 Pixel Portraits Rockies
High,2025 Ace Bailey #YQ-5,RAW,1,4.0,$1.00,May-12-26,,1043923560186560512,2025-26 Topps Finest Ace Bailey #5 Common RC Jazz
High,2025 Caitlin Clark #57,RAW,1,18.0,$15.00,Apr-29-26,,1043923548694167552,2025 Panini Caitlin Clark Chronicled #57 Life Style Green Holo Fever
High,2025 Caitlin Clark #48,RAW,1,2.69,$2.69,Apr-20-26,,1043923533250740224,2025 Panini Caitlin Clark Chronicled #48 WNBA Holo Fever
High,2026 Shohei Ohtani #SMLB-9,RAW,1,3.0,$2.50,May-05-26,,1035799612015966208,2026 Topps Shohei Ohtani #PAS-9 Perennial All-Stars Dodgers
High,2024 Ariel Armas #BDC-109,RAW,1,2.25,$2.00,Jun-28-26,,1034549103916441600,2024 Bowman Draft Sapphire Edition Ariel Armas #BDC-109 Chicago Cubs
High,2025 Josh Knoth #BCP-136,RAW,1,2.0,$1.75,May-21-26,,1033779090417265664,2025 Bowman Sapphire Edition Josh Knoth #BCP-136 Milwaukee Brewers
High,2025 Joshua Kuroda-Grauer #PD-35,RAW,1,1.69,$1.55,Jun-29-26,,1033049413441258496,2025 Topps Pro Debut Joshua Kuroda-Grauer #PD-35 Aviators
High,2025 James Wood #29b,RAW,1,3.99,$2.50,Jul-02-26,,1033049271396959232,JAMES WOOD 2025 Bowman #29 Mojo Washington Nationals
High,2025 Andrew Salas #BCP-156,RAW,1,3.0,$3.00,Jul-02-26,,1025525805346196480,2025 Bowman Chrome ANDREW SALAS #BCP-156 Prospects Mini-Diamond Miami Marlins
High,2025 Kade Anderson #TP-6,RAW,1,5.0,$11.00,May-01-26,,1024286465553907712,2025 Bowman's Best Kade Anderson #TP-6 Top Prospects Purple Refractor /250
High,2025 Jacob Wilson #31,RAW,1,6.0,$1.99,May-16-26,,1024286440002207744,2025 Bowman's Best JACOB WILSON #31 Refractor RC Athletics
High,2025 Russell Westbrook #15,RAW,1,7.0,$7.00,Jun-04-26,,1023517766776276992,2025-26 Topps Chrome Russell Westbrook #15 Teal Refractor Denver Nuggets #/299
High,2025 Allen Iverson #M-1,RAW,1,13.0,$6.45,Jul-06-26,,1023517709440141312,2025-26 Topps Finest ALLEN IVERSON #M-1 Muse X-fractor 76ers Basketball
High,2025 Cedric Coward #F-11,RAW,1,10.0,$1.75,May-09-26,,1023517698199406592,2025-26 Topps Finest Cedric Coward #11 Common RC Grizzlies
High,2025 Victor Wembanyama #FI-1,RAW,1,12.0,$16.00,Jun-10-26,,1023517628154529792,2025-26 Topps Finest Victor Wembanyama #FI-1 Finishers Refractor Spurs
High,2025 Ryan Wideman #BDC-190,RAW,1,2.0,$3.99,Apr-28-26,,1022755558670193664,2025 Bowman Draft Ryan Wideman #BDC-190 Chrome Lazer Refractor 1st Prospect
High,2025 Johnny Slawinski #BDC-153,RAW,1,2.0,$2.99,Jun-30-26,,1022755536683652096,2025 Bowman Chrome Draft Johnny Slawinski #BDC-153 Chrome Sky Blue Refractor
High,2025 Ethan Frey #BDC-67,RAW,1,1.99,$3.99,Apr-16-26,,1022755488314938368,2025 Bowman Draft Ethan Frey #BDC-67 Chrome X-Fractor 1st Prospect Astros
High,2025 Peter Kussow #BDC-179,RAW,1,2.25,$2.00,May-09-26,,1022645596904213504,2025 Bowman Draft Sapphire PETER KUSSOW #BDC-179 Chrome 1st Prospect Mets
High,2025 Cooper Flemming #BDC-166,RAW,1,0.99,$0.99,May-03-26,,1022645593733319680,2025 Bowman Draft Cooper Flemming #BDC-166 Chrome Mojo Refractor 1st Prospect
High,2025 Kaeden Kent #BDC-65,RAW,1,3.99,$6.50,May-22-26,,1022645567468588032,2025 Bowman Draft Sapphire KAEDEN KENT #BDC-65 Chrome 1st Prospect Yankees
High,2025 Sean Gamble #BDC-178,RAW,1,2.5,$6.00,May-08-26,,1022645523109628928,2025 Bowman Draft SEAN GAMBLE #BD-178 Sky Blue Border /499 1st Prospect Royals
High,2025 Liam Doyle #BDC-12,RAW,1,3.25,$9.49,May-13-26,,1022645526221802496,2025 Bowman Sapphire Liam Doyle #BDC-12 Chrome 1st Prospect Cardinals
High,2025 Liam Doyle #BDC-12,RAW,5,15.99,$9.49,May-13-26,,1019261239188192256,2025 Bowman Sapphire Liam Doyle #BDC-12 Chrome 1st Prospect Cardinals
High,2025 Tate Southisene #BDC-70,RAW,1,1.99,$1.99,May-09-26,,1019261218837429248,2025 Bowman Draft Tate Southisene #BDC-70 Chrome Refractor Atlanta Braves
High,2025 Luke LaCourse #BDC-123,RAW,1,2.25,$1.75,May-13-26,,1019261176860834816,2025 Bowman Draft Sapphire LUKE LACOURSE #BDC-123 Chrome 1st Prospect Angels
High,2025 Ethan Frey #BDC-67,RAW,1,25.0,$3.99,Apr-16-26,,1019261153540504576,2025 Bowman Draft Ethan Frey #BDC-67 Chrome X-Fractor 1st Prospect Astros
High,2025 Eli Willits #BDC-1,RAW,1,62.95,$3.00,May-08-26,,1019261158640778240,2025 Bowman Draft ELI WILLITS #BDC-1 Chrome 1st Prospect Nationals
High,2025 Ethan Frey #BDC-67,RAW,1,26.0,$3.99,Apr-16-26,,1019261149119708160,2025 Bowman Draft Ethan Frey #BDC-67 Chrome X-Fractor 1st Prospect Astros
High,2025 Ethan Petry #BDC-151,RAW,1,2.45,$1.75,Jun-03-26,,1015362579822544896,2025 Bowman Draft ETHAN PETRY #BDC-151 Chrome Refractor 1st Prospect Nationals
High,2025 Travis Sykora #BDC-137,RAW,1,0.99,$2.00,May-24-26,,1015362567491291136,2025 Bowman Draft Sapphire TRAVIS SYKORA #BDC-137 Chrome Nationals
High,2025 Landon Harmon #BDC-44,RAW,1,2.0,$4.50,Apr-27-26,,1015362558590978048,2025 Bowman Draft Landon Harmon #BDC-44 Chrome Sparkle Refractor Nationals
High,2025 Dwyane Wade #241,RAW,1,2.25,$3.99,Apr-30-26,,1015356637408837632,2025-26 Topps Chrome Dwyane Wade #241 Teal Refractor Miami Heat #/299
High,2025 Liam Doyle #BDC-12,RAW,1,18.0,$9.49,May-13-26,,1015354230490710016,2025 Bowman Sapphire Liam Doyle #BDC-12 Chrome 1st Prospect Cardinals
High,2025 Cameron Millar #BDC-176,RAW,1,4.0,$19.00,Jun-24-26,,1015354063472822272,2025 Bowman Draft Cameron Millar #BDC-176 Chrome Orange Geometric Refractor /25
High,2025 Travis Sykora #BDC-137,RAW,1,6.25,$2.00,May-24-26,,1015353658193486848,2025 Bowman Draft Sapphire TRAVIS SYKORA #BDC-137 Chrome Nationals
High,2025 Billy Carlson #BDC-10,RAW,1,1.99,$9.00,Apr-18-26,1/2,1014115186021257216,2025 Bowman Draft Billy Carlson #BDC-10 Chrome Sky Blue Refractor White Sox
High,2025 Pico Kohn #BDC-52,RAW,1,1.25,$2.25,May-04-26,1/2,1014115179293593600,2025 Bowman Draft Sapphire PICO KOHN #BDC-52 Chrome 1st Prospect Yankees
High,2025 Josiah Hartshorn #BDC-21,RAW,1,1.5,$9.00,May-22-26,1/2,1014115172574318592,2025 Bowman Draft Sapphire JOSIAH HARTSHORN #BDC-21 Chrome 1st Prospect Cubs
High,2025 Dax Kilby #BDC-146,RAW,1,13.95,$5.00,Apr-21-26,1/2,1014115165175566336,2025 Bowman Draft Dax Kilby #BDC-146 Chrome Mojo Refractor 1st Prospect Yankees
High,2025 Liam Doyle #BDC-12,RAW,1,5.99,$9.49,May-13-26,1/2,1014115154740137984,2025 Bowman Sapphire Liam Doyle #BDC-12 Chrome 1st Prospect Cardinals
High,2025 Pico Kohn #BDC-52,RAW,1,2.95,$2.25,May-04-26,1/2,1014115144002719744,2025 Bowman Draft Sapphire PICO KOHN #BDC-52 Chrome 1st Prospect Yankees
High,2025 Billy Carlson #BDC-10,RAW,1,2.95,$9.00,Apr-18-26,1/2,1014115150940098560,2025 Bowman Draft Billy Carlson #BDC-10 Chrome Sky Blue Refractor White Sox
High,2025 Peter Kussow #BDC-179,RAW,1,2.99,$2.00,May-09-26,1/2,1013996224981092352,2025 Bowman Draft Sapphire PETER KUSSOW #BDC-179 Chrome 1st Prospect Mets
High,2025 Travis Sykora #BD-137,RAW,1,3.95,$2.00,May-24-26,1/2,1013996203204265984,2025 Bowman Draft Sapphire TRAVIS SYKORA #BDC-137 Chrome Nationals
High,2025 Brandon Compton #BDC-64,RAW,1,2.49,$3.25,Jul-07-26,1/2,1013996195872622592,2025 Bowman Draft BRANDON COMPTON #BDC-64 Chrome Sky Blue Ref Marlins Football
High,2025 Malcolm Moore #BD-191,RAW,1,1.25,$1.38,Jun-18-26,1/2,1013996184480892928,2025 Bowman Draft Sapphire MALCOLM MOORE #BDC-191 Chrome Rangers
High,2025 Justin Lamkin #BDC-62,RAW,1,5.95,$2.00,May-30-26,1/2,1013996168987133952,2025 Bowman Draft Sapphire Justin Lamkin Chrome 1st Prospect #BDC-62 Royals
High,2025 Joshua Kuroda-Grauer #BD-125,RAW,1,1.99,$3.25,Jun-18-26,1/2,1013980252459091968,2025 Bowman Draft Joshua Kuroda-Grauer #BD-125 Green Border Athletics #/99
High,2025 Cameron Millar #BD-176,RAW,1,3.99,$19.00,Jun-24-26,1/2,1013980221438019584,2025 Bowman Draft Cameron Millar #BDC-176 Chrome Orange Geometric Refractor /25
High,2025 Caleb Bonemer #BDC-184,RAW,1,6.95,$2.10,Jun-19-26,1/2,1013980225699432448,2025 Bowman Draft CALEB BONEMER #BDC-184 Chrome Sparkle Refractor White Sox
High,2025 Ryan Mitchell #BDC-77,RAW,1,7.55,$5.75,May-21-26,1/2,1013980199694747648,2025 Bowman Draft Ryan Mitchell #BDC-77 Chrome Sky Blue Refractor Cardinals
High,2025 Ethan Conrad #BD-17,RAW,1,18.95,$10.00,Apr-15-26,1/2,1013980188504344576,2025 Bowman Draft Ethan Conrad #BD-17 Blue Border /150 1st Prospect Cubs
High,2025 Asa Newell #273,RAW,1,3.5,$2.75,Jun-26-26,,1010997296136540160,2025-26 Topps Chrome Asa Newell #273 Negative Refractor Atlanta Hawks
High,2025 Kentavious Caldwell-Pope #143,RAW,1,2.59,$2.59,Jun-21-26,,1010997279157997568,2025-26 Topps Chrome Kentavious Caldwell-Pope #143 Negative Refractor Magic
High,2025 Dwyane Wade #241,RAW,1,1.0,$3.99,Apr-30-26,,1010997256701693952,2025-26 Topps Chrome Dwyane Wade #241 Teal Refractor Miami Heat #/299
High,2025 Dylan Harper #GR-2,RAW,1,4.95,$3.98,Jul-03-26,,1010997198191153152,DYLAN HARPER 2025-26 Topps Chrome #GR-2 Spurs RC Rookie Basketball NBA
High,2025 Nate George #BDC-113,RAW,1,29.98,$2.20,May-14-26,,1010623172616670208,2025 Bowman Draft Sapphire NATE GEORGE #BDC-113 Chrome Orioles
High,2025 Gavin Kilen #BDC-40,RAW,1,1.99,$6.99,May-16-26,,1010623151250885632,2025 Bowman Draft Sapphire GAVIN KILEN #BDC-40 Chrome 1st Prospect Giants
High,2025 Liam Doyle #BDC-12,RAW,1,2.29,$9.49,May-13-26,,1010623157156465664,2025 Bowman Sapphire Liam Doyle #BDC-12 Chrome 1st Prospect Cardinals
High,2025 Nick Becker #BDC-100,RAW,1,1.99,$4.99,Jun-06-26,,1010623145596963840,2025 Bowman Draft Sapphire NICK BECKER #BDC-100 Chrome 1st Prospect Mariners
High,2025 Ethan Conrad #BDC-17,RAW,1,2.99,$10.00,Apr-15-26,,1010623148742691840,2025 Bowman Draft Ethan Conrad #BD-17 Blue Border /150 1st Prospect Cubs
High,2025 Ethan Frey #BDC-67,RAW,1,1.99,$3.99,Apr-16-26,,1010623107470740480,2025 Bowman Draft Ethan Frey #BDC-67 Chrome X-Fractor 1st Prospect Astros
High,2025 Nick Becker #BDC-100,RAW,1,2.99,$4.99,Jun-06-26,,1010623092127976448,2025 Bowman Draft Sapphire NICK BECKER #BDC-100 Chrome 1st Prospect Mariners
High,2025 Gavin Kilen #BDC-40,RAW,1,2.99,$6.99,May-16-26,,1010623095357590528,2025 Bowman Draft Sapphire GAVIN KILEN #BDC-40 Chrome 1st Prospect Giants
High,2025 Ethan Conrad #BDC-17,RAW,1,6.0,$10.00,Apr-15-26,,1010623088755756032,2025 Bowman Draft Ethan Conrad #BD-17 Blue Border /150 1st Prospect Cubs
High,2026 Roman Anthony #SMLB-25,RAW,1,2.38,$1.99,Apr-24-26,,1007375161059708928,2026 Topps Roman Anthony #SMLB-25 Stars of MLB Crackleboard Foil RC Red Sox
High,2025 Oneil Cruz #49,RAW,1,2.99,$2.99,Jun-12-26,,1005432967705504768,2025 Topps Chrome Cosmic Oneil Cruz #49 Refractor Pittsburgh Pirates
High,2025 Will Warren #23,RAW,1,2.95,$1.50,May-02-26,,1005432940484471808,2025 Topps Chrome Cosmic Will Warren #23 Refractor New York Yankees
High,2020 Shohei Ohtani #26,RAW,1,1.99,$1.99,Jun-06-26,,1004647110585589760,2020 Bowman Shohei Ohtani #26 Los Angeles Angels
High,2025 James Wood #29,RAW,1,3.99,$2.50,Jul-02-26,,1004647072862019584,JAMES WOOD 2025 Bowman #29 Mojo Washington Nationals
High,2025 James Wood #29,RAW,1,2.25,$2.50,Jul-02-26,,1004647069305249792,JAMES WOOD 2025 Bowman #29 Mojo Washington Nationals
High,2025 Jacob Wilson #SMLB-31,RAW,1,1.76,$1.99,May-16-26,,1004647036010864640,2025 Bowman's Best JACOB WILSON #31 Refractor RC Athletics
High,2025 James Wood #29,RAW,1,1.79,$2.50,Jul-02-26,,1000271968271077376,JAMES WOOD 2025 Bowman #29 Mojo Washington Nationals
High,2025 Marco Dinges #BCP-183,RAW,1,1.4,$1.00,Jul-01-26,,1000271951376420864,2025 Bowman Chrome MARCO DINGES #BCP-183 Prospects Milwaukee Brewers
High,2025 Andrew Salas #BCP-156,RAW,1,1.5,$3.00,Jul-02-26,,1000271927410167808,2025 Bowman Chrome ANDREW SALAS #BCP-156 Prospects Mini-Diamond Miami Marlins
High,2025 Kevin Alvarez #BCP-227,RAW,1,1.99,$1.59,Apr-17-26,,1000271910028972032,2025 Bowman Chrome Kevin Alvarez #BCP-227 1st Prospect Astros
High,2025 Caden Bodine #BDC-63,RAW,1,2.59,$1.59,May-14-26,,999715681514524672,2025 Bowman Draft CADEN BODINE #BDC-63 Chrome Refractor 1st Prospect Orioles
High,2025 Ike Irish #BDC-16,RAW,1,4.79,$7.50,May-06-26,,999715684324708352,2025 Bowman Draft Sapphire IKE IRISH #BDC-16 Chrome Orioles
High,2025 Kane Kepley #BDC-200,RAW,1,1.99,$5.50,Jun-19-26,,999715672211558400,2025 Bowman Draft Kane Kepley #BD-200 Sky Blue Border Chicago Cubs #/499
High,2025 Spencer Jones #BDC-9,RAW,1,1.99,$2.49,May-07-26,,999715677907423232,2025 Bowman Draft Spencer Jones #BDC-9 Chrome Refractor Yankees
High,2025 Kaeden Kent #BDC-65,RAW,1,2.75,$6.50,May-22-26,,999715656617136128,2025 Bowman Draft Sapphire KAEDEN KENT #BDC-65 Chrome 1st Prospect Yankees
High,2025 Theo Gillen #BDC-121,RAW,1,8.99,$16.00,Apr-16-26,,999559126592753664,2025 Bowman Draft Theo Gillen #BDC-121 Chrome Gold Refractor /50 Rays
High,2025 Caden Bodine #BDC-63,RAW,2,17.0,$1.59,May-14-26,,999035110318148608,2025 Bowman Draft CADEN BODINE #BDC-63 Chrome Refractor 1st Prospect Orioles
High,2025 Joel Embiid #149,RAW,1,6.0,$5.00,Jun-16-26,,999016441251425280,2025-26 Topps Chrome Joel Embiid #149 Magenta Refractor Philadelphia 76ers #/399
High,2025 Mason Peters #BDC-27,RAW,1,1.99,$1.75,May-09-26,,995957394122364928,2025 Bowman Draft Sapphire MASON PETERS #BDC-27 Chrome 1st Prospect Mariners
High,2024 Drake Maye #229,RAW,1,13.0,$4.99,Jul-04-26,,995883218854369280,DRAKE MAYE 2024 Donruss Optic #229 Patriots RC Rookie Football NFL
High,2024 Drake Maye #20,RAW,1,6.99,$2.25,Jul-03-26,,985978894892027904,DRAKE MAYE 2024 Panini Select #20 Patriots RC Rookie Football NFL
High,2024 Drake Maye #5,RAW,1,9.99,$4.59,Jul-05-26,,985978895043022848,2024 Panini Donruss Optic DRAKE MAYE #5 Rookie Recruits RC Patriots Football
High,2024 Drake Maye #5,RAW,1,7.99,$4.59,Jul-05-26,,985978895714111488,2024 Panini Donruss Optic DRAKE MAYE #5 Rookie Recruits RC Patriots Football
High,2025 Asa Newell #273,RAW,1,1.99,$2.75,Jun-26-26,,977938048305265664,2025-26 Topps Chrome Asa Newell #273 Negative Refractor Atlanta Hawks
High,2025 Joan Beringer #267,RAW,1,2.5,$3.00,Jul-09-26,,977938050142370816,2025-26 Topps Chrome JOAN BERINGER #267 Pulsar Refractor Minnesota Timberwolves
High,2025 David Festa #OD-89,Excellent,1,3.5,$3.50,May-13-26,,966930181174841344,2025 Topps Now Road to Opening Day Minnesota Twins David Festa #OD-89 Twins
High,2021 Wil Trapp #52,Excellent,1,2.49,$2.49,Jun-14-26,,960982886248440832,2021 Topps Chrome Sapphire Edition MLS Wil Trapp #52 Minnesota United FC
High,2025 Ace Bailey #RTS-5,Excellent,1,1.59,$1.00,May-12-26,,960541899516792832,2025-26 Topps Finest Ace Bailey #5 Common RC Jazz
High,2023 Miguel Vargas #694,RAW,1,2.84,$2.55,Jun-30-26,,953927961005804544,2023 Topps Heritage Miguel Vargas #694 Chrome Refractor Dodgers /374
High,2025 James Tibbs III #BP-39,RAW,1,1.0,$4.00,Apr-23-26,,947430398971138048,2025 Bowman Sapphire James Tibbs III #BCP-39 Chrome Prospects Giants
High,2024 Aaron Judge #7,RAW,1,1.18,$200.00,Jun-16-26,,947430397553463296,2024 Topps Black and White AARON JUDGE /49 Blue Parallel SP Yankees #7 PSA 10
High,2025 Cedric Coward #RTS-11,RAW,1,1.99,$1.75,May-09-26,,920521675195601920,2025-26 Topps Finest Cedric Coward #11 Common RC Grizzlies
High,2025 Dylan Harper #RTS-2,RAW,1,35.0,$3.98,Jul-03-26,,920422557810147328,DYLAN HARPER 2025-26 Topps Chrome #GR-2 Spurs RC Rookie Basketball NBA
High,2022 Malik Willis #272,RAW,1,1.99,$1.99,Jun-04-26,VAS,697045313,2022 Panini Mosaic Malik Willis #272 Mosaic Tennessee Titans
High,2023 Tuli Tuipulotu #354,RAW,1,1.99,$1.99,Jun-18-26,VAS,697045318,2023 Panini Prizm Tuli Tuipulotu #354 Silver Los Angeles Chargers
High,2019 Kyle Tucker #ROYF-1,RAW,1,3.99,$1.79,Jun-25-26,TY-KC,697039467,2019 Bowman Kyle Tucker #ROYF-1 Rookie of the Year Favorites Houston Astros
High,2013 Hank Aaron #67,RAW,1,1.99,$1.99,Jun-03-26,TY-KC,697039470,2013 Topps Allen & Ginter Hank Aaron #67 Atlanta Braves
High,2025 Anthony Edwards #25,RAW,1,3.99,$2.50,Jun-19-26,WHT-MISC,697022818,2025 Panini NSCC VIP Gold Packs Anthony Edwards #25
High,2023 Tom Brady #MA-5,RAW,1,2.99,$2.65,May-04-26,VAS-MS,697011378,2023 Topps Composite Tom Brady #MA-5 Modern Artists New England Patriots
High,2023 Josue De Paula #BPPF-111,RAW,1,2.09,$3.00,Jun-20-26,TY-KC,696964826,2023 Bowman JOSUE DE PAULA #BCP-111 Chrome 1st Prospect Dodgers
High,2024 Tyler Glasnow #54,RAW,1,3.59,$3.00,Apr-26-26,,696892617,Tyler Glasnow 2024 Topps Chrome #54 Aqua Refractors Los Angeles Dodgers #/199
High,2024 Wade Meckler #22,RAW,1,6.99,$5.50,Jun-06-26,,696862745,Wade Meckler 2024 Topps Chrome #22 Green Raywave Refractors Giants #/99
High,2024 Felnin Celesten #PD-99,RAW,1,8.29,$2.99,Jun-12-26,,696860441,2024 Topps Pro Debut Felnin Celesten #PD-99 Sparkle Foil 50/175
High,2023 Junior Caminero #72,RAW,1,2.09,$2.84,Jul-05-26,,696860387,2023 Leaf TRINITY JUNIOR CAMINERO #72 Tampa Bay Rays
High,2017 George Brett #55,RAW,1,2.99,$2.99,Jun-28-26,,696860354,George Brett 2017 Topps Gold Label #55 Kansas City Royals
High,2024 Terry McLaurin #289,RAW,1,9.96,$6.00,Jul-09-26,,696288518,TERRY MCLAURIN 2024 Panini Prizm #289 Black and White Checker Commanders
High,2024 Luka Doncic #5,RAW,1,6.19,$2.25,Apr-15-26,,696288041,2024-25 Panini Prizm Deca Luka Doncic #5 Downtown Bound Mavericks
High,2025 James Wood #29,RAW,1,2.5,$2.50,Jul-02-26,,692633337,JAMES WOOD 2025 Bowman #29 Mojo Washington Nationals
Medium,2025 Max Clark #BDC-48,RAW,1,15.0,$2.69,Apr-20-26,,1022755533303043072,2025 Panini Caitlin Clark Chronicled #48 WNBA Holo Fever
Medium,2025 Jesús Made #PP-16,RAW,1,3.99,$2.55,Jun-24-26,,1022645574305303552,2025 Bowman Chrome Jesus Made #MM-16 Melt Mashers Brewers
Low,2024 Cristiano Ronaldo #USC-28,RAW,1,55.0,$5.63,Jun-17-26,,1110387797653611520,2023-24 Topps Stadium Club Chrome UEFA Cristiano Ronaldo #7 Man U
Low,2022 Erling Haaland #84,RAW,1,7.0,$9.08,Apr-17-26,,1110387763646194688,2022 Panini Select Premier League Erling Haaland #208 Red Ice Field Level
Low,2025 Konnor Griffin #B25-KG,RAW,1,455.0,$14.00,May-08-26,,1101216223029626880,2025 Bowman's Best KONNOR GRIFFIN #BS-15 Showpieces Pirates
Low,2025 Colin Yeaman #CPA-CY,RAW,1,5.0,$2.99,Jul-09-26,,1096837182824167424,2025 Bowman Draft Sapphire COLIN YEAMAN #BDC-47 Chrome 1st Prospect Orioles
Low,2025 Jordan Sanchez #CPA-JOS,RAW,1,6.0,$6.00,Jun-30-26,,1096837162616010752,2025 Bowman Chrome JORDAN SANCHEZ #CPA-JOS Auto 1st Prospect Orioles
Low,2025 Elly De La Cruz #BA-18,RAW,1,99.0,$39.00,Jun-24-26,,1091810391051186176,2025 Topps Bob Ross: Joy of Baseball Elly De La Cruz #BT-13 Budding Talent /99
Low,2025 Ike Irish #PP-8,RAW,1,20.0,$65.00,Jul-04-26,,1091810348780990464,2025 Bowman Draft IKE IRISH #BDC-16 Chrome College Variation
Low,2023 Lamine Yamal #WK3,PSA 9,1,125.0,$72.12,Apr-21-26,,1091691064922515456,2023-24 Donruss Lamine Yamal Cubic Rated Rookie #177 Barcelona PSA 9
Low,2025 Cristopher Acosta #CPA-CAC,RAW,1,3.31,$3.99,May-09-26,,1062754411870352384,2025 Bowman Chrome CRISTOPHER ACOSTA #CPA-CAC Auto 1st Prospect Brewers
Low,2025 Eli Willits #TP-20,RAW,1,5.0,$2.75,May-08-26,,1062754339770266624,2025 Bowman Draft ELI WILLITS #BDC-1 Chrome 1st Prospect Nationals
Low,2025 Maxime Raynaud #ESG-MR,RAW,1,75.0,$75.00,May-27-26,,1062754315485246464,2025-26 Topps Finest Maxime Raynaud RC #ESG-MR Electrifying Auto Yellow Geo /35
Low,2025 Jacob Wilson #USC150,RAW,1,1.25,$3.50,May-16-26,,1061304667436257280,2025 Bowman's Best JACOB WILSON #P-4 Pixel Portraits RC Athletics
Low,2025 JJ Wetherholt #BDC-145,RAW,1,2.5,$9.50,Jul-06-26,,1061304659760680960,2025 Bowman JJ WETHERHOLT #BCP-22 Chrome Mega Box Refractor 1st Prospect
Low,2025 Gavin Kilen #PP-14,RAW,1,1.5,$1.50,May-26-26,,1061304652319985664,2025 Bowman Draft Gavin Kilen #BDC-40 Chrome Mojo Refractor 1st Prospect Giants
Low,2025 Nick Kurtz #C-16,RAW,1,5.0,$4.90,Jul-03-26,,1061304629486194688,2025 Bowman's Best NICK KURTZ #42 Refractor RC Athletics Rookie
Low,2025 Konnor Griffin #TP-27,RAW,1,14.0,$14.00,May-08-26,,1061304633193959424,2025 Bowman's Best KONNOR GRIFFIN #BS-15 Showpieces Pirates
Low,2025 Carlos Correa #USC164,RAW,1,1.25,$29.00,May-07-26,,1061304610485997568,2025 Topps Chrome Update Carlos Correa #USC164 Orange Geometric Refractor /25
Low,2025 Jacob Wilson #1,RAW,1,1.99,$3.50,May-16-26,,1061304567980920832,2025 Bowman's Best JACOB WILSON #P-4 Pixel Portraits RC Athletics
Low,2025 Nick Kurtz #USC180,RAW,1,2.0,$4.90,Jul-03-26,,1061304560020131840,2025 Bowman's Best NICK KURTZ #42 Refractor RC Athletics Rookie
Low,2025 Nick Kurtz #USC178,RAW,1,5.0,$4.90,Jul-03-26,,1061304539509985280,2025 Bowman's Best NICK KURTZ #42 Refractor RC Athletics Rookie
Low,2025 Logan VanWey #USC141,RAW,1,2.0,$5.50,Apr-22-26,,1061304518328750080,2025 Topps Chrome Update Logan VanWey #USC141 Gold Geometric Refractor /50 RC
Low,2025 Cam Smith #77b,RAW,1,1.99,$4.89,Apr-23-26,,1059872962913757184,2025 Topps Chrome Sapphire Cam Smith Rookie Houston Astros RC #USC145
Low,2025 Andrew Salas #MM-17,RAW,1,1.26,$3.00,Jul-02-26,,1059872966814459904,2025 Bowman Chrome ANDREW SALAS #BCP-156 Prospects Mini-Diamond Miami Marlins
Low,2025 Ethan Frey #CPA-EF,RAW,1,69.0,$11.00,May-11-26,,1059872954642589696,2025 Bowman Draft Ethan Frey #BDC-67 Chrome Sparkle Refractor 1st Prospect
Low,2025 Nate Snead #BDC-38,RAW,1,1.5,$12.00,Jun-14-26,,1059872892625610752,2025 Bowman Draft Nate Snead #CPA-NSN Chrome Auto Refractor /499 1st Prospect
Low,2025 Roman Anthony #BCP-167,RAW,1,24.99,$1.99,Apr-24-26,,1059872879983978496,2026 Topps Roman Anthony #SMLB-25 Stars of MLB Crackleboard Foil RC Red Sox
Low,2025 Mason Morris #BDC-66,RAW,1,1.75,$5.75,May-09-26,,1059872867275237376,2025 Bowman Draft MASON MORRIS #CPA-MM Chrome Auto 1st Prospect Reds
Low,2025 Konnor Griffin #FG-4,RAW,1,6.5,$14.00,May-08-26,,1059872858685302784,2025 Bowman's Best KONNOR GRIFFIN #BS-15 Showpieces Pirates
Low,2025 Jacob Wilson #MM-7,RAW,1,1.89,$3.50,May-16-26,,1059872850850342912,2025 Bowman's Best JACOB WILSON #P-4 Pixel Portraits RC Athletics
Low,2025 Nick Kurtz #MV-11,RAW,1,2.49,$4.90,Jul-03-26,,1059872838368094208,2025 Bowman's Best NICK KURTZ #42 Refractor RC Athletics Rookie
Low,2024 Victor Wembanyama #6,RAW,1,12.0,$2.55,May-25-26,,1054272312996007936,2024-25 Panini Revolution Victor Wembanyama #79 Spurs
Low,2025 Anthony Edwards #151,RAW,1,23.0,$2.50,Jun-19-26,,1054272300278878208,2025 Panini NSCC VIP Gold Packs Anthony Edwards #25
Low,2025 Victor Wembanyama #195,RAW,1,2.99,$2.55,May-25-26,,1054272282931236864,2024-25 Panini Revolution Victor Wembanyama #79 Spurs
Low,2025 Liam Doyle #B25-LDO,RAW,1,31.99,$4.00,May-03-26,,1054255395120188416,2025 Bowman Draft Liam Doyle #BDC-12 Chrome Refractor 1st Prospect Cardinals
Low,2026 Jac Caglianone #138,RAW,1,1.27,$1.50,Apr-18-26,,1048879138484527104,2026 Topps Jac Caglianone #T91-42 1991 RC Royals
Low,2026 Cam Schlittler #T91-86,RAW,1,2.03,$1.99,Apr-19-26,,1048879113704579072,2026 Topps Cam Schlittler #T91-86 1991 RC Yankees
Low,2025 Cam Smith #29,RAW,1,5.59,$4.89,Apr-23-26,,1048879099251007488,2025 Topps Chrome Sapphire Cam Smith Rookie Houston Astros RC #USC145
Low,2025 Cam Smith #29,RAW,1,4.79,$4.89,Apr-23-26,,1048879102740668416,2025 Topps Chrome Sapphire Cam Smith Rookie Houston Astros RC #USC145
Low,2025 Ike Irish #PP-8,RAW,1,1.99,$65.00,Jul-04-26,,1048879078237544448,2025 Bowman Draft IKE IRISH #BDC-16 Chrome College Variation
Low,2025 Cam Smith #USC19,RAW,1,7.98,$4.89,Apr-23-26,,1047252032771876864,2025 Topps Chrome Sapphire Cam Smith Rookie Houston Astros RC #USC145
Low,2025 JB Middleton #BDC-78,RAW,1,6.99,$10.75,Jun-29-26,,1046833696337067008,2025 Bowman Draft JB Middleton #CPA-JM Chrome Auto Refractor /499 1st Prospect
Low,2024 Stephon Castle #16,RAW,1,4.29,$14.25,Apr-21-26,,1043923567795027968,2024 Panini Donruss Optic Stephon Castle #254 Holo Prizm RC Rated Rookie
Low,2025 Caitlin Clark #72,RAW,1,3.99,$2.69,Apr-20-26,,1043923552729088000,2025 Panini Caitlin Clark Chronicled #48 WNBA Holo Fever
Low,2025 Caitlin Clark #36,RAW,1,54.29,$2.69,Apr-20-26,,1043923544550195200,2025 Panini Caitlin Clark Chronicled #48 WNBA Holo Fever
Low,2025 Caitlin Clark #69,RAW,1,4.0,$2.69,Apr-20-26,,1043923540649492480,2025 Panini Caitlin Clark Chronicled #48 WNBA Holo Fever
Low,2025 Caitlin Clark #38,RAW,1,2.69,$2.69,Apr-20-26,,1043923529383591936,2025 Panini Caitlin Clark Chronicled #48 WNBA Holo Fever
Low,2024 Donovan Clingan #11,RAW,1,1.99,$10.00,Apr-24-26,,1043923505106960384,2024-25 Panini Obsidian Donovan Clingan Electric Etch Caldera Flood #175 SSP
Low,2024 Donovan Clingan #272,RAW,1,2.59,$10.00,Apr-24-26,,1043923490015854592,2024-25 Panini Obsidian Donovan Clingan Electric Etch Caldera Flood #175 SSP
Low,2024 Luka Doncic #1,RAW,1,1.99,$2.25,Apr-15-26,,1043923474631147520,2024-25 Panini Prizm Deca Luka Doncic #5 Downtown Bound Mavericks
Low,2024 Stephon Castle #14,RAW,1,3.59,$14.25,Apr-21-26,,1043923454079057920,2024 Panini Donruss Optic Stephon Castle #254 Holo Prizm RC Rated Rookie
Low,2025 Cade Obermueller #CPA-CO,RAW,1,7.99,$9.49,Jul-01-26,,1042504035083762688,2025 Bowman Draft CADE OBERMUELLER #CPA-CO Chrome Auto 1st Prospect Phillies
Low,2025 Konnor Griffin #BDC-102,RAW,1,16.38,$14.00,May-08-26,,1042486305913171968,2025 Bowman's Best KONNOR GRIFFIN #BS-15 Showpieces Pirates
Low,2025 Stephen Curry #SF-1,RAW,1,45.0,$15.95,May-12-26,,1035799608568248320,2025-26 Finest Stephen Curry #74 Oil Spill Refractor Golden State Warriors
Low,2025 Trevor Cohen #BDC-46,RAW,1,3.95,$7.00,May-09-26,,1034549126255304704,2025 Bowman Draft TREVOR COHEN #CPA-TC Chrome Auto 1st Prospect Giants
Low,2025 Mason Morris #BDC-66,RAW,1,1.79,$5.75,May-09-26,,1033779111204236288,2025 Bowman Draft MASON MORRIS #CPA-MM Chrome Auto 1st Prospect Reds
Low,2025 Jacob Wilson #1,RAW,1,3.99,$3.50,May-16-26,,1033049353018115072,2025 Bowman's Best JACOB WILSON #P-4 Pixel Portraits RC Athletics
Low,2025 Kyle Teel #PD-185,RAW,1,2.5,$1.50,May-06-26,,1033049339940275200,2025 Bowman Chrome KYLE TEEL #MV-2 Max Volume White Sox
Low,2024 Baltimore Orioles #192,RAW,1,1.99,$3.25,Jul-02-26,,1025652292131201024,2024 Topps Update JACKSON HOLLIDAY #US97 Rainbow Foil Baltimore Orioles
Low,2024 Tyler Glasnow #89,RAW,1,1.99,$3.00,Apr-26-26,,1025652164162985984,Tyler Glasnow 2024 Topps Chrome #54 Aqua Refractors Los Angeles Dodgers #/199
Low,2024 Shohei Ohtani #2,RAW,1,40.0,$3.80,Jul-04-26,,1025634877601487872,SHOHEI OHTANI 2024 Topps Now #16 /50 Dodgers Baseball MLB
Low,2024 Aaron Judge #4,RAW,2,5.14,$200.00,Jun-16-26,,1025634881057594368,2024 Topps Black and White AARON JUDGE /49 Blue Parallel SP Yankees #7 PSA 10
Low,2024 Jackson Merrill #699b,RAW,1,22.0,$7.00,Apr-28-26,,1025634869716196352,2024 Bowman's Best Jackson Merrill #56 Aqua Lava Refractor 14/199 RC Padres
Low,2024 Jackson Holliday #697b,RAW,1,9.59,$3.25,Jul-02-26,,1025634873558178816,2024 Topps Update JACKSON HOLLIDAY #US97 Rainbow Foil Baltimore Orioles
Low,2024 Chicago Cubs #165,RAW,1,1.99,$2.00,Jun-28-26,,1025634830373624832,2024 Bowman Draft Sapphire Edition Ariel Armas #BDC-109 Chicago Cubs
Low,2025 Drake Baldwin #U90-32,RAW,1,0.99,$38.00,May-07-26,,1025525793845414912,2025 Bowman Chrome DRAKE BALDWIN #75 Red RC Variation Braves
Low,2025 Jacob Wilson #139,RAW,1,4.0,$3.50,May-16-26,,1025525785062542336,2025 Bowman's Best JACOB WILSON #P-4 Pixel Portraits RC Athletics
Low,2025 Aaron Judge #38,RAW,1,4.99,$13.00,May-10-26,,1024286470352191488,2025 Bowman's Best AARON JUDGE #P-23 Pixel Portraits Yankees
Low,2025 Shohei Ohtani #46,RAW,1,20.0,$14.00,Jun-18-26,,1024286460822732800,2025 Topps Pristine SHOHEI OHTANI #160 Dodgers
Low,2025 Jac Caglianone #TP-3,RAW,1,3.3,$2.50,May-05-26,,1024286449783324672,2025 Bowman Chrome JAC CAGLIANONE #IT-4 It Came to the League Royals
Low,2025 Charlie Condon #TP-8,RAW,1,2.5,$1.99,May-16-26,,1024286428878913536,2025 Bowman's Best Charlie Condon #P-6 Pixel Portraits Rockies
Low,2025 Joan Beringer #217,RAW,1,20.0,$3.00,Jul-09-26,,1023517759629182976,2025-26 Topps Chrome JOAN BERINGER #267 Pulsar Refractor Minnesota Timberwolves
Low,2025 Noa Essengue #262,RAW,1,10.0,$3.00,Jun-16-26,,1023517674476423168,2025-26 Topps Finest Noa Essengue #12 Common X-Fractor RC Bulls
Low,2026 Jac Caglianone #BTP-22,RAW,1,1.75,$1.50,Apr-18-26,,1022755564760323072,2026 Topps Jac Caglianone #T91-42 1991 RC Royals
Low,2025 Andrew Salas #BDC-34,RAW,1,8.99,$3.00,Jul-02-26,,1022755539544167424,2025 Bowman Chrome ANDREW SALAS #BCP-156 Prospects Mini-Diamond Miami Marlins
Low,2025 Kade Anderson #BIA-8,RAW,1,3.59,$24.00,May-07-26,,1022755512121807872,2025 Bowman Draft Sapphire KADE ANDERSON #BDC-3 Chrome 1st Prospect Mariners
Low,2025 Josuar Gonzalez #BDC-182,RAW,1,1.6,$3.25,Jun-01-26,,1022755501921260544,2025 Bowman Chrome JOSUAR GONZALEZ #BCP-153 1st Prospect Giants
Low,2026 Jac Caglianone #T91-42,RAW,1,2.0,$1.50,Apr-18-26,,1022645619830279168,2026 Topps Jac Caglianone #T91-42 1991 RC Royals
Low,2026 Jac Caglianone #TP-22,RAW,2,2.0,$1.50,Apr-18-26,,1022645623093447680,2026 Topps Jac Caglianone #T91-42 1991 RC Royals
Low,2026 Cole Young #91C-8,RAW,1,2.25,$22.03,May-06-26,,1022645600326765568,2026 Topps Cole Young #T91-98 1991 Blue 60/150 RC Mariners
Low,2026 Aaron Judge #TP-18,RAW,1,1.99,$10.25,Jun-27-26,,1022645547344317440,2026 Topps Chrome Black AARON JUDGE #8 Yankees
Low,2025 Jesus Made #BDC-196,RAW,1,2.79,$2.55,Jun-24-26,,1022645550238387200,2025 Bowman Chrome Jesus Made #MM-16 Melt Mashers Brewers
Low,2025 Liam Doyle #PP-4,RAW,1,1.99,$4.00,May-03-26,,1022645540541156352,2025 Bowman Draft Liam Doyle #BDC-12 Chrome Refractor 1st Prospect Cardinals
Low,2025 Dax Kilby #PP-12,RAW,1,2.25,$2.00,Jun-01-26,,1022645506198195200,2025 Bowman Draft DAX KILBY #BDC-146 Chrome 1st Prospect Yankees
Low,2025 Zyhir Hope #BIA-11,RAW,1,2.5,$9.00,May-29-26,,1022645509679467520,2025 Bowman Draft ZYHIR HOPE #A-15 Axis Chrome Green Refractor /99 Dodgers
Low,2025 Max Belyeu #CPA-MB,RAW,1,59.0,$13.99,May-08-26,,1019276328550295552,2025 Bowman Draft Max Belyeu #CPA-MB Chrome Auto Mojo Refractor /150 Rockies
Low,2025 Charlie Condon #PP-20,RAW,1,1.0,$1.99,May-16-26,,1019261210591427584,2025 Bowman's Best Charlie Condon #P-6 Pixel Portraits Rockies
Low,2025 Max Belyeu #BDC-5,RAW,1,18.99,$13.99,May-08-26,,1019261144522750976,2025 Bowman Draft Max Belyeu #CPA-MB Chrome Auto Mojo Refractor /150 Rockies
Low,2025 Andrew Salas #BDC-34,RAW,1,2.59,$3.00,Jul-02-26,1/2,1013996176947922944,2025 Bowman Chrome ANDREW SALAS #BCP-156 Prospects Mini-Diamond Miami Marlins
Low,2025 Billy Carlson #CPA-BC,RAW,1,69.6,$5.95,Jun-21-26,1/2,1013980274797955072,2025 Bowman Draft Sapphire BILLY CARLSON #BDC-10 Chrome 1st Prospect White Sox
Low,2024 Felnin Celesten #BD-76,RAW,1,3.55,$2.99,Jun-12-26,1/2,1013980244758349824,2024 Topps Pro Debut Felnin Celesten #PD-99 Sparkle Foil 50/175
Low,2025 Karl-Anthony Towns #179,RAW,1,8.99,$35.00,May-05-26,,1010997276557529088,2025-26 Topps Chrome Karl-Anthony Towns #SS-KAT Signature Style Refractors
Low,2025 Allen Iverson #CG-29,RAW,1,1.75,$6.45,Jul-06-26,,1010997259729981440,2025-26 Topps Finest ALLEN IVERSON #M-1 Muse X-fractor 76ers Basketball
Low,2025 Paul Skenes #ASG-27,RAW,2,2.99,$4.00,May-11-26,,1010623175334579200,2025 Topps Cosmic Chrome PAUL SKENES #100 Pirates
Low,2025 Nick Kurtz #90CU-21,RAW,1,3.99,$4.90,Jul-03-26,,1010623180887837696,2025 Bowman's Best NICK KURTZ #42 Refractor RC Athletics Rookie
Low,2025 Gavin Kilen #A-5,RAW,1,3.23,$1.50,May-26-26,,1010623160201530368,2025 Bowman Draft Gavin Kilen #BDC-40 Chrome Mojo Refractor 1st Prospect Giants
Low,2025 Mike Trout #F15-3,RAW,1,1.99,$5.29,May-11-26,,1010623126991031296,2025 Bowman's Best Mike Trout #P-9 Pixel Portraits Angels
Low,2025 James Wood #USC95,RAW,2,1.99,$2.50,Jul-02-26,,1010623132913388544,JAMES WOOD 2025 Bowman #29 Mojo Washington Nationals
Low,2025 Billy Carlson #BIA-19,RAW,1,3.99,$5.95,Jun-21-26,,1010623101036678144,2025 Bowman Draft Sapphire BILLY CARLSON #BDC-10 Chrome 1st Prospect White Sox
Low,2025 Ike Irish #BDN-6,RAW,1,1.99,$65.00,Jul-04-26,,1010623075946351616,2025 Bowman Draft IKE IRISH #BDC-16 Chrome College Variation
Low,2025 Liam Doyle #PP-4,RAW,1,4.49,$4.00,May-03-26,,1010623070040771584,2025 Bowman Draft Liam Doyle #BDC-12 Chrome Refractor 1st Prospect Cardinals
Low,2025 Ike Irish #A-9,RAW,1,1.5,$65.00,Jul-04-26,,1010623073010338816,2025 Bowman Draft IKE IRISH #BDC-16 Chrome College Variation
Low,2025 Ike Irish #PP-8,RAW,1,1.99,$65.00,Jul-04-26,,1010623060620364800,2025 Bowman Draft IKE IRISH #BDC-16 Chrome College Variation
Low,2025 Gavin Kilen #A-5,RAW,1,1.7,$1.50,May-26-26,,1010623053783649280,2025 Bowman Draft Gavin Kilen #BDC-40 Chrome Mojo Refractor 1st Prospect Giants
Low,2025 Nick Kurtz #US201,RAW,1,10.0,$4.90,Jul-03-26,,1009724633968313344,2025 Bowman's Best NICK KURTZ #42 Refractor RC Athletics Rookie
Low,2026 Roman Anthony #TOG-9,RAW,1,3.0,$1.99,Jun-18-26,,1007375164532592640,2026 Bowman ROMAN ANTHONY #18 Chrome Rookie Red RC Variation Sox
Low,2026 Jacob Misiorowski #SMLB-26,RAW,1,1.52,$6.00,Jun-15-26,,1007375091308433408,2026 Bowman Mega Box Jacob Misiorowski #BST-13 Sterling Chrome Mojo Refractor
Low,2026 Bubba Chandler #283,RAW,1,2.25,$5.50,Apr-20-26,,1007375094823260160,2026 Topps Bubba Chandler #91R-BC 1991 Relic MEM RC Pirates
Low,2026 Jac Caglianone #TOG-12,RAW,2,1.5,$1.50,Apr-18-26,,1007375087399342080,2026 Topps Jac Caglianone #T91-42 1991 RC Royals
Low,2025 Travis Bazzana #131,RAW,1,1.99,$2.50,May-25-26,,1004647100225658880,2025 Bowman Draft TRAVIS BAZZANA #BDC-49 Chrome X-Fractor Guardians
Low,2025 James Wood #41,RAW,1,1.99,$2.50,Jul-02-26,,1004647103715319808,JAMES WOOD 2025 Bowman #29 Mojo Washington Nationals
Low,2025 Jacob Wilson #76,RAW,1,1.99,$3.50,May-16-26,,1004647090947858432,2025 Bowman's Best JACOB WILSON #P-4 Pixel Portraits RC Athletics
Low,2019 Kyle Tucker #94,RAW,1,1.99,$1.79,Jun-25-26,,1004647083414888448,2019 Bowman Kyle Tucker #ROYF-1 Rookie of the Year Favorites Houston Astros
Low,2019 Kyle Tucker #60,RAW,1,1.99,$1.79,Jun-25-26,,1004647079665180672,2019 Bowman Kyle Tucker #ROYF-1 Rookie of the Year Favorites Houston Astros
Low,2025 Jacob Wilson #76,RAW,1,1.99,$3.50,May-16-26,,1004647065681371136,2025 Bowman's Best JACOB WILSON #P-4 Pixel Portraits RC Athletics
Low,2025 Jesus Made #BP-66,RAW,1,1.99,$2.55,Jun-24-26,,1001649823215099904,2025 Bowman Chrome Jesus Made #MM-16 Melt Mashers Brewers
Low,2025 James Wood #181,RAW,1,1.5,$2.50,Jul-02-26,,1001649826503434240,JAMES WOOD 2025 Bowman #29 Mojo Washington Nationals
Low,2025 Jacob Wilson #9,RAW,1,1.25,$3.50,May-16-26,,1001649819180179456,2025 Bowman's Best JACOB WILSON #P-4 Pixel Portraits RC Athletics
Low,2024 Pete Crow-Armstrong #89B2-5,RAW,1,8.0,$5.25,Jul-08-26,,1001649799206903808,PETE CROW-ARMSTRONG 2024 Topps #89B2-5 1989 35th Anniversary Foil Cubs RC Rookie
Low,2025 Jacob Wilson #314,RAW,1,1.5,$3.50,May-16-26,,1001649802528792576,2025 Bowman's Best JACOB WILSON #P-4 Pixel Portraits RC Athletics
Low,2025 JJ Wetherholt #GL-17,RAW,1,1.99,$9.50,Jul-06-26,,1001649767816732672,2025 Bowman JJ WETHERHOLT #BCP-22 Chrome Mega Box Refractor 1st Prospect
Low,2025 Jac Caglianone #BCP-103,RAW,1,1.75,$2.50,May-05-26,,1001649760803856384,2025 Bowman Chrome JAC CAGLIANONE #IT-4 It Came to the League Royals
Low,2025 Charlie Condon #BP-75,RAW,1,1.29,$1.99,May-16-26,,1001649747138813952,2025 Bowman's Best Charlie Condon #P-6 Pixel Portraits Rockies
Low,2025 James Wood #SMLB-18,RAW,1,1.59,$2.50,Jul-02-26,,1001649732727185408,JAMES WOOD 2025 Bowman #29 Mojo Washington Nationals
Low,2025 Jac Caglianone #BCP-103,RAW,1,3.5,$2.50,May-05-26,,1001649726351843328,2025 Bowman Chrome JAC CAGLIANONE #IT-4 It Came to the League Royals
Low,2025 Aaron Judge #PP-1,RAW,1,3.49,$13.00,May-10-26,,999715687076171776,2025 Bowman's Best AARON JUDGE #P-23 Pixel Portraits Yankees
Low,2025 Dax Kilby #PP-12,RAW,1,2.85,$2.00,Jun-01-26,,999035091938708480,2025 Bowman Draft DAX KILBY #BDC-146 Chrome 1st Prospect Yankees
Low,2025 Jacob Wilson #1,RAW,1,2.99,$3.50,May-16-26,,996617356631536640,2025 Bowman's Best JACOB WILSON #P-4 Pixel Portraits RC Athletics
Low,2025 Nick Kurtz #93,RAW,1,8.5,$4.90,Jul-03-26,,996617360364467200,2025 Bowman's Best NICK KURTZ #42 Refractor RC Athletics Rookie
Low,2025 Nick Kurtz #213,RAW,1,1.99,$4.90,Jul-03-26,,996617346984637440,2025 Bowman's Best NICK KURTZ #42 Refractor RC Athletics Rookie
Low,2025 Cris Rodriguez #BMA-CR,RAW,1,50.0,$1.69,Jul-02-26,,996617350583350272,2025 Bowman Chrome CRIS RODRIGUEZ #BCP-250 1st Prospect Tigers
Low,2025 Jacob Wilson #1,RAW,1,2.25,$3.50,May-16-26,,996617353754244096,2025 Bowman's Best JACOB WILSON #P-4 Pixel Portraits RC Athletics
Low,2025 Charlie Condon #BCP-248,RAW,1,1.99,$1.99,May-16-26,,996617323412648960,2025 Bowman's Best Charlie Condon #P-6 Pixel Portraits Rockies
Low,2025 Cam Smith #US45,RAW,1,3.59,$4.89,Apr-23-26,,996617319973319680,2025 Topps Chrome Sapphire Cam Smith Rookie Houston Astros RC #USC145
Low,2025 Nick Kurtz #US201,RAW,1,2.25,$4.90,Jul-03-26,,996617291846317056,2025 Bowman's Best NICK KURTZ #42 Refractor RC Athletics Rookie
Low,2025 Cam Smith #77,RAW,1,1.99,$4.89,Apr-23-26,,996617284070077440,2025 Topps Chrome Sapphire Cam Smith Rookie Houston Astros RC #USC145
Low,2025 Paul Skenes #30,RAW,1,2.49,$4.00,May-11-26,,996617272753845248,2025 Topps Cosmic Chrome PAUL SKENES #100 Pirates
Low,2025 Aaron Judge #99,RAW,1,1.99,$13.00,May-10-26,,996617237043540992,2025 Bowman's Best AARON JUDGE #P-23 Pixel Portraits Yankees
Low,2024 Drake Maye #27,RAW,1,4.5,$2.25,Jul-03-26,,995883215918356480,DRAKE MAYE 2024 Panini Select #20 Patriots RC Rookie Football NFL
Low,2025 Nick Kurtz #USC178,RAW,1,22.0,$4.90,Jul-03-26,,995881264986764288,2025 Bowman's Best NICK KURTZ #42 Refractor RC Athletics Rookie
Low,2025 Noa Essengue #262,RAW,1,1.2,$3.00,Jun-16-26,,993777645455256576,2025-26 Topps Finest Noa Essengue #12 Common X-Fractor RC Bulls
Low,2025 Noa Essengue #D-11,RAW,1,1.25,$3.00,Jun-16-26,,993777642158533632,2025-26 Topps Finest Noa Essengue #12 Common X-Fractor RC Bulls
Low,2019 Kyle Tucker #43,RAW,1,1.99,$1.79,Jun-25-26,,987142715476521984,2019 Bowman Kyle Tucker #ROYF-1 Rookie of the Year Favorites Houston Astros
Low,2024 Drake Maye #103,RAW,1,6.99,$2.25,Jul-03-26,,985978894011224064,DRAKE MAYE 2024 Panini Select #20 Patriots RC Rookie Football NFL
Low,2024 Drake Maye #24,RAW,1,7.45,$2.25,Jul-03-26,,985978894749421568,DRAKE MAYE 2024 Panini Select #20 Patriots RC Rookie Football NFL
Low,2024 Drake Maye #203,RAW,1,15.0,$2.25,Jul-03-26,,985978895378567168,DRAKE MAYE 2024 Panini Select #20 Patriots RC Rookie Football NFL
Low,2024 Drake Maye #RO-DME,RAW,1,6.0,$2.25,Jul-03-26,,985978895546339328,DRAKE MAYE 2024 Panini Select #20 Patriots RC Rookie Football NFL
Low,2024 Drake Maye #RR-DME,RAW,1,6.99,$2.25,Jul-03-26,,985978895873495040,DRAKE MAYE 2024 Panini Select #20 Patriots RC Rookie Football NFL
Low,2024 Drake Maye #113,RAW,1,7.0,$2.25,Jul-03-26,,985978896032878592,DRAKE MAYE 2024 Panini Select #20 Patriots RC Rookie Football NFL
Low,2024 Drake Maye #27,RAW,1,7.99,$2.25,Jul-03-26,,985978896242593792,DRAKE MAYE 2024 Panini Select #20 Patriots RC Rookie Football NFL
Low,2025 Ace Bailey #255,RAW,1,2.0,$1.00,May-12-26,,977938047223135232,2025-26 Topps Finest Ace Bailey #5 Common RC Jazz
Low,2025 Giannis Antetokounmpo #IP-3,RAW,1,1.75,$0.99,May-08-26,,977938047944555520,2025-26 Topps Chrome Giannis Antetokounmpo #137 Prism Refractor Milwaukee Bucks
Low,2025 Noa Essengue #262,RAW,1,1.75,$3.00,Jun-16-26,,977938050503080960,2025-26 Topps Finest Noa Essengue #12 Common X-Fractor RC Bulls
Low,2025 Donovan Mitchell #BD-7,RAW,1,1.99,$7.00,Apr-25-26,,977938053455870976,2025-26 Topps Chrome Donovan Mitchell #69 Negative Refractor Cavaliers
Low,2025 Dwyane Wade #SF-12,RAW,1,2.99,$3.99,Apr-30-26,,977938053858524160,2025-26 Topps Chrome Dwyane Wade #241 Teal Refractor Miami Heat #/299
Low,2025 Dylan Harper #GT-17,RAW,1,2.99,$3.98,Jul-03-26,,977938054210845696,DYLAN HARPER 2025-26 Topps Chrome #GR-2 Spurs RC Rookie Basketball NBA
Low,2025 Anthony Edwards #IP-5,Excellent,1,1.89,$2.50,Jun-19-26,,974243551217391616,2025 Panini NSCC VIP Gold Packs Anthony Edwards #25
Low,2025 Ace Bailey #GT-20,Excellent,1,2.25,$1.00,May-12-26,,970615144164128768,2025-26 Topps Finest Ace Bailey #5 Common RC Jazz
Low,2025 Joel Embiid #IP-10,Excellent,1,1.99,$5.00,Jun-16-26,,970615144801662976,2025-26 Topps Chrome Joel Embiid #149 Magenta Refractor Philadelphia 76ers #/399
Low,2025 Noa Essengue #262,Excellent,1,1.59,$3.00,Jun-16-26,,970615146554882048,2025-26 Topps Finest Noa Essengue #12 Common X-Fractor RC Bulls
Low,2024 Luka Doncic #214,Excellent,1,2.5,$2.25,Apr-15-26,,970615146923980800,2024-25 Panini Prizm Deca Luka Doncic #5 Downtown Bound Mavericks
Low,2025 Nick Kurtz #USC180,Excellent,1,17.0,$4.90,Jul-03-26,,967012865955844096,2025 Bowman's Best NICK KURTZ #42 Refractor RC Athletics Rookie
Low,2025 Nick Kurtz #H40,Excellent,1,2.69,$4.90,Jul-03-26,,967012866324942848,2025 Bowman's Best NICK KURTZ #42 Refractor RC Athletics Rookie
Low,2025 Nick Kurtz #USC178,Excellent,1,19.99,$4.90,Jul-03-26,,967012865687408640,2025 Bowman's Best NICK KURTZ #42 Refractor RC Athletics Rookie
Low,2025 Ohtani #86,Excellent,1,2.5,$14.00,Jun-18-26,,966930178230439936,2025 Topps Pristine SHOHEI OHTANI #160 Dodgers
Low,2024 Junior Caminero #US223,Excellent,1,1.5,$1.74,Apr-27-26,,966930178356269056,2024 Topps Junior Caminero #2T89C-63 35th Anniversary Chrome RC Rays
Low,2025 Aaron Judge #300,Excellent,1,1.49,$13.00,May-10-26,,965656465640881152,2025 Bowman's Best AARON JUDGE #P-23 Pixel Portraits Yankees
Low,2025 Quinshon Judkins #TH-7,Excellent,1,24.0,$7.99,Apr-21-26,,964645267474262016,2025 Panini Phoenix Quinshon Judkins #12 Thunderbirds Silver Pandora Prizm /249
Low,2025 Jesus Made #MR-3,Excellent,1,2.0,$2.55,Jun-24-26,,964034039109822464,2025 Bowman Chrome Jesus Made #MM-16 Melt Mashers Brewers
Low,2025 Mike Trout #1,Excellent,1,8.0,$5.29,May-11-26,,964034039487309824,2025 Bowman's Best Mike Trout #P-9 Pixel Portraits Angels
Low,2024 Paul Skenes #US288,Excellent,1,2.75,$8.20,Apr-29-26,,964034040527497216,2024 Topps Chrome Update Paul Skenes #FSU-17 Future Stars RC Pirates
Low,2025 Jose Perdomo #BCP-106,Excellent,1,4.99,$10.00,Jun-18-26,,964034040653326336,2025 Bowman Jose Perdomo #BMA-JP Chrome Prospect Auto Mega Green Refractor /99
Low,2025 Sebastian Walcott #BP-133,Excellent,1,3.99,$1.50,Jun-19-26,,964034036517742592,2025 Bowman Draft Sapphire SEBASTIAN WALCOTT #BDC-169 Chrome Rangers
Low,2025 Mike Trout #H50,Excellent,2,3.0,$5.29,May-11-26,,960524476117929984,2025 Bowman's Best Mike Trout #P-9 Pixel Portraits Angels
Low,2025 Francisco Lindor #H171,Excellent,1,1.49,$2.10,May-18-26,,960524476906459136,2025 Bowman's Best FRANCISCO LINDOR #58 Blue Refractor /150 Mets
Low,2025 Quinshon Judkins #50,RAW,1,1.99,$7.99,Apr-21-26,,956095589325942784,2025 Panini Phoenix Quinshon Judkins #12 Thunderbirds Silver Pandora Prizm /249
Low,2023 Tuli Tuipulotu #RS-TUT,RAW,1,25.0,$1.99,Jun-18-26,,956095586968743936,2023 Panini Prizm Tuli Tuipulotu #354 Silver Los Angeles Chargers
Low,2025 Aaron Judge #SMLB-2,RAW,1,1.35,$13.00,May-10-26,,955961925606500352,2025 Bowman's Best AARON JUDGE #P-23 Pixel Portraits Yankees
Low,2025 Ohtani #86,RAW,1,1.25,$14.00,Jun-18-26,,955961926277588992,2025 Topps Pristine SHOHEI OHTANI #160 Dodgers
Low,2024 Junior Caminero #56,RAW,1,1.99,$1.74,Apr-27-26,,955961926839625728,2024 Topps Junior Caminero #2T89C-63 35th Anniversary Chrome RC Rays
Low,2024 Junior Caminero #267,RAW,1,1.0,$1.74,Apr-27-26,,955961927108061184,2024 Topps Junior Caminero #2T89C-63 35th Anniversary Chrome RC Rays
Low,2024 Jayden Daniels #FS-2,RAW,1,1.99,$1.99,Jul-03-26,,955514177011003392,2024 Topps Resurgence JAYDEN DANIELS #C-6 Conductors RC Commanders
Low,2024 Jackson Holliday #US97,RAW,1,3.25,$3.25,Jul-02-26,,953927959411969024,2024 Topps Update JACKSON HOLLIDAY #US97 Rainbow Foil Baltimore Orioles
Low,2024 Jackson Merrill #US210,RAW,1,1.59,$7.00,Apr-28-26,,953927959546186752,2024 Bowman's Best Jackson Merrill #56 Aqua Lava Refractor 14/199 RC Padres
Low,2024 Jackson Merrill #US169,RAW,1,1.59,$7.00,Apr-28-26,,953927959806233600,2024 Bowman's Best Jackson Merrill #56 Aqua Lava Refractor 14/199 RC Padres
Low,2024 Jackson Holliday #CSMLB-83,RAW,1,1.75,$3.25,Jul-02-26,,953927960745757696,2024 Topps Update JACKSON HOLLIDAY #US97 Rainbow Foil Baltimore Orioles
Low,2024 Jackson Holliday #US50,RAW,1,2.25,$3.25,Jul-02-26,,953927961811110912,2024 Topps Update JACKSON HOLLIDAY #US97 Rainbow Foil Baltimore Orioles
Low,2024 Aaron Judge #86,RAW,1,8.5,$200.00,Jun-16-26,,947430399088578560,2024 Topps Black and White AARON JUDGE /49 Blue Parallel SP Yankees #7 PSA 10
Low,2023 Aaron Judge #22GH-25,RAW,1,1.25,$13.00,May-10-26,,947430399222796288,2025 Bowman's Best AARON JUDGE #P-23 Pixel Portraits Yankees
Low,2023 Aaron Judge #AW-1,RAW,1,1.99,$13.00,May-10-26,,947430399482843136,2025 Bowman's Best AARON JUDGE #P-23 Pixel Portraits Yankees
Low,2025 Aaron Judge #GH-1,RAW,1,1.81,$13.00,May-10-26,,947430395355648000,2025 Bowman's Best AARON JUDGE #P-23 Pixel Portraits Yankees
Low,2023 Aaron Judge #59,RAW,1,1.25,$13.00,May-10-26,,947430395481477120,2025 Bowman's Best AARON JUDGE #P-23 Pixel Portraits Yankees
Low,2023 Aaron Judge #63,RAW,1,1.59,$13.00,May-10-26,,947430395607306240,2025 Bowman's Best AARON JUDGE #P-23 Pixel Portraits Yankees
Low,2025 Paul Skenes #30,RAW,1,1.29,$4.00,May-11-26,,947430395867353088,2025 Topps Cosmic Chrome PAUL SKENES #100 Pirates
Low,2023 Aaron Judge #NT-2,RAW,1,1.76,$13.00,May-10-26,,947430396127399936,2025 Bowman's Best AARON JUDGE #P-23 Pixel Portraits Yankees
Low,2023 Aaron Judge #SMLB-13,RAW,1,1.32,$13.00,May-10-26,,947430396270006272,2025 Bowman's Best AARON JUDGE #P-23 Pixel Portraits Yankees
Low,2025 Paul Skenes #SMLB-27,RAW,1,1.35,$4.00,May-11-26,,947430396530053120,2025 Topps Cosmic Chrome PAUL SKENES #100 Pirates
Low,2025 Masyn Winn #22,RAW,1,1.25,$145.00,Apr-24-26,,947430396915929088,2025 Bowman's Best Masyn Winn #44 Red Refractor 1/5 Cardinals Bookend
Low,2025 Masyn Winn #244,RAW,1,2.25,$145.00,Apr-24-26,,947430397050146816,2025 Bowman's Best Masyn Winn #44 Red Refractor 1/5 Cardinals Bookend
Low,2025 Nick Kurtz #BP-114,RAW,1,1.85,$4.90,Jul-03-26,,947430397301805056,2025 Bowman's Best NICK KURTZ #42 Refractor RC Athletics Rookie
Low,2023 Aaron Judge #62,RAW,2,12.0,$13.00,May-10-26,,947430397427634176,2025 Bowman's Best AARON JUDGE #P-23 Pixel Portraits Yankees
Low,2023 Aaron Judge #152,RAW,1,2.48,$13.00,May-10-26,,947430397679292416,2025 Bowman's Best AARON JUDGE #P-23 Pixel Portraits Yankees
Low,2025 Masyn Winn #100,RAW,1,1.0,$145.00,Apr-24-26,,947430398316826624,2025 Bowman's Best Masyn Winn #44 Red Refractor 1/5 Cardinals Bookend
Low,2025 Paul Skenes #29,RAW,1,1.25,$4.00,May-11-26,,947430398568484864,2025 Topps Cosmic Chrome PAUL SKENES #100 Pirates
Low,2025 Jacob Wilson #76,RAW,1,1.25,$3.50,May-16-26,,947430398685925376,2025 Bowman's Best JACOB WILSON #P-4 Pixel Portraits RC Athletics
Low,2022 Malik Willis #SP-305,RAW,1,1.39,$1.99,Jun-04-26,,937381525006385152,2022 Panini Mosaic Malik Willis #272 Mosaic Tennessee Titans
Low,2025 Francisco Lindor #H171,RAW,1,1.99,$2.10,May-18-26,,930668543938423808,2025 Bowman's Best FRANCISCO LINDOR #58 Blue Refractor /150 Mets
Low,2025 Mike Trout #H50,RAW,1,4.99,$5.29,May-11-26,,930668544332688384,2025 Bowman's Best Mike Trout #P-9 Pixel Portraits Angels
Low,2024 Donovan Clingan #95,RAW,1,1.99,$10.00,Apr-24-26,,921895850695043072,2024-25 Panini Obsidian Donovan Clingan Electric Etch Caldera Flood #175 SSP
Low,2024 Donovan Clingan #9,RAW,1,1.99,$10.00,Apr-24-26,,921895830906316800,2024-25 Panini Obsidian Donovan Clingan Electric Etch Caldera Flood #175 SSP
Low,2024 Donovan Clingan #9,RAW,1,3.09,$10.00,Apr-24-26,,921895831459964928,2024-25 Panini Obsidian Donovan Clingan Electric Etch Caldera Flood #175 SSP
Low,2025 Nolan Traore #219,RAW,1,1.99,$3.50,May-08-26,,920521691620496384,2025-26 Topps Chrome Nolan Traore #269 Negative Refractor RC Nets
Low,2025 Noa Essengue #212,RAW,1,1.99,$3.00,Jun-16-26,,920521694741058560,2025-26 Topps Finest Noa Essengue #12 Common X-Fractor RC Bulls
Low,2025 Cedric Coward #211,RAW,1,1.99,$1.75,May-09-26,,920521696452334592,2025-26 Topps Finest Cedric Coward #11 Common RC Grizzlies
Low,2025 Ace Bailey #205,RAW,1,3.0,$1.00,May-12-26,,920521686948041728,2025-26 Topps Finest Ace Bailey #5 Common RC Jazz
Low,2025 Maxime Raynaud #243,RAW,1,1.99,$75.00,May-27-26,,920521674054751232,2025-26 Topps Finest Maxime Raynaud RC #ESG-MR Electrifying Auto Yellow Geo /35
Low,2025 Dylan Harper #202,RAW,1,3.0,$3.98,Jul-03-26,,920521676328064000,DYLAN HARPER 2025-26 Topps Chrome #GR-2 Spurs RC Rookie Basketball NBA
Low,2025 Cedric Coward #211,RAW,1,1.99,$1.75,May-09-26,,920521667352253440,2025-26 Topps Finest Cedric Coward #11 Common RC Grizzlies
Low,2025 Joan Beringer #217,RAW,1,1.99,$3.00,Jul-09-26,,920521668853814272,2025-26 Topps Chrome JOAN BERINGER #267 Pulsar Refractor Minnesota Timberwolves
Low,2025 Joan Beringer #217,RAW,1,1.99,$3.00,Jul-09-26,,920521672284754944,2025-26 Topps Chrome JOAN BERINGER #267 Pulsar Refractor Minnesota Timberwolves
Low,2025 Giannis Antetokounmpo #MVP-3,RAW,1,4.0,$0.99,May-08-26,,920422565955485696,2025-26 Topps Chrome Giannis Antetokounmpo #137 Prism Refractor Milwaukee Bucks
Low,2025 Anthony Edwards #108,RAW,1,50.0,$2.50,Jun-19-26,,920422567616430080,2025 Panini NSCC VIP Gold Packs Anthony Edwards #25
Low,2025 Andrew Wiggins #77,RAW,1,5.0,$3.00,Jun-20-26,,920422568505622528,2024-25 Panini Mosaic Andrew Wiggins #175 Green Ice Mosaic Miami Heat
Low,2025 Noa Essengue #TC-NE,RAW,1,3.0,$3.00,Jun-16-26,,920422559345262592,2025-26 Topps Finest Noa Essengue #12 Common X-Fractor RC Bulls
Low,2025 Donovan Mitchell #TC-DM,RAW,1,2.0,$7.00,Apr-25-26,,920422559898910720,2025-26 Topps Chrome Donovan Mitchell #69 Negative Refractor Cavaliers
Low,2024 Terry McLaurin #99,RAW,1,1.49,$6.00,Jul-09-26,,912440175493542912,TERRY MCLAURIN 2024 Panini Prizm #289 Black and White Checker Commanders
Low,2024 Victor Wembanyama #6,RAW,1,1.59,$2.55,May-25-26,,911906215076173824,2024-25 Panini Revolution Victor Wembanyama #79 Spurs
Low,2024 Victor Wembanyama #99,RAW,1,2.0,$2.55,May-25-26,,911040635855022080,2024-25 Panini Revolution Victor Wembanyama #79 Spurs
Low,2024 Victor Wembanyama #10,RAW,1,1.99,$2.55,May-25-26,,911040631685883904,2024-25 Panini Revolution Victor Wembanyama #79 Spurs
Low,2024 Stephon Castle #17b,RAW,1,2.09,$14.25,Apr-21-26,vas,697075390,2024 Panini Donruss Optic Stephon Castle #254 Holo Prizm RC Rated Rookie
Low,2024 Luka Doncic #10,RAW,1,2.25,$2.25,Apr-15-26,vas,697075411,2024-25 Panini Prizm Deca Luka Doncic #5 Downtown Bound Mavericks
Low,2019 Kyle Tucker #43,RAW,1,3.79,$1.79,Jun-25-26,,697041677,2019 Bowman Kyle Tucker #ROYF-1 Rookie of the Year Favorites Houston Astros
Low,2019 Kyle Tucker #94,RAW,1,2.49,$1.79,Jun-25-26,TY-KC,697039468,2019 Bowman Kyle Tucker #ROYF-1 Rookie of the Year Favorites Houston Astros
Low,2025 Paul Skenes #18,RAW,1,6.95,$4.00,May-11-26,VAS,697038660,2025 Topps Cosmic Chrome PAUL SKENES #100 Pirates
Low,2024 Pete Crow-Armstrong #RI-4,RAW,1,10.99,$5.25,Jul-08-26,TY-KC,697038424,PETE CROW-ARMSTRONG 2024 Topps #89B2-5 1989 35th Anniversary Foil Cubs RC Rookie
Low,2024 Tony Gwynn #89ASR-TG,RAW,1,9.99,$8.00,Apr-28-26,TY-KC,697032065,2024 Topps Tony Gwynn #89ASR-TG 35th Anniversary All-Stars Relics Padres
Low,2024 Jackson Merrill #IA-JM,RAW,1,155.0,$7.00,Apr-28-26,WHT-MISC,697022135,2024 Bowman's Best Jackson Merrill #56 Aqua Lava Refractor 14/199 RC Padres
Low,2019 Kyle Tucker #70,RAW,1,1.99,$1.79,Jun-25-26,TY-KC,696983371,2019 Bowman Kyle Tucker #ROYF-1 Rookie of the Year Favorites Houston Astros
Low,2024 Jayden Daniels #FS-2,RAW,1,6.99,$1.99,Jul-03-26,VAS,696980101,2024 Topps Resurgence JAYDEN DANIELS #C-6 Conductors RC Commanders
Low,2025 Travis Bazzana #BP-131,RAW,1,1.99,$2.50,May-25-26,,696870797,2025 Bowman Draft TRAVIS BAZZANA #BDC-49 Chrome X-Fractor Guardians
Low,2024 Jackson Merrill #27,RAW,1,2.25,$7.00,Apr-28-26,,696870801,2024 Bowman's Best Jackson Merrill #56 Aqua Lava Refractor 14/199 RC Padres
Low,2024 Shohei Ohtani #SMLB-21,RAW,1,2.45,$3.80,Jul-04-26,,696870812,SHOHEI OHTANI 2024 Topps Now #16 /50 Dodgers Baseball MLB
Low,2025 Travis Bazzana #VIP-8,RAW,1,1.99,$2.50,May-25-26,,696870813,2025 Bowman Draft TRAVIS BAZZANA #BDC-49 Chrome X-Fractor Guardians
Low,2024 Jayden Daniels #,RAW,1,6.99,$1.99,Jul-03-26,,696870771,2024 Topps Resurgence JAYDEN DANIELS #C-6 Conductors RC Commanders
Low,2024 Terry McLaurin #,RAW,1,5.39,$6.00,Jul-09-26,,696870755,TERRY MCLAURIN 2024 Panini Prizm #289 Black and White Checker Commanders
Low,2025 David Festa #54,RAW,1,2.29,$3.50,May-13-26,,696870648,2025 Topps Now Road to Opening Day Minnesota Twins David Festa #OD-89 Twins
Low,2025 Elly De La Cruz #GH-28,RAW,1,2.29,$39.00,Jun-24-26,,696870660,2025 Topps Bob Ross: Joy of Baseball Elly De La Cruz #BT-13 Budding Talent /99
Low,2025 Paul Skenes #30,RAW,1,2.29,$4.00,May-11-26,,696870679,2025 Topps Cosmic Chrome PAUL SKENES #100 Pirates
Low,2024 Masyn Winn #61,RAW,1,14.39,$2.99,May-06-26,,696862760,2024 Topps Chrome Logofractor Masyn Winn #189 RC Cardinals
Low,2024 Jackson Holliday #PD-27,RAW,1,2.09,$3.25,Jul-02-26,,696860440,2024 Topps Update JACKSON HOLLIDAY #US97 Rainbow Foil Baltimore Orioles
Low,2024 Pete Crow-Armstrong #CSMLB-25,RAW,1,2.75,$5.25,Jul-08-26,,696860445,PETE CROW-ARMSTRONG 2024 Topps #89B2-5 1989 35th Anniversary Foil Cubs RC Rookie
Low,2025 Paul Skenes #SMLB-27,RAW,1,2.49,$4.00,May-11-26,,696860412,2025 Topps Cosmic Chrome PAUL SKENES #100 Pirates
Low,2024 Masyn Winn #480,RAW,1,2.09,$2.99,May-06-26,,696860418,2024 Topps Chrome Logofractor Masyn Winn #189 RC Cardinals
Low,2024 Jackson Holliday #BCP-47,RAW,1,2.29,$3.25,Jul-02-26,,696860422,2024 Topps Update JACKSON HOLLIDAY #US97 Rainbow Foil Baltimore Orioles
Low,2023 Aaron Judge #63,RAW,1,2.09,$13.00,May-10-26,,696860381,2025 Bowman's Best AARON JUDGE #P-23 Pixel Portraits Yankees
Low,2023 Aaron Judge #AW-1,RAW,1,2.49,$13.00,May-10-26,,696860382,2025 Bowman's Best AARON JUDGE #P-23 Pixel Portraits Yankees
Low,2023 Aaron Judge #59,RAW,1,2.09,$13.00,May-10-26,,696860383,2025 Bowman's Best AARON JUDGE #P-23 Pixel Portraits Yankees
Low,2023 Aaron Judge #NT-2,RAW,1,2.69,$13.00,May-10-26,,696860384,2025 Bowman's Best AARON JUDGE #P-23 Pixel Portraits Yankees
Low,2024 Junior Caminero #ROY-8,RAW,1,2.09,$1.74,Apr-27-26,,696860390,2024 Topps Junior Caminero #2T89C-63 35th Anniversary Chrome RC Rays
Low,2024 Junior Caminero #213,RAW,1,2.09,$1.74,Apr-27-26,,696860297,2024 Topps Junior Caminero #2T89C-63 35th Anniversary Chrome RC Rays
Low,2024 Junior Caminero #CSMLB-50,RAW,1,2.09,$1.74,Apr-27-26,,696860299,2024 Topps Junior Caminero #2T89C-63 35th Anniversary Chrome RC Rays
Low,2024 Junior Caminero #18,RAW,1,2.09,$1.74,Apr-27-26,,696860301,2024 Topps Junior Caminero #2T89C-63 35th Anniversary Chrome RC Rays
Low,2024 Junior Caminero #ROY-8,RAW,1,2.09,$1.74,Apr-27-26,,696860310,2024 Topps Junior Caminero #2T89C-63 35th Anniversary Chrome RC Rays
Low,2024 Junior Caminero #40,RAW,1,2.09,$1.74,Apr-27-26,,696860311,2024 Topps Junior Caminero #2T89C-63 35th Anniversary Chrome RC Rays
Low,2024 Junior Caminero #BAI-20,RAW,1,2.09,$1.74,Apr-27-26,,696860312,2024 Topps Junior Caminero #2T89C-63 35th Anniversary Chrome RC Rays
Low,2023 Junior Caminero #PE-2,RAW,1,2.09,$2.84,Jul-05-26,,696860313,2023 Leaf TRINITY JUNIOR CAMINERO #72 Tampa Bay Rays
Low,2024 Junior Caminero #CTC-13,RAW,1,2.09,$1.74,Apr-27-26,,696860314,2024 Topps Junior Caminero #2T89C-63 35th Anniversary Chrome RC Rays
Low,2024 Junior Caminero #267,RAW,1,2.09,$1.74,Apr-27-26,,696860315,2024 Topps Junior Caminero #2T89C-63 35th Anniversary Chrome RC Rays
Low,2024 Jackson Merrill #275,RAW,1,2.29,$7.00,Apr-28-26,,696860320,2024 Bowman's Best Jackson Merrill #56 Aqua Lava Refractor 14/199 RC Padres
Low,2024 Dylan Crews #601,RAW,1,4.99,$1.49,May-23-26,,696860330,2024 Bowman - Chrome Dylan Crews #BDC-125 (RC) Nationals
Low,2024 Junior Caminero #89CB-15,RAW,1,2.19,$1.74,Apr-27-26,,696860276,2024 Topps Junior Caminero #2T89C-63 35th Anniversary Chrome RC Rays
Low,2024 Jackson Merrill #ASG-49,RAW,1,2.09,$7.00,Apr-28-26,,696860282,2024 Bowman's Best Jackson Merrill #56 Aqua Lava Refractor 14/199 RC Padres
Low,2020 Yordan Alvarez #25,RAW,1,2.09,$2.09,Jun-24-26,,696860261,Yordan Alvarez 2020 Bowman #ROYF-YA Chrome Rookie of the Year Favorites Astros
Low,2024 Stephon Castle #75,RAW,1,2.0,$14.25,Apr-21-26,,692570131,2024 Panini Donruss Optic Stephon Castle #254 Holo Prizm RC Rated Rookie
Low,2024 Victor Wembanyama #73,RAW,1,2.0,$2.55,May-25-26,,692391035,2024-25 Panini Revolution Victor Wembanyama #79 Spurs
Low,2024 Jayden Daniels #52,RAW,1,8.99,$1.99,Jul-03-26,,690173215,2024 Topps Resurgence JAYDEN DANIELS #C-6 Conductors RC Commanders
Low,2024 Victor Wembanyama #288,RAW,1,2.0,$2.55,May-25-26,,686654342,2024-25 Panini Revolution Victor Wembanyama #79 Spurs
Low,2025 Aaron Judge #300,RAW,1,2.29,$13.00,May-10-26,,686165175,2025 Bowman's Best AARON JUDGE #P-23 Pixel Portraits Yankees
